SP_ID,DESCRIPTION,NAME,INCONSISTENCYTYPE,ISAPPROVED,INCONSISTENCYSTATUS,SEVERITY,SP_DRAWINGID,SP_ITEM1ID,SP_ITEM2ID,OPC_TAG1,OPC_TAG2,ITEMTAG1,ITEMTAG2,ITEMTYPENAME1,ITEMTYPENAME2,SP_PLANTGROUPID
2C7D998246CE6ACB6872D55D3F357499,Pipe Line T O(null) Is Not = Pipe Line T O(10),PipeLineTO=PipeLineTO,1,1,1,8,0DD2D6C442A8BB36EBC2C20897C58C6B,EF8369BE3A95D9296C23CC6CD98D0E13,8F9B82D2BBD54D8DE13A17F560B7ADE6,,,"2""-SW-U100-1422-B2","4""-N2-U100-6370-B2",PipeRun,PipeRun,096059B5100DF4E1C33DE2437345E3F0
B9BDF14294F032E6172D5A34B20C2587,Nominal Diameter(P) Is Not = Nominal Diameter(N),NominalDiameter=NominalDiameter,1,1,1,5,B2E7EDD61174E8763991D6244E7B0DC9,A8BA5E3AF0FDFCD7CCBADBB9C63D5B85,9F7A9E24874AAEEFFC8F79AB53AEDBC0,,,"8""-FG-U110-8104-B2","2""-SW-U110-4822-B2",PipeRun,PipeRun,64BAF0523BD0EBA2719E81173A0AA56D
34F3BAC1C9FC09C16A18A50F6657B398,The connect point is unattached.,,2,1,1,5,E1DDA8ADB089448852586F3BD32EF577,87B31C43644D4675269D2CB42AE076AD,,,,,,PipingComp,,FEBE2715D378C22F880205573EA4893C
C7C41DA8AEF8AA3826105F54BA6676F5,Tag Sequence No(10) Is Not = Tag Sequence No(null),TagSequenceNo=TagSequenceNo,1,1,1,5,3530C7D7C93B98CF4F3E307F3A02F38C,4703C370E9332B209C27A23788C9626E,0168F1D50A66537863B673CDD3EE21C0,,,"4""-N2-U100-7811-A1","8""-N2-U100-6337-B2",PipeRun,PipeRun,096059B5100DF4E1C33DE2437345E3F0
5922D01052BCEA139E7277398124F751,The connector endpoint is unattached,,5,1,1,5,847D084D485D5E3CE9902FBADAE8F101,85571E545E0664C16DAC17A5988B2594,,,,"2""-P-U100-4790-B2",,PipeRun,,096059B5100DF4E1C33DE2437345E3F0
06B900CAE1E9B17D06934BC2A3626A90,Pipe Line F R O M(null) Is Not = Pipe Line F R O M(10),PipeLineFROM=PipeLineFROM,1,1,1,5,1414C58300B531C882559B0BBC7E71CE,B6C630BA92842B89B0577A3D208B8424,AB114F7664CD918122095F994E369DB7,,,"4""-SW-U120-3568-C1",U120-TT-9820,PipeRun,Instrument,C00FC3A0FFB871F69522C7C9D3CA4128
1B5F4CF541197F14351EC7527797B02E,Insul Purpose(null) Is Not = Insul Purpose(10),InsulPurpose=InsulPurpose,1,1,1,5,3772B49BB519765241F4612A98859AFD,8F92312C807DEBF33320B4EA283FE3C0,581BB7BF59891D23D3D19D7ED6D4B4B4,,,"2""-FG-U110-3172-A1","3""-P-U110-8144-C1",PipeRun,PipeRun,64BAF0523BD0EBA2719E81173A0AA56D
CDF7795CDEDBFA807C727CC566F67447,Nominal Diameter(20) Is Not = Nominal Diameter(25),NominalDiameter=NominalDiameter,1,1,1,5,48ED1B18D83678C5AE1D0C63E17E0D06,897598C236659702635DB25D9BB637AC,EA1C30888CE47189C7B96ED4A3060AA4,,,"4""-FG-U130-2047-A1","4""-P-U130-5273-A1",PipeRun,PipeRun,A6E500CA1BC9D6D1043E4F2EE6CC6F78
3BE2EE2022F0F05EB231C475CB933219,Pressure(null) Is Not = Pressure(10),ProcessDesign.Min.Pressure=ProcessDesign.Min.Pressure,1,1,1,5,F26EA8DCAC4FF2ADCAF98D70A22BDE36,043D63B322A62AF66B6E8A7D6C82FD7C,B60958839A41F50E8873E2CD8B517852,,,"2""-SW-U100-3015-C1","4""-N2-U100-6739-C1",PipeRun,PipeRun,096059B5100DF4E1C33DE2437345E3F0
84841356CC1E833D3934AF327DC18556,Tag Sequence No(10) Is Not = Tag Sequence No(null),TagSequenceNo=TagSequenceNo,1,1,1,5,83E64D40A7A72B1B18B15C75E0806435,606CA4CB13B038834842861473ED199C,FA02AB203BEB535C2EE2867EC9F0A47E,,,"4""-SW-U100-2956-C1","6""-FG-U100-5121-B2",PipeRun,PipeRun,096059B5100DF4E1C33DE2437345E3F0
5E5DD05D0F442F1D7FEF9FCD060FC041,The connect point is unattached.,,2,1,1,8,BC1EB0F397920DFACFB05C10740478BB,44BB3827C4FEAF42B157D2F5AA9BC3EE,,,,,,PipingComp,,D9F0C3193820468A97BD76260565103A
05430CBFD60F9BC45060F38197E85594,Piping Materials Class(null) Is Not = Piping Materials Class(10),PipingMaterialsClass=PipingMaterialsClass,1,1,1,5,09B849AEED982B62E9F3EE29EDEEC671,BED188A30F1C2D9B35F568AE23165D28,4C919A6A5B8F64182ACCF2FC34CF0814,,,"8""-P-U100-4234-C1","3""-SW-U100-2844-A1",PipeRun,PipeRun,096059B5100DF4E1C33DE2437345E3F0
E87B2A4C744F1FA0E73EAF90DE861C82,Nominal Diameter(20) Is Not = Nominal Diameter(25),NominalDiameter=NominalDiameter,1,1,1,5,F2DE2AE17F901C2864FF84814A155A7C,A5249788F8142A648543B71E757F6694,026CDBE7F5FA5629A2AB5EDCFED5EB39,,,"4""-N2-U110-3069-B2","3""-N2-U110-7179-C1",PipeRun,PipeRun,64BAF0523BD0EBA2719E81173A0AA56D
9E66BE03BFB59BF5B1B2FE6E8E0CDDE4,W B S N O(20) Is Not = W B S N O(25),WBSNO=WBSNO,1,1,1,4,AD20A92D054433ABB0EE40B5E810936C,00071DA371E000457FBE50B3EDA95434,154E33C7EBE15BE48E1F211A7B07F2EF,,,"8""-FG-U100-1622-B2",,PipeRun,PipingComp,096059B5100DF4E1C33DE2437345E3F0
90AEA968F389C4440A6DAA7420685DF3,The connector endpoint is unattached,,5,1,1,5,C0EAD0A4B486FE93E092B0A4C66FE67A,CE2E199F2767F6236BDEFAC3562E60CB,,,,"2""-CW-U120-8709-C1",,PipeRun,,C00FC3A0FFB871F69522C7C9D3CA4128
D33E3FEF0077B55B2284433562DCB2BE,Oper Fluid Code(A) Is Not = Oper Fluid Code(B),OperFluidCode=OperFluidCode,1,1,1,8,216C0C87DC569318B5C4DD82C39DC932,0E83CCB35C06F22360F22ACD58076288,3228DDF402B7406C9D4BF7E642ADAE31,,,"3""-SW-U110-9739-B2",,PipeRun,PipingComp,64BAF0523BD0EBA2719E81173A0AA56D
AE86D4C3A831886D65D3D40225597C11,Fluid System(20) Is Not = Fluid System(25),FluidSystem=FluidSystem,1,1,1,5,33E233D68C42D2657953DB0EEF26D073,B84A2AC5B695B554F85A9C6A4F2B909D,98E9F0D8CA16D0240AB5E28C66640D1D,,,"2""-CW-U170-2719-C1","4""-SW-U170-7376-B2",PipeRun,PipeRun,FEBE2715D378C22F880205573EA4893C
9FD49B77CF9398208F4D7B7B9020A570,The connect point is unattached.,,2,1,1,5,84881B6622C0E556382A2344B0D1A60A,4AE6D7381B97013753B7F754FB06E6EC,,,,,,PipingComp,,C00FC3A0FFB871F69522C7C9D3CA4128
624D4C072A761DF8A2119C22274E062B,Temperature(null) Is Not = Temperature(1001),ProcessOperating.Min.Temperature=ProcessOperating.Min.Temperature,1,1,1,5,51629E19B54AE62FCF3CDDC55AE9712C,EBDEF89B089339B9115F58345744A76F,6569C3E168001B0E526048A66FDF69EB,,,"6""-FG-U110-8864-C1",N17,PipeRun,Nozzle,64BAF0523BD0EBA2719E81173A0AA56D
D745D3EC68E07D27CB4FDC4BA0DAB5E9,Cannot evaluate consistency,,6,1,1,5,398D2861A687D2248F8B7B269AB3F869,E285A5582C6E368189D8B309B89146E9,,,,,,PipingComp,,096059B5100DF4E1C33DE2437345E3F0
D3B7A26A709F0AC3C1501037D7606216,The connect point is unattached.,,2,1,1,5,389D1D5CB5F8E22FCF57588453D88427,459B5B094A494CD47581513BDABD8666,,,,,,PipingComp,,096059B5100DF4E1C33DE2437345E3F0
8E16368D08EC7D4215B4E83F0D6CCA57,The connect point is unattached.,,2,1,1,5,3772B49BB519765241F4612A98859AFD,B16DB7114D1597EF9429C5369A8021CB,,,,,,PipingComp,,64BAF0523BD0EBA2719E81173A0AA56D
4B68747230AC177087337F695A321F71,Pressure(null) Is Not = Pressure(10),ProcessDesign.Max.Pressure=ProcessDesign.Max.Pressure,1,1,1,5,5ACE2C5C7EC6D11D7B085151841A3EA9,DEF0210F7E1E6E44FFD5C833A29347E6,AF3FC7310E27F9B99AA6A69A48DD631C,,,"3""-CW-U100-5346-B2","8""-SW-U100-8087-B2",PipeRun,PipeRun,096059B5100DF4E1C33DE2437345E3F0
1ABB2CE6905840A4F531BDCC4F47C6F0,Tag Sequence No(P) Is Not = Tag Sequence No(N),TagSequenceNo=TagSequenceNo,1,1,1,5,F1EF04D39DED40036AFAFD422CCD20FA,9771DAEC9583CB4A96D7BA9AF5AACD8C,947D63E03CB3D0CCE4404FD12A88F48B,,,"4""-N2-U140-6710-C1",,PipeRun,PipingComp,D9F0C3193820468A97BD76260565103A
C2B0799CA2BD901E092EC2CD99CD6208,Oper Fluid Code(A) Is Not = Oper Fluid Code(B),OperFluidCode=OperFluidCode,1,1,1,5,D1D4A07CB2978F5446D09E8263F0A8F5,133A08D1AD8AE54E68E3496C542C2282,9A3B2F74C51B83F0CEE9138AF39E2DBB,,,"4""-N2-U110-6243-B2","8""-FG-U110-3381-A1",PipeRun,PipeRun,64BAF0523BD0EBA2719E81173A0AA56D
05D543921E9C20A4A7453696CD5753D5,Tag Sequence No(10) Is Not = Tag Sequence No(null),TagSequenceNo=TagSequenceNo,1,1,1,5,8D9EA7A943C4B5E2EABAF8FD0FA8E4D0,3801974950433309E08C7778C773CF03,6BC847013D05C89298331786330250C9,,,"8""-CW-U100-9952-B2",,PipeRun,PipingComp,096059B5100DF4E1C33DE2437345E3F0
8E9280472D40F022578F89BBA605CB51,The connect point is unattached.,,2,1,1,5,FCBF8FEA7A21695AAEDD995555D7C788,7578D56FC184D7BFF189E268F605CE71,,,,,,PipingComp,,64BAF0523BD0EBA2719E81173A0AA56D
4FA045695C51C73383A78D475ED62F39,Tag Sequence No(10) Is Not = Tag Sequence No(null),TagSequenceNo=TagSequenceNo,1,1,1,6,C393C5CDE02B4F8045042EE065265D02,9360503A25F9C5E0127F5FFE15BC8035,D38579D2B4C6989062CFEAD1DA1D267E,,,U120-PT-6550,"3""-P-U120-1614-C1",Instrument,PipeRun,C00FC3A0FFB871F69522C7C9D3CA4128
1945FF15F3E100D3AF7CC37A20CFBA7B,The connect point is unattached.,,2,1,1,5,7D71DEDB49CC172EDC86477D5C65FF76,EFC77A7F82A77BFDFC1DCF029EC1E2B9,,,,,,PipingComp,,096059B5100DF4E1C33DE2437345E3F0
3A5FBAD4E8C191C770D151F53D10C25B,The connect point is unattached.,,2,1,1,5,3772B49BB519765241F4612A98859AFD,FDFAA03566B2501AE7EAAA35847A6128,,,,,,PipingComp,,64BAF0523BD0EBA2719E81173A0AA56D
425256CF7AF39BB300E1DFD70D8AEE57,Stream No(10) Is Not = Stream No(null),StreamNo=StreamNo,1,2,1,5,0513CF21984165B8C06AAF0261AFC036,E4FC3C5FD0DEAC073F0CCED234C5B035,C2CA30AC8DC449717D809EC1B79BC7BF,,,U100-TT-9549,"2""-FG-U100-2770-B2",Instrument,PipeRun,096059B5100DF4E1C33DE2437345E3F0
BA728AAC5BD746037C61429F62AE3893,The connect point is unattached.,,2,1,1,5,B4B5465F032446E39CAF2FC0618AB582,CE0300D3DA2B1BF566D6973A2FDD689A,,,,,,PipingComp,,64BAF0523BD0EBA2719E81173A0AA56D
51693F424F6707DE48C1BAD0BE03F7F7,The connect point is unattached.,,2,1,1,5,96764103A71113E956028571BCD8CC15,5A1D94CE6CE86682FEF856615F621788,,,,,,PipingComp,,64BAF0523BD0EBA2719E81173A0AA56D
CEB91820C9F02320EFF257A424EBF536,Nominal Diameter(P) Is Not = Nominal Diameter(N),PipingPoint1.NominalDiameter=NominalDiameter,1,1,1,5,A31D08ECA435F7F0C91AE9A1FB1D53A9,37FF5E3C55EE4F424516678E5B5EB2BA,ECB5399AAEAA24A49BC9DB826C6C6456,,,"4""-SW-U100-7021-C1",,PipeRun,PipingComp,096059B5100DF4E1C33DE2437345E3F0
2F5EBD1142321A7475984C2DBBF4B55D,Pipe Line F R O M(20) Is Not = Pipe Line F R O M(25),PipeLineFROM=PipeLineFROM,1,1,1,7,9980A0541A8FFBA17D024466F71C66B6,8FFE4ACF3F76B5EFF8E913410401E985,C037846CBB0F8DE58F5DF47C3699D018,,,U130-FT-9720,"8""-P-U130-8906-C1",Instrument,PipeRun,A6E500CA1BC9D6D1043E4F2EE6CC6F78
E13CF658A6FE6EB05F82468F098AB8F0,Insul Purpose(P) Is Not = Insul Purpose(N),InsulPurpose=InsulPurpose,1,1,1,5,398D2861A687D2248F8B7B269AB3F869,287FCE0E7ECE9434074DFB7DF9CA93EA,7BD76503FBC36D7855D090D663DC0D71,,,,,PipingComp,PipingComp,096059B5100DF4E1C33DE2437345E3F0
9ED5D13B05DD7839307E22408997CC2C,Piping Materials Class(null) Is Not = Piping Materials Class(10),PipingMaterialsClass=PipingMaterialsClass,1,1,1,5,AD30B5093008D7E1C969D33AAA9529CF,1F2927FAED065223FA16227023ED07FD,71EBD6B6418199ECB91F625C16546B6A,,,U110-PT-3386,"2""-P-U110-8714-A1",Instrument,PipeRun,64BAF0523BD0EBA2719E81173A0AA56D
7F9E5B27D0504A109FD0D0563A0DCF2C,The connect point is unattached.,,2,1,1,5,24EDF061651069DC69A1E7A74FA9680E,77B545C5E8E35B0BD149BBD598D650D7,,,,,,PipingComp,,C00FC3A0FFB871F69522C7C9D3CA4128
3D69F573CA1A9CD8F67FD55FDEAF6EDB,Insul Purpose(10) Is Not = Insul Purpose(null),InsulPurpose=InsulPurpose,1,1,1,5,216C0C87DC569318B5C4DD82C39DC932,6C969B094BAC01B452812555DCC2EAAD,A74FA5820307503737857AEFF2C1B10E,,,N7,,Nozzle,PipingComp,64BAF0523BD0EBA2719E81173A0AA56D
AD7770C80DC1812C5336E5E93B138772,Cannot evaluate consistency,,6,1,1,5,934DEBBD764EEE932EEB1036A99D497D,626741E1E977A5142751010268B683BF,,,,,,PipingComp,,FEBE2715D378C22F880205573EA4893C
50873DD803F46B544F3FDC874C5462F6,Nominal Diameter(null) Is Not = Nominal Diameter(1001),NominalDiameter=NominalDiameter,1,2,1,4,FC14EF1DD2710425786CCE66BFF4081A,F1FF3E4A4642D0D267C89985FC65A896,1625E50BE26A84DECE83C043B04BDC02,,,"3""-N2-U120-8103-A1","3""-FG-U120-9960-B2",PipeRun,PipeRun,C00FC3A0FFB871F69522C7C9D3CA4128
5538C3F4EFA3E91D6C9F665BEFD2FD2E,Piping Materials Class(P) Is Not = Piping Materials Class(N),PipingMaterialsClass=PipingMaterialsClass,1,2,1,5,E15256FAA45EC091B655987D74573B3E,B81EB7B1345189A50AE86C9A7DFE72E5,1E1E750F0DD63E7228543374A7DEAB6B,,,"3""-SW-U110-2760-A1","6""-N2-U110-6881-C1",PipeRun,PipeRun,64BAF0523BD0EBA2719E81173A0AA56D
90EB32B456130B1D3EDD6BA1C98DA9A7,Insul Purpose(A) Is Not = Insul Purpose(B),InsulPurpose=InsulPurpose,1,1,1,6,C2DF5D56839629AFC8F152541A0C3236,A5BF5C02C6989E6E2B04672AA4BEFDF1,9DCDF94DAD51EB95D609214AD597ADD2,,,U120-LT-8552,U120-PT-6667,Instrument,Instrument,C00FC3A0FFB871F69522C7C9D3CA4128
944F37E1CBC598AF77D9272E1E369FB5,The connector endpoint is unattached,,5,1,1,5,5ACE2C5C7EC6D11D7B085151841A3EA9,8C17C61BD7DB3E3F52390F43F6B768CB,,,,U100-SIG-2782,,SignalRun,,096059B5100DF4E1C33DE2437345E3F0
DAF3ED087ED5346400DCD87E9728671D,Piping Materials Class(null) Is Not = Piping Materials Class(10),PipingMaterialsClass=PipingMaterialsClass,1,1,1,5,D7D41486D44896D32017AE359A727D6D,6B3B347F7F0F07CCA17A949E285D1C28,55D041C52EBD1E83D84FA467C73161C0,,,"2""-P-U110-3200-B2","3""-SW-U110-2505-B2",PipeRun,PipeRun,64BAF0523BD0EBA2719E81173A0AA56D
2BE8691B8ED9DA244DC05A0868C00E2F,Temperature(null) Is Not = Temperature(10),ProcessDesign.Max.Temperature=ProcessDesign.Max.Temperature,1,2,1,4,01E6B904BDBA8DCE3D67DD9CBDB2626E,38FB218B7AD5B9550375929F5A33D481,C37CC218419FE2F614B81002F8BD97D5,,,"4""-N2-U180-3510-A1",,PipeRun,PipingComp,416E154110ACCEDA4EB45835BCDF4E10
BAC09BEABE6ADB2F821C1B0F1B35610A,The connect point is unattached.,,2,1,1,5,2B3958935C502A5BD6014003ADE8BF45,C3C5CB0FCB0413F3A7873B6F9286CAC9,,,,,,PipingComp,,096059B5100DF4E1C33DE2437345E3F0
810BD26FD34C3AE156EA30FDA6CBD057,Tag Sequence No(20) Is Not = Tag Sequence No(25),TagSequenceNo=TagSequenceNo,1,1,1,8,F1EF04D39DED40036AFAFD422CCD20FA,8CD3C9079D687E746610F9D7AEBECDD3,F1C5A04DE246A249D8329DFBCD270FFA,,,U140-FT-1430,N6,Instrument,Nozzle,D9F0C3193820468A97BD76260565103A
1B1A56DAFE2BB4BD911A3CE6562A2429,The connect point is unattached.,,2,1,1,5,216C0C87DC569318B5C4DD82C39DC932,B3BD6D69F86B2A0E139DC99CD910F52C,,,,,,PipingComp,,64BAF0523BD0EBA2719E81173A0AA56D
903243A85D503B05899E11BC1E136219,H Trace Reqmt(P) Is Not = H Trace Reqmt(N),HTraceReqmt=HTraceReqmt,1,1,1,5,0DD2D6C442A8BB36EBC2C20897C58C6B,94E3E84B48B60269D00EEAF13C79194C,9CB0F889DDD106BB0654E0CA42278EFC,,,"4""-CW-U100-1837-C1","4""-P-U100-5364-B2",PipeRun,PipeRun,096059B5100DF4E1C33DE2437345E3F0
0D62BB9DC839D1DE672FA516A206199A,Nominal Diameter(10) Is Not = Nominal Diameter(null),NominalDiameter=NominalDiameter,1,1,1,5,FC14EF1DD2710425786CCE66BFF4081A,F7A5BE96B91A1B46A24281EB86CAE606,6AB4EF815F097F2D002604EF9BC3826E,,,U120-FT-1582,"8""-P-U120-8650-A1",Instrument,PipeRun,C00FC3A0FFB871F69522C7C9D3CA4128
263055030B2742904F614511BEFB995C,The connect point is unattached.,,2,1,1,5,09B849AEED982B62E9F3EE29EDEEC671,8C77F2DDD209891E957408FAF8FE5797,,,,,,PipingComp,,096059B5100DF4E1C33DE2437345E3F0
70BD93592EE3745971961412D309877D,Nominal Diameter(20) Is Not = Nominal Diameter(25),NominalDiameter=PipingPoint1.NominalDiameter,1,1,1,5,0392DEA5879E192324B03DD24ABE0A4B,1A74175ED37E7B2CB59BF9BE6D291327,C1F14BB15AE2214328444A7E2EDACBCF,,,"8""-SW-U100-3745-C1",,PipeRun,PipingComp,096059B5100DF4E1C33DE2437345E3F0
FEB55D5D1E2D3A9E237751DA56F0A8FF,Insul Purpose(A) Is Not = Insul Purpose(B),InsulPurpose=InsulPurpose,1,1,1,5,7A2DA80AC82E10C52551B5650E18A057,01AAB806E593017D0A801031BFA96ABC,10C8BB002AFA97802F74F0A10D2D25C7,,,"6""-SW-U110-7774-A1","8""-CW-U110-8227-A1",PipeRun,PipeRun,64BAF0523BD0EBA2719E81173A0AA56D
5D73664C5A05FAB4EB3244F3F870E124,Tag Sequence No(P) Is Not = Tag Sequence No(N),TagSequenceNo=TagSequenceNo,1,1,1,4,C75DC22605917A4D32B3DA9F3C48A796,3AE932C89EE5FE2F7E8798ADC5236485,56BDB080F7684154E221FE85B8A3FD7C,,,"2""-P-U110-8669-B2","3""-SW-U110-2217-C1",PipeRun,PipeRun,64BAF0523BD0EBA2719E81173A0AA56D
B3D4DEE363D798F9809C32B487D3868D,The connector endpoint is unattached,,5,1,1,5,A17A0CA8D98B9DE1644AE4F152B59223,263AB7221509AB44D4D362F40707DBBC,,,,U140-SIG-3878,,SignalRun,,D9F0C3193820468A97BD76260565103A
87DB3B0DA522ACB074AA864BED1779B1,Pipe Line T O(20) Is Not = Pipe Line T O(25),PipeLineTO=PipeLineTO,1,1,1,4,AED5A2B3BDE999F4FBD39B4768585C9B,A4F2FCB16580063F0F8C71DB4F541695,3ECE614E0DBFD5817AC4E12E6F6A2942,,,,"8""-P-U100-6027-A1",PipingComp,PipeRun,096059B5100DF4E1C33DE2437345E3F0
28B2C540EEFDC0EECAAD8FB4CC4DB5A7,The connect point is unattached.,,2,1,1,5,5A76E455880BFA67A447D0C1E2BABA28,346F8FFABDA3EFE937A99EBCCFE259C1,,,,,,PipingComp,,64BAF0523BD0EBA2719E81173A0AA56D
C921B44CC5E17AF2E61DA6448CE324C7,The connector endpoint is unattached,,5,1,1,8,D39E239F866C2881A2B4A48AEE92B227,C640C007F06D84154CB999E6B5B99391,,,,"4""-CW-U110-9641-B2",,PipeRun,,64BAF0523BD0EBA2719E81173A0AA56D
96B2D49EFAFACCEE884788530AB8EAAB,Inconsistent flow direction,InlineComp.FlowDirectionFlowDirection,3,1,1,5,0EA95E3C2BE73E517C3ECAE068D39A87,1243E4F2779479496707ED9E7857E6C4,B99A710CF08147572ECED072819774F2,,,"6""-SW-U110-1082-A1",,PipeRun,PipingComp,64BAF0523BD0EBA2719E81173A0AA56D
5C1CAE8F3D2C0CD7AF3CFCC421414003,Pipe Line F R O M(10) Is Not = Pipe Line F R O M(null),PipeLineFROM=PipeLineFROM,1,1,1,6,9980A0541A8FFBA17D024466F71C66B6,C5CE9C9EFF2824CE780E2D736F2493F7,0726E7E1BE52EAB084C5E144416B702E,,,,"6""-SW-U130-5110-B2",PipingComp,PipeRun,A6E500CA1BC9D6D1043E4F2EE6CC6F78
B6F6AF98E556BB17592154430D89044D,Tag Sequence No(10) Is Not = Tag Sequence No(null),TagSequenceNo=TagSequenceNo,1,1,1,5,79F1A8C9EBEDDCDF31BB2517FD95FBB1,A8888BFC05EF15207D64E67D93DA24B5,654EF2EE9B396553E75F2D7BC708C98C,,,"8""-SW-U100-4402-B2","8""-N2-U100-9895-C1",PipeRun,PipeRun,096059B5100DF4E1C33DE2437345E3F0
8F85CE45C622D61133B30CDFBB9A0CFF,Fluid System(P) Is Not = Fluid System(N),FluidSystem=FluidSystem,1,1,1,5,2B3958935C502A5BD6014003ADE8BF45,0FB90E6DE27F1391EDE316EE9D206960,ED678781D6DA7CCEE0F61C188A7BB401,,,"3""-N2-U100-5920-C1","6""-N2-U100-3048-C1",PipeRun,PipeRun,096059B5100DF4E1C33DE2437345E3F0
D6F14A5A16AEE5F0EFF920ABE5846CAB,The connect point is unattached.,,2,1,1,5,51629E19B54AE62FCF3CDDC55AE9712C,95B673D93AA316468458E6BEE09091B8,,,,,,PipingComp,,64BAF0523BD0EBA2719E81173A0AA56D
6B80647B1AA9AA3A3A327BF2398AC663,Nominal Diameter(null) Is Not = Nominal Diameter(1001),PipingPoint1.NominalDiameter=NominalDiameter,1,1,1,5,0E469E9DB82FD84C0313BAE4FE949FA2,3232CD4D29E31551CFC6DBA60FC8825C,DA6CB7F912D467AC320BB131DEF33418,,,"2""-CW-U140-1477-A1","6""-SW-U140-3864-B2",PipeRun,PipeRun,D9F0C3193820468A97BD76260565103A
DE17F832919EA7EC4664D7F7135E9786,Tag Sequence No(A) Is Not = Tag Sequence No(B),TagSequenceNo=TagSequenceNo,1,1,1,5,56ED0E2A32F2B6A131C77E86DE15A5CF,7392BA9A6C7EDA2FEA747DA8D0A55416,F0F822C0B64B6AB0B588BE2635C30D2B,,,"6""-P-U110-4561-B2",U110-P-6685,PipeRun,Mechanical,64BAF0523BD0EBA2719E81173A0AA56D
3AD3D8636FE6BB914AC7775B8A51D65C,The connect point is unattached.,,2,1,1,5,79F1A8C9EBEDDCDF31BB2517FD95FBB1,5464910A33DA492B1CB10801E385F744,,,,,,PipingComp,,096059B5100DF4E1C33DE2437345E3F0
DB758A5BFC2D87DCD2C15B67188DC22C,Insul Purpose(A) Is Not = Insul Purpose(B),InsulPurpose=InsulPurpose,1,1,1,6,A17A0CA8D98B9DE1644AE4F152B59223,C0473103D7A5DAF22927593899F31671,45161C87CF043961EFD04387BD492089,,,"4""-CW-U140-2418-A1","6""-P-U140-8264-C1",PipeRun,PipeRun,D9F0C3193820468A97BD76260565103A
126770DB80D533A2CD0E6023C6241E90,Piping Materials Class(A) Is Not = Piping Materials Class(B),PipingMaterialsClass=PipingMaterialsClass,1,1,1,5,05E86AF50F66717F55FA31AA8FF77031,D4806B1BAEF56EE3B6CAB750CAE67C94,16A8D078DCCF5FB9E9560B0C681201D9,,,"3""-N2-U110-7678-C1","4""-SW-U110-2125-C1",PipeRun,PipeRun,64BAF0523BD0EBA2719E81173A0AA56D
169BC9DE542AAD59A051D42CD2BAF033,The connector endpoint is unattached,,5,2,1,4,EC292D560DA82ACD6C847FF28CA7BFD2,49AF646171903ADA11DB1F94EEFE3456,,,,"4""-N2-U170-6038-A1",,PipeRun,,FEBE2715D378C22F880205573EA4893C
2B11D26465A08C1B709064EA728F3FEE,Cannot evaluate consistency,,6,2,1,4,83E64D40A7A72B1B18B15C75E0806435,5E449453283941BE82388C8F8D826C5D,,,,"6""-FG-U100-5753-A1",,PipeRun,,096059B5100DF4E1C33DE2437345E3F0
2549B983DC6C5E392EE5B72045CEFC5A,Tag Sequence No(20) Is Not = Tag Sequence No(25),TagSequenceNo=TagSequenceNo,1,1,1,5,EB84C3ED6C98463BEE12F30D0B9F43DF,C41857F3B233657AD4341E21F0DC518E,2BE41F84950DC0132AC32DE0B1EB8013,,,"2""-FG-U100-7165-B2","8""-FG-U100-8420-C1",PipeRun,PipeRun,096059B5100DF4E1C33DE2437345E3F0
754A146F0FDAD30316FD0F860F5FBF83,Oper Fluid Code(A) Is Not = Oper Fluid Code(B),OperFluidCode=OperFluidCode,1,1,1,5,F2DE2AE17F901C2864FF84814A155A7C,EF3E405B40FD7BBC7AF7729A042FB923,59269B507616575C6990C15A91827661,,,U110-SIG-6901,,SignalRun,PipingComp,64BAF0523BD0EBA2719E81173A0AA56D
13EE985254113EFF794AA74699FC1593,The connect point is unattached.,,2,1,1,5,C654EAD9FBA277BBD42EE858E7F60070,6496434C805E00DA4FB65A2A8A0E3045,,,,,,PipingComp,,D9F0C3193820468A97BD76260565103A
EBBC30619753F31AF4D86C08E7E93082,Tag Sequence No(A) Is Not = Tag Sequence No(B),TagSequenceNo=TagSequenceNo,1,1,1,5,91EEA5772E67B7E9C5C69716C5642BEA,6338BB5B8143EB935008500B800C83C8,1B7C1290C155E220535AC0CD057F6E66,,,N7,,Nozzle,PipingComp,096059B5100DF4E1C33DE2437345E3F0
BD4E17D15BD61C03A4A459BD8D7D62D8,W B S N O(A) Is Not = W B S N O(B),WBSNO=WBSNO,1,1,1,6,FC14EF1DD2710425786CCE66BFF4081A,34C382B10F32D217517BE9A522D4F793,941152743ECBE2826059ACFD926A5D4F,,,,"8""-P-U120-9456-B2",PipingComp,PipeRun,C00FC3A0FFB871F69522C7C9D3CA4128
37445C558D5103ECD552E67A4A7E9B97,The connector endpoint is unattached,,5,1,1,5,C2DF5D56839629AFC8F152541A0C3236,46205B04DF4266001F65068DAC116F95,,,,"8""-N2-U120-2176-A1",,PipeRun,,C00FC3A0FFB871F69522C7C9D3CA4128
5D26614820029001D9EA0802B46C482D,Temperature(null) Is Not = Temperature(10),ProcessDesign.Max.Temperature=ProcessDesign.Max.Temperature,1,1,1,5,802EAA99A3004FC950D9B1E348DBF83A,3DE0393CE19E9D9E5971B29E34DA4603,7B975FD6B334BD971FA5201878923D59,,,N7,"6""-FG-U120-1836-A1",Nozzle,PipeRun,C00FC3A0FFB871F69522C7C9D3CA4128
5272B6FFBBA461C65966789A9BCA9BE1,Tag Sequence No(20) Is Not = Tag Sequence No(25),TagSequenceNo=TagSequenceNo,1,2,1,6,C488662F969F34058A82ECE077975BE5,23A57F20CC5BB06B8C29A702038ECA4C,F573662DC21E334F0F31B3430804019C,,,"6""-N2-U100-7759-C1","2""-FG-U100-3407-A1",PipeRun,PipeRun,096059B5100DF4E1C33DE2437345E3F0
483745A71313E6C7F4C60F3D0D4EBDFA,Oper Fluid Code(null) Is Not = Oper Fluid Code(10),OperFluidCode=OperFluidCode,1,2,1,5,7E57DDE07CD80FA372A80C0659F4615D,2E97851A2E6818028B4D5816033D5923,10506E3B98C7F79862E9D564F6C55752,,,"4""-P-U100-3608-A1","6""-N2-U100-4167-A1",PipeRun,PipeRun,096059B5100DF4E1C33DE2437345E3F0
350054FFEA8C554AE64051EAF832B7D7,Stream No(null) Is Not = Stream No(10),StreamNo=StreamNo,1,1,1,5,216C0C87DC569318B5C4DD82C39DC932,2CBF21AEAB8EC82F31799418389263F9,9ECCF17D734F22AADAA52333B2E296AA,,,"2""-FG-U110-5196-C1","8""-P-U110-2822-C1",PipeRun,PipeRun,64BAF0523BD0EBA2719E81173A0AA56D
D6D9F39A0EAD6213984688A34459CDE8,Pipe Line T O(null) Is Not = Pipe Line T O(10),PipeLineTO=PipeLineTO,1,1,1,4,84881B6622C0E556382A2344B0D1A60A,E5C5C84097F5E37AA1AFA5987DB2F829,77BB36E04D5D8D1D0F8C04935267766C,,,"6""-FG-U120-2960-C1","4""-CW-U120-8715-A1",PipeRun,PipeRun,C00FC3A0FFB871F69522C7C9D3CA4128
61D0B579EDF3F1D6772B4EA947862B41,Nominal Diameter(20) Is Not = Nominal Diameter(25),NominalDiameter=NominalDiameter,1,1,1,5,DCDA1BE450F5E80C3409718F053DD006,F954C31E49DA4CE3C4D07EBF68829450,9781E2F3F1E73F3203CE11CCF45BF838,,,"8""-FG-U100-1806-A1",U100-V-5522,PipeRun,Vessel,096059B5100DF4E1C33DE2437345E3F0
FFC298F6BFFF0EDC9A6D392BF4D2C6F1,Piping Materials Class(null) Is Not = Piping Materials Class(1001),PipingMaterialsClass=PipingMaterialsClass,1,1,1,5,398D2861A687D2248F8B7B269AB3F869,47BA86163AFC52DD6F5AF1DD6D8CF658,3B2A56DD03CF86197F5C75389004A202,,,N7,U100-PT-6028,Nozzle,Instrument,096059B5100DF4E1C33DE2437345E3F0
ECD0F50EE7DBDEF052F26156961EA10D,Fluid System(null) Is Not = Fluid System(1001),FluidSystem=FluidSystem,1,1,1,5,8B085CA066E537966E96C4FA8A111B2A,1C4BEA4D8D04329CE79F5FE9F9AB562A,46705DA6A346368B14D61EC26E500540,,,"2""-FG-U110-1775-B2","3""-CW-U110-2475-C1",PipeRun,PipeRun,64BAF0523BD0EBA2719E81173A0AA56D
DFD913BFCC9DC019675814444C29C547,Temperature(null) Is Not = Temperature(10),ProcessDesign.Min.Temperature=ProcessDesign.Min.Temperature,1,1,1,6,FDE23B4165E28F0F5CCF76EA194FDFC1,053BD0DA28C984388F9333D61231F1AC,2DA8E7A44C6C013FF4B911823BB1A911,,,"8""-FG-U120-4307-C1","4""-N2-U120-9598-C1",PipeRun,PipeRun,C00FC3A0FFB871F69522C7C9D3CA4128
465212AA35CB800C0E07B83E45DF356D,The connector endpoint is unattached,,5,1,1,5,F2DE2AE17F901C2864FF84814A155A7C,CA8BBEDD9AE0B08C8EEF7BE419645B12,,,,"6""-CW-U110-4980-C1",,PipeRun,,64BAF0523BD0EBA2719E81173A0AA56D
0F41C6967C6C9385128697E0F5640422,The connector endpoint is unattached,,5,1,1,5,EC292D560DA82ACD6C847FF28CA7BFD2,4D8571CC20225818AF52ACBAA5087D05,,,,"6""-FG-U170-9642-A1",,PipeRun,,FEBE2715D378C22F880205573EA4893C
EB48995F5F3AD04B31336E916062051E,The connect point is unattached.,,2,1,1,4,F370DC56EA1934EF8CF54DCF2025926E,B39DDDAB9A7EEB7CD03B2D2B1F7375AE,,,,,,PipingComp,,096059B5100DF4E1C33DE2437345E3F0
C497199FE2C17C09D05E454ABFF6C397,Insul Purpose(null) Is Not = Insul Purpose(10),InsulPurpose=InsulPurpose,1,1,1,5,896875BBABFD351308237B9C75230C92,E35D0FC337578BBF87C88FBDF0C05270,16766E1C7CC0D22D5C1EDAB268742D59,,,"8""-SW-U130-4524-C1","4""-FG-U130-9023-C1",PipeRun,PipeRun,A6E500CA1BC9D6D1043E4F2EE6CC6F78
E6FDAA85B5A3EED7B851F254057E692D,Pipe Line F R O M(null) Is Not = Pipe Line F R O M(1001),PipeLineFROM=PipeLineFROM,1,1,1,6,278193BC545CB1E30C860219320DC6B9,1D17B5A0A5D885089CA90AB3A8C6A565,FEC045809B756A4AAC4855BAE520FD4D,,,U160-PT-2503,,Instrument,PipingComp,01D6B91D5D07C07D22E70FD0038D63D4
97704437CA1473E5C733157378E97280,The connector endpoint is unattached,,5,1,1,5,C2DF5D56839629AFC8F152541A0C3236,A5A6566657055D396CFA042F348BC820,,,,U120-SIG-9606,,SignalRun,,C00FC3A0FFB871F69522C7C9D3CA4128
4B0B53E90042EF5E7D7B703D9F286656,Temperature(20) Is Not = Temperature(25),ProcessDesign.Min.Temperature=ProcessDesign.Min.Temperature,1,1,1,8,79F1A8C9EBEDDCDF31BB2517FD95FBB1,587BF507D073539BDB4923E3A1F5C622,446CC9D3E1EB63EA9BBCBBE9B8545D9C,,,"3""-FG-U100-3121-C1",,PipeRun,PipingComp,096059B5100DF4E1C33DE2437345E3F0
EDA0CF4C083D11075395614029D9CB7B,The connector endpoint is unattached,,5,1,1,5,B207FB9B0DC46AB34E5ABE7C88AFB0DD,78BA2D18E572D82A0268B8B15F604992,,,,U120-SIG-3788,,SignalRun,,C00FC3A0FFB871F69522C7C9D3CA4128
EEF562C08FA647F74A19157E8D368751,Piping Materials Class(null) Is Not = Piping Materials Class(1001),PipingMaterialsClass=PipingMaterialsClass,1,1,1,5,D39E239F866C2881A2B4A48AEE92B227,597FF9A2F07D0C89A85A13E6F6A76EE9,16E35FEB512B168D88C18BBD41A473B2,,,"8""-CW-U110-2218-B2",,PipeRun,PipingComp,64BAF0523BD0EBA2719E81173A0AA56D
CAE6E3F53F202467EBAB72A00AEF508B,W B S N O(20) Is Not = W B S N O(25),WBSNO=WBSNO,1,1,1,5,7D71DEDB49CC172EDC86477D5C65FF76,ADEBD3ED8179DB24E8C6765DF28A3F2E,2AB33D350EDA0E3C6865A8EB4AD35E90,,,"6""-CW-U100-3553-A1","4""-N2-U100-1635-A1",PipeRun,PipeRun,096059B5100DF4E1C33DE2437345E3F0
7040C96486724F895A7271D93EFFBCB4,Fluid System(A) Is Not = Fluid System(B),FluidSystem=FluidSystem,1,2,1,5,F56C6C5546336B45BF46D41F257BA3AF,3611EAB0E7B741C49B9EE4074869F19B,2A41E571686830052F9653FBA34D9DCE,,,"6""-P-U190-7889-A1","6""-CW-U190-6007-B2",PipeRun,PipeRun,6D8BB49801DABF0F53249CDAD1D1A8C3
81B398F0937DC2737DD5B0B99621D250,Fluid System(null) Is Not = Fluid System(10),FluidSystem=FluidSystem,1,1,1,5,83E64D40A7A72B1B18B15C75E0806435,5E2B6F03B01B5B2CED3CD0DA26980D55,7740356CBB53C78D39B43F9736386F58,,,,"2""-P-U100-4377-B2",PipingComp,PipeRun,096059B5100DF4E1C33DE2437345E3F0
D77095FC5CA1B85EEDD7AFDA24564937,Piping Materials Class(P) Is Not = Piping Materials Class(N),PipingMaterialsClass=PipingMaterialsClass,1,1,1,5,88CF47B80E7B23F78DB45AEAF7014E6D,73A7D571B8463975E4F67F39F495EFB5,57BE4B70D73D429538F01B3899D4C2BD,,,"2""-P-U100-5011-A1",N15,PipeRun,Nozzle,096059B5100DF4E1C33DE2437345E3F0
704BB560BFDFEFA5491834E038BF9679,Pressure(A) Is Not = Pressure(B),ProcessDesign.Max.Pressure=ProcessDesign.Max.Pressure,1,1,1,5,1414C58300B531C882559B0BBC7E71CE,77C1A63C832E3850D2B728631D3FAF34,7CE157A24D019EDA036C1953F3A8DEEE,,,N16,"8""-SW-U120-3838-A1",Nozzle,PipeRun,C00FC3A0FFB871F69522C7C9D3CA4128
EF1C720F97DAD6A3DE559CA8C83FFE5F,Tag Sequence No(P) Is Not = Tag Sequence No(N),TagSequenceNo=TagSequenceNo,1,1,1,7,AD30B5093008D7E1C969D33AAA9529CF,39E69A9625796492F92F07B41E99973F,6A9C8DB6BECF10CD53A67976C05D79DA,,,"2""-N2-U110-6403-B2",U110-TT-7797,PipeRun,Instrument,64BAF0523BD0EBA2719E81173A0AA56D
B1440701A1E3785E30EC6EA82F683B31,The connect point is unattached.,,2,1,1,5,FD17C4EE856A5A9FC879CF837029BC67,CC0FDC9212DA91EA63B90ED01D9BCEE4,,,,,,PipingComp,,64BAF0523BD0EBA2719E81173A0AA56D
A73D789845F222A6673577042C1FFBCA,Temperature(null) Is Not = Temperature(1001),ProcessDesign.Min.Temperature=ProcessDesign.Min.Temperature,1,1,1,6,B895CE1C3B8F71B260A922BB8629A63D,4B902625EB502C310E75D7B8ABAC95EF,A02CA57DF4E19B01872D778F5CEFCB75,,,"6""-CW-U190-7663-C1","8""-P-U190-3784-C1",PipeRun,PipeRun,6D8BB49801DABF0F53249CDAD1D1A8C3
E394CE46054EE3F5E25CF6E49CA8121B,Oper Fluid Code(null) Is Not = Oper Fluid Code(1001),OperFluidCode=OperFluidCode,1,1,1,5,7D71DEDB49CC172EDC86477D5C65FF76,73104AFDBE521C10E74E456938AF26F8,ECF1D46385FF0EA36D244792890763FD,,,U100-TT-6081,"2""-FG-U100-3535-A1",Instrument,PipeRun,096059B5100DF4E1C33DE2437345E3F0
8F462FE2CB3AAF321C33D6A084B828BC,Temperature(20) Is Not = Temperature(25),ProcessDesign.Min.Temperature=ProcessDesign.Min.Temperature,1,2,1,7,278193BC545CB1E30C860219320DC6B9,662635FCF860F8EC3BF5B685BFC1FFC0,35C157E201D30D59D9AFC458C97F869A,,,"2""-N2-U160-6977-A1",N18,PipeRun,Nozzle,01D6B91D5D07C07D22E70FD0038D63D4
FAD92DB419C8F2A860B0B67B7806E24D,The connector endpoint is unattached,,5,1,1,5,3772B49BB519765241F4612A98859AFD,37B8AB7227DFBA12189B0979BC93DF0D,,,,"2""-N2-U110-6125-C1",,PipeRun,,64BAF0523BD0EBA2719E81173A0AA56D
2A35482A4E5255DED660718AFCE0D872,Nominal Diameter(20) Is Not = Nominal Diameter(25),NominalDiameter=NominalDiameter,1,1,1,5,F12F76029BAACE8FDD84CE7B4517354C,94F8F0ECA9C1887DD0C5E0A44193D45E,42B029696DB3E266B685C3533171CD94,,,"6""-CW-U100-6971-C1","8""-CW-U100-8710-B2",PipeRun,PipeRun,096059B5100DF4E1C33DE2437345E3F0
7B7812E84DE9308D348A9ADB02637622,Tag Sequence No(P) Is Not = Tag Sequence No(N),TagSequenceNo=TagSequenceNo,1,1,1,5,33E233D68C42D2657953DB0EEF26D073,43FEA1E8E449C2B35896A2295BCADFC8,AC5150D403211FDD14FA85C21A3A31C2,,,"8""-N2-U170-4494-C1","8""-FG-U170-7432-A1",PipeRun,PipeRun,FEBE2715D378C22F880205573EA4893C
535632AE1CC6BA8F9883C2E9C4488AEC,Pipe Line T O(A) Is Not = Pipe Line T O(B),PipeLineTO=PipeLineTO,1,1,1,5,FC14EF1DD2710425786CCE66BFF4081A,FDEC3EDE52C14295951125019BC18803,A4C41547B8607CB3AB5FF965A7BDB5E2,,,"4""-CW-U120-3769-A1",U120-PT-6995,PipeRun,Instrument,C00FC3A0FFB871F69522C7C9D3CA4128
354770366FC06492F832B434D7FED553,Pipe Line F R O M(A) Is Not = Pipe Line F R O M(B),PipeLineFROM=PipeLineFROM,1,1,1,5,83E64D40A7A72B1B18B15C75E0806435,5A40986A1FA3E3C9199E1BB28CA5C6E8,4D4CE82CB81297838F6DF274DE2C8117,,,"4""-FG-U100-2726-A1",U100-P-2774,PipeRun,Mechanical,096059B5100DF4E1C33DE2437345E3F0
CAE695527ADD4184B97DCD1E9C88F9CB,Nominal Diameter(P) Is Not = Nominal Diameter(N),NominalDiameter=PipingPoint1.NominalDiameter,1,1,1,5,3A476B6438F1402ED1D87A6E25E76E99,7694D81366A41C90C6D8F012788A9AB3,6B59CCD25DAA0A91A0063C22DC8EDD26,,,"4""-CW-U150-2781-A1","2""-P-U150-7027-B2",PipeRun,PipeRun,01DE7FEE8D4CBFB143281F4BD48C69EC
984017CA2D8FFB01DCA58FBA86D0E3FD,Nominal Diameter(null) Is Not = Nominal Diameter(10),PipingPoint1.NominalDiameter=NominalDiameter,1,1,1,6,C393C5CDE02B4F8045042EE065265D02,11CAC9F218D8DCA8AEA68845800041FD,C67BB91E8415D49AE6888379A2739C28,,,U120-SIG-2900,U120-P-1288,SignalRun,Mechanical,C00FC3A0FFB871F69522C7C9D3CA4128
5E16467F5A11F665CEAA411591BB1EAC,Fluid System(P) Is Not = Fluid System(N),FluidSystem=FluidSystem,1,1,1,8,CEB62D4CAAAF04F8A4912A5C1E201C48,939A89939B33583F7718B9470CC4BDF6,8AE704A0BBE7B4366903D946288F4EFB,,,U100-TT-7143,"3""-CW-U100-2865-A1",Instrument,PipeRun,096059B5100DF4E1C33DE2437345E3F0
FCAF11B335E7D0A479BD165DA154F780,Pipe Line T O(20) Is Not = Pipe Line T O(25),PipeLineTO=PipeLineTO,1,1,1,8,48ED1B18D83678C5AE1D0C63E17E0D06,A579EF4C291660D586FF1BD53324126B,2A13D0C67C77A3BAD3B2F92E9FBD9B68,,,"6""-N2-U130-8602-A1","2""-FG-U130-5736-B2",PipeRun,PipeRun,A6E500CA1BC9D6D1043E4F2EE6CC6F78
47E7D38BDB2E58482C6DB8F0E47762ED,Stream No(10) Is Not = Stream No(null),StreamNo=StreamNo,1,1,1,5,802EAA99A3004FC950D9B1E348DBF83A,4C60E827B4F97FFCD648E0541DBC4033,6E7CCC755BAB8E2DCE42B90C81E75537,,,"6""-P-U120-6972-C1","2""-FG-U120-7767-B2",PipeRun,PipeRun,C00FC3A0FFB871F69522C7C9D3CA4128
86A9CC1AC1C03FBD041E1C8CFFBF3087,Piping Materials Class(P) Is Not = Piping Materials Class(N),PipingMaterialsClass=PipingMaterialsClass,1,1,1,5,6151546FAEC5D02EC2BD91CBFCE85343,58A1BD04F861E20742F3D6EF04805ED0,3E07D35F8463A4794162E483BF252F81,,,U100-SIG-7368,"6""-N2-U100-9909-A1",SignalRun,PipeRun,096059B5100DF4E1C33DE2437345E3F0
F5BBDB92E2F0AAE5D59360C4C1945C23,The connect point is unattached.,,2,1,1,5,FCBF8FEA7A21695AAEDD995555D7C788,A7B1482CD99C777557BEEF40F6B69C43,,,,,,PipingComp,,64BAF0523BD0EBA2719E81173A0AA56D
D6ED6AFFAFC8EB32496FE6198774F266,The connector endpoint is unattached,,5,2,1,5,DA57E31C9715D967BA31357F4D2C7501,A309CAAFFDE4A7572B06242201138B02,,,,U110-SIG-9837,,SignalRun,,64BAF0523BD0EBA2719E81173A0AA56D
4A96E3D939372ADF33A1F5BE98D77E21,Tag Sequence No(null) Is Not = Tag Sequence No(10),TagSequenceNo=TagSequenceNo,1,1,1,5,D72F391F0BC698D26CF8D8211F881843,D7ACEE7D67CE49F35B1FEEB8F1D5A26B,EBCF5F38650340DAA5121AAEC0E629BF,,,"8""-SW-U130-7368-B2","2""-N2-U130-6798-C1",PipeRun,PipeRun,A6E500CA1BC9D6D1043E4F2EE6CC6F78
44551841B895D496EDC05F6268AF39D9,The connect point is unattached.,,2,1,1,5,3772B49BB519765241F4612A98859AFD,E670FFD041C365B59431D1A5EBE3D7D7,,,,,,PipingComp,,64BAF0523BD0EBA2719E81173A0AA56D
6A90CD9B20F36109F160C048B89EA862,Insul Purpose(P) Is Not = Insul Purpose(N),InsulPurpose=InsulPurpose,1,1,1,6,CDD400CD096C474D65570ECB7DF03B90,5362AFC3055E6290528EABF05E50CCC2,E6CDB036AB6A13142E8E269CB35462C6,,,"2""-P-U110-9155-A1","8""-SW-U110-1425-C1",PipeRun,PipeRun,64BAF0523BD0EBA2719E81173A0AA56D
67E66875D8A381983E5888AB7B3D5AD2,The connect point is unattached.,,2,2,1,5,A9058D04C51DCEE9A160B1C6F5571F86,48FFE4E6BD7AAAB14C7A8314F45A04F1,,,,,,PipingComp,,096059B5100DF4E1C33DE2437345E3F0
2D26CDBDBBCC68A1A0F383DE5ADF252F,W B S N O(20) Is Not = W B S N O(25),WBSNO=WBSNO,1,1,1,5,0FF93C9F25A86D9862D3AE3A051BECA4,58A7A44B8C214813BD72A933AAB11081,F552E9C105991A65C9254E2596EAF3D1,,,"8""-SW-U110-3372-B2",,PipeRun,PipingComp,64BAF0523BD0EBA2719E81173A0AA56D
DA9D12F9AE83661028FD275FCA52D9A8,Temperature(null) Is Not = Temperature(10),ProcessDesign.Min.Temperature=ProcessDesign.Min.Temperature,1,1,1,6,398D2861A687D2248F8B7B269AB3F869,15CFCD0FBD7D3590A3E1CCCE03445CED,459388D20D9CE67C46238C1F412B099C,,,U100-TT-5365,,Instrument,PipingComp,096059B5100DF4E1C33DE2437345E3F0
F288B1FC3745D41EB07E03AEDD4C0CD3,Nominal Diameter(P) Is Not = Nominal Diameter(N),PipingPoint1.NominalDiameter=NominalDiameter,1,2,1,5,6158E2B61D526CDCEF4BE5A4E1BADB5C,6462CADE30803DBA8A0AA96F91AC35F2,FF7B6516D45234AD2EAA22F14DA0572A,,,"6""-N2-U110-2851-B2","8""-CW-U110-8334-A1",PipeRun,PipeRun,64BAF0523BD0EBA2719E81173A0AA56D
4874A04289CF262EAE0FECB0480F8327,The connect point is unattached.,,2,1,1,5,1E496BD689A5F1E481C9FC401574DA2D,D039EC061AB024068FF816534CA4D665,,,,,,PipingComp,,A6E500CA1BC9D6D1043E4F2EE6CC6F78
93608E4FDBC90A32FE7DA45564DF9B1A,Tag Sequence No(P) Is Not = Tag Sequence No(N),TagSequenceNo=TagSequenceNo,1,1,1,5,36D77441C22A97EC2FC6EDD0162AB160,3D7153314994CDE47BFB4B39DB784D34,13EFD828B61CF4F8F5D5F0B3D3689BA2,,,"2""-CW-U110-8626-C1","2""-CW-U110-4088-C1",PipeRun,PipeRun,64BAF0523BD0EBA2719E81173A0AA56D
AC94889AEE9BF92CA4B689A1DD54385E,The connector endpoint is unattached,,5,1,1,5,216C0C87DC569318B5C4DD82C39DC932,65B1AC2AB8A1B057FFFC705C61E50179,,,,"3""-SW-U110-7127-A1",,PipeRun,,64BAF0523BD0EBA2719E81173A0AA56D
90E38F3EC17455FBDB2E4A3944B9065D,Inconsistent flow direction,FlowDirectionFlowDirection,3,2,1,4,4F55DA160C9B368A1736DBC18AF6BE90,404AF14353D1CF44219FFC24151DB938,7308B09F4AFF0EFB1AF80359F676943D,,,"3""-N2-U100-9207-A1",,PipeRun,PipingComp,096059B5100DF4E1C33DE2437345E3F0
A4DB278B9221FD91BFB952A92689408D,Piping Materials Class(null) Is Not = Piping Materials Class(1001),PipingMaterialsClass=PipingMaterialsClass,1,1,1,5,8D9EA7A943C4B5E2EABAF8FD0FA8E4D0,727F751F28E10AFB0B1ED7D3B88E6AA5,84F2F4E0CFBC3237BDEC4C37932B7287,,,U100-SIG-5238,,SignalRun,PipingComp,096059B5100DF4E1C33DE2437345E3F0
23605D4C50B7F8933BE6CB6DA8D45F84,Cannot evaluate consistency,,6,1,1,8,09B849AEED982B62E9F3EE29EDEEC671,13E974F96A956CF21368A345FCAFE389,,,,"2""-SW-U100-7730-B2",,PipeRun,,096059B5100DF4E1C33DE2437345E3F0
0C0E2EFF8EA13D0AAA0B8AA0B4ACA6A5,Oper Fluid Code(null) Is Not = Oper Fluid Code(1001),OperFluidCode=OperFluidCode,1,1,1,7,3527AD6A10D975ABB83E11A13953CC6A,8D806D6BBF5D2EA6FADA6F22040FE5A3,71A7ADA95A0631D34E6C9DE779F0D039,,,,"4""-P-U100-9543-B2",PipingComp,PipeRun,096059B5100DF4E1C33DE2437345E3F0
33C9B560E61CD3A80C159CFF010C05C8,The connector endpoint is unattached,,5,1,1,5,48ED1B18D83678C5AE1D0C63E17E0D06,7BA96C70CD1E4E35D02C2C3C42073DC1,,,,U130-SIG-8020,,SignalRun,,A6E500CA1BC9D6D1043E4F2EE6CC6F78
1EE59EB1E61FFB42EF2F86A95583CAC2,Fluid Code(null) Is Not = Fluid Code(10),FluidCode=OperFluidCode,1,1,1,5,E1DDA8ADB089448852586F3BD32EF577,5DE9BEC960557AA94742497EA9009CA9,E8E8B1C71B99C6B065A96D1D99AD4458,,,U170-LT-6056,U170-FT-2058,Instrument,Instrument,FEBE2715D378C22F880205573EA4893C
6D2B20C7BDDDB2C52583E10C91EEDBA7,Insul Purpose(null) Is Not = Insul Purpose(1001),InsulPurpose=InsulPurpose,1,1,1,5,6B3A0DA91E99604DA5AD2D88D84CC2A6,B1B6D7AEA72741014D158EA4B5C69B5F,210353C7ABACB4D1215BC9809A2278A2,,,"4""-SW-U130-1968-C1",,PipeRun,PipingComp,A6E500CA1BC9D6D1043E4F2EE6CC6F78
AF85484B63B57AEA30868626BB1E793E,Oper Fluid Code(null) Is Not = Oper Fluid Code(10),OperFluidCode=FluidCode,1,1,1,4,CDD400CD096C474D65570ECB7DF03B90,0E0D025F35BE3CFC90AC04CF3D8C5F3B,5E7167C06BDF842A5865AFC2BBD1DBDA,,,"8""-FG-U110-6986-B2",,PipeRun,PipingComp,64BAF0523BD0EBA2719E81173A0AA56D
11A9AC6479A024DED43AFC27AF8E8971,H Trace Medium(10) Is Not = H Trace Medium(null),HTraceMedium=HTraceMedium,1,2,1,5,7E57DDE07CD80FA372A80C0659F4615D,05B2E18581B9FD36112DE27736305DC1,8599EC8EC0E6ABAA2378BC331B206D76,,,"4""-P-U100-4512-C1",U100-V-6639,PipeRun,Vessel,096059B5100DF4E1C33DE2437345E3F0
6B51FC05CA55B84289FD2CBB3B1954BB,Tag Sequence No(P) Is Not = Tag Sequence No(N),TagSequenceNo=TagSequenceNo,1,1,1,5,0FF93C9F25A86D9862D3AE3A051BECA4,C78BE67B74970EA45F3F8EFF5ECCA8A7,7C8686793BCA0DC5CAD2D3F1CA97B9A6,,,"6""-SW-U110-7789-C1",,PipeRun,PipingComp,64BAF0523BD0EBA2719E81173A0AA56D
AE6CFB819A988604EFD884499A6FEDD2,Piping Materials Class(null) Is Not = Piping Materials Class(10),PipingMaterialsClass=PipingMaterialsClass,1,1,1,5,F26EA8DCAC4FF2ADCAF98D70A22BDE36,4BAA9AFC0E6EB3395E22625C67778664,1057E674FCDEA2AAC2D205F0365B39CB,,,,"6""-FG-U100-1463-B2",PipingComp,PipeRun,096059B5100DF4E1C33DE2437345E3F0
6A5D7B99A77EE5779BEF377443B5628B,Supply By(10) Is Not = Supply By(null),SupplyBy=SupplyBy,1,1,1,5,0392DEA5879E192324B03DD24ABE0A4B,910477796010CFE8243EDC9F1B4139CA,39F21E6E876CF5414F25011650BAE08C,,,"2""-FG-U100-4730-A1","4""-N2-U100-6918-A1",PipeRun,PipeRun,096059B5100DF4E1C33DE2437345E3F0
A5B8420F4484EAF92FC3E32FA253D0DF,Piping Materials Class(null) Is Not = Piping Materials Class(1001),PipingMaterialsClass=PipingMaterialsClass,1,1,1,5,7A2DA80AC82E10C52551B5650E18A057,B799EBD21A2E8A0379957374868D2C40,7EE3246F9C681F0708E31DBBC91B895B,,,"6""-N2-U110-5576-B2","3""-CW-U110-2272-A1",PipeRun,PipeRun,64BAF0523BD0EBA2719E81173A0AA56D
E695811F1F4C11ECB3AB055E05349681,Stream No(P) Is Not = Stream No(N),StreamNo=StreamNo,1,1,1,5,4F55DA160C9B368A1736DBC18AF6BE90,35EA1369B0ADFD522070AD62C5FFE7BA,05A8A8DD01118D6C5BF5B02F857E803C,,,"6""-SW-U100-7016-C1","8""-P-U100-8274-B2",PipeRun,PipeRun,096059B5100DF4E1C33DE2437345E3F0
9DD8674C2502B0C73D7A94FBFFAEC975,Insul Purpose(null) Is Not = Insul Purpose(1001),InsulPurpose=InsulPurpose,1,1,1,5,56ED0E2A32F2B6A131C77E86DE15A5CF,E3BAA329ECC13E79C5517EEBACEA2634,F72B15262D76B003FF35786292EC9876,,,"6""-SW-U110-2967-B2","4""-FG-U110-9863-B2",PipeRun,PipeRun,64BAF0523BD0EBA2719E81173A0AA56D
11D6CBAB19B367F05F4A8FF37C88AAF9,The connector endpoint is unattached,,5,1,1,5,6151546FAEC5D02EC2BD91CBFCE85343,33BAF5AA81519CBB5480805212AFB8EB,,,,"3""-CW-U100-8257-C1",,PipeRun,,096059B5100DF4E1C33DE2437345E3F0
C71EC28DCCDE92AB30459381B97BB275,Tag Sequence No(10) Is Not = Tag Sequence No(null),TagSequenceNo=TagSequenceNo,1,1,1,5,2C40CF630AC632F98E96A0667C2F315B,B0F0C1327DBB308C5F76EE0C8915DBD9,1480F48CA215BAE981CF178627298208,,,"4""-FG-U110-9301-B2",,PipeRun,PipingComp,64BAF0523BD0EBA2719E81173A0AA56D
04D3268CDF575991667A50DD26867BA9,The connect point is unattached.,,2,1,1,5,802EAA99A3004FC950D9B1E348DBF83A,A28E871D89C9FCCD7B5AD9CBAAC254D5,,,,,,PipingComp,,C00FC3A0FFB871F69522C7C9D3CA4128
43D84B355E0652E1B6D0A8443E4BAF7D,The connect point is unattached.,,2,1,1,6,B4B5465F032446E39CAF2FC0618AB582,F81B07496A3BE34E7FF2EF995BB9E9DE,,,,,,PipingComp,,64BAF0523BD0EBA2719E81173A0AA56D
9BCDF794CD2F0C4E060389DA1F4E742C,The connector endpoint is unattached,,5,1,1,5,32D5A7A0F8CB998262622F5EC3B3B801,E5995B1E702A042C448795F6FD05E04A,,,,U100-SIG-4201,,SignalRun,,096059B5100DF4E1C33DE2437345E3F0
023596F7E9C386F264C271696C3BE0C1,The connect point is unattached.,,2,1,1,8,01E6B904BDBA8DCE3D67DD9CBDB2626E,FD40B828A7AA428248E3E3385A1CEB31,,,,,,PipingComp,,416E154110ACCEDA4EB45835BCDF4E10
BFB6CC1B4723E0F59589FB027D0C46D3,The connect point is unattached.,,2,1,1,6,D39E239F866C2881A2B4A48AEE92B227,733EA995D40174001DE35CBA3DEFF1E1,,,,,,PipingComp,,64BAF0523BD0EBA2719E81173A0AA56D
9129E6E31B80984AF318FE8024BF8D4B,The connector endpoint is unattached,,5,1,1,5,6291B69CCDBF5D0F638861CC79DA3744,B37A4153DBEA404580350644892084BA,,,,U100-SIG-5567,,SignalRun,,096059B5100DF4E1C33DE2437345E3F0
196D1DC29E1879650F299C7065E841DE,Tag Sequence No(null) Is Not = Tag Sequence No(1001),TagSequenceNo=TagSequenceNo,1,2,1,5,F56C6C5546336B45BF46D41F257BA3AF,E5E904AFD1A3DB49A764161C5C60B06F,A87AC996CB3513045EBCC02EC2155854,OPC-7353,,,"6""-FG-U190-3338-A1",,PipeRun,6D8BB49801DABF0F53249CDAD1D1A8C3
348BF5E6BC9E3A21E7CB7023C5F7B6B5,Tag Sequence No(null) Is Not = Tag Sequence No(1001),TagSequenceNo=TagSequenceNo,1,2,1,5,F56C6C5546336B45BF46D41F257BA3AF,C31756E71D6DE025AA6F2B8BF057F09E,181A9639FACFF9A6565A705E2E1E884A,,,"3""-N2-U190-1971-A1",N12,PipeRun,Nozzle,6D8BB49801DABF0F53249CDAD1D1A8C3
1F88835383DAC0A775A5008598CFADA8,Cannot evaluate consistency,,6,1,1,7,F2DE2AE17F901C2864FF84814A155A7C,F1880BB3A80180B17B16B5B315FBEF44,,,,"4""-FG-U110-1322-A1",,PipeRun,,64BAF0523BD0EBA2719E81173A0AA56D
9B7CC9372DEBF5181B09E1BED789C5EF,The connector endpoint is unattached,,5,2,1,5,6291B69CCDBF5D0F638861CC79DA3744,B4B2F74B0D999D5B8EA43694206AE30E,,,,"2""-FG-U100-8423-B2",,PipeRun,,096059B5100DF4E1C33DE2437345E3F0
C2BD1CE0FB1E17D69F7C134A67AAFE7C,Temperature(null) Is Not = Temperature(10),ProcessDesign.Max.Temperature=ProcessDesign.Max.Temperature,1,1,1,4,8D9EA7A943C4B5E2EABAF8FD0FA8E4D0,2054EE08A781393C7DD90B8A14332DDE,43B43424D025E956050DD5353FDE895C,,,U100-TT-9545,"3""-CW-U100-1789-B2",Instrument,PipeRun,096059B5100DF4E1C33DE2437345E3F0
F5A19135CE947D4D44E081AA72D84FEA,Pipe Line T O(null) Is Not = Pipe Line T O(10),PipeLineTO=PipeLineTO,1,1,1,5,8D9EA7A943C4B5E2EABAF8FD0FA8E4D0,59D7BC37ACB09970F2CBC6DC4C311C5B,79950AF2DAAC80796F79534699E848EB,,,"6""-FG-U100-5642-B2",,PipeRun,PipingComp,096059B5100DF4E1C33DE2437345E3F0
471F1CEDA4DEBB410799900D64937041,W B S N O(null) Is Not = W B S N O(1001),WBSNO=WBSNO,1,1,1,4,773270B8D0D799071653A7C5AD80D6C4,ADC4CB2D1CF180331B9D589106B84D7A,02E6E45D60600AF76463F1BE0F68AC4B,,,U100-TT-4116,"2""-N2-U100-9848-A1",Instrument,PipeRun,096059B5100DF4E1C33DE2437345E3F0
D60D9C31647C36EE70F005D3EE66C110,Nominal Diameter(A) Is Not = Nominal Diameter(B),NominalDiameter=NominalDiameter,1,1,1,5,FAE380D0DE2CC9D64848CFEA05B01425,01053B10A52AA16692F00AB6786D6E8F,85F60229DA0F00CFD26EF356FB45E3B5,,,"6""-FG-U110-5035-A1","8""-P-U110-7768-B2",PipeRun,PipeRun,64BAF0523BD0EBA2719E81173A0AA56D
2B7D7C984DC36C1A881B4E86858B1E42,Temperature(20) Is Not = Temperature(25),ProcessDesign.Max.Temperature=ProcessDesign.Max.Temperature,1,1,1,5,8D9EA7A943C4B5E2EABAF8FD0FA8E4D0,47FBB3B4073952252A56F560110E25E5,8D714C6EEC3BA34ED9B5D7D6B0424FA9,,,,,PipingComp,PipingComp,096059B5100DF4E1C33DE2437345E3F0
0206DE0A85011F1C98C665CA89AB2F8A,Nominal Diameter(10) Is Not = Nominal Diameter(null),PipingPoint1.NominalDiameter=NominalDiameter,1,2,1,5,9980A0541A8FFBA17D024466F71C66B6,C92E21D9F62553C13086E080CB16E826,A513C7CC704DC7F3966B593C57324AA8,,,U130-TT-6341,,Instrument,PipingComp,A6E500CA1BC9D6D1043E4F2EE6CC6F78
E9194C1F7C14471798BB8273E2E38328,The connector endpoint is unattached,,5,1,1,5,A9058D04C51DCEE9A160B1C6F5571F86,7B4C09798FE9EA27CF7D79FDD3A0DFCD,,,,"6""-CW-U100-9810-B2",,PipeRun,,096059B5100DF4E1C33DE2437345E3F0
88393F55506350D9C5E7B86507EE9CD4,The connect point is unattached.,,2,1,1,7,847D084D485D5E3CE9902FBADAE8F101,16CDE70D603FF74B9C30685411AA8EB2,,,,,,PipingComp,,096059B5100DF4E1C33DE2437345E3F0
53A2B128F858DDCECF10F57154C39854,The connector endpoint is unattached,,5,1,1,4,3772B49BB519765241F4612A98859AFD,DEA4593E9559A96340D0BBA3E151F842,,,,"2""-FG-U110-2956-C1",,PipeRun,,64BAF0523BD0EBA2719E81173A0AA56D
E75607B64ADD9E0F127520F6B3C77152,The connect point is unattached.,,2,2,1,8,FCBF8FEA7A21695AAEDD995555D7C788,BF3558E2D2E8FAEEDBEAA34DA7786C8D,,,,,,PipingComp,,64BAF0523BD0EBA2719E81173A0AA56D
031DA6F259CDB5FEA6BA30B283656ABE,Fluid System(P) Is Not = Fluid System(N),FluidSystem=FluidSystem,1,1,1,7,2BB50D1DBD2C9927FA72B10F09A4CEF2,3C0A058CD8A1AD56CDC215AF335BC1E3,DE57332DAB15F48A33CDAC06DB659A4D,,,"3""-CW-U110-9508-C1",,PipeRun,PipingComp,64BAF0523BD0EBA2719E81173A0AA56D
9402C5B9264F40C3484A216DAC14B8A9,The connector endpoint is unattached,,5,1,1,8,83E64D40A7A72B1B18B15C75E0806435,6066262286BA5810859C6229CD4F8727,,,,"4""-N2-U100-8344-A1",,PipeRun,,096059B5100DF4E1C33DE2437345E3F0
4A41698C572FE4C64D354127216ACA78,Cannot evaluate consistency,,6,1,1,5,AED5A2B3BDE999F4FBD39B4768585C9B,9C1429193BD0997B6EFA10D5A688DD97,,,,"4""-FG-U100-7305-B2",,PipeRun,,096059B5100DF4E1C33DE2437345E3F0
48F455BC08B6C4663FFB173E565F3DFF,Piping Materials Class(10) Is Not = Piping Materials Class(null),PipingMaterialsClass=PipingMaterialsClass,1,1,1,5,FC14EF1DD2710425786CCE66BFF4081A,64A8DAFF9FC5189A6C5CFC1FA94E51DF,C297E2EC6269CCFC38C27F62267DA1C1,,,U120-TT-9979,"4""-FG-U120-8188-C1",Instrument,PipeRun,C00FC3A0FFB871F69522C7C9D3CA4128
6B418236EC3530366583FA082A8FC3C9,Fluid System(P) Is Not = Fluid System(N),FluidSystem=FluidSystem,1,1,1,5,B895CE1C3B8F71B260A922BB8629A63D,10ACAA9C46DDD4AA5312AEC0EE5574C1,4ED18FD650DF1A71AAE0F8672DECA057,,,"4""-CW-U190-8513-B2","3""-P-U190-7376-B2",PipeRun,PipeRun,6D8BB49801DABF0F53249CDAD1D1A8C3
A9BDA65283CC03C6828E398B0C6EBFBF,The connector endpoint is unattached,,5,2,1,5,F8CAE444C3FB934DB7214A7B88D9F3C6,D9287188F3A880E734C48BD0C2846177,,,,"2""-N2-U160-4458-C1",,PipeRun,,01D6B91D5D07C07D22E70FD0038D63D4
3F69360A8030FE535E5F0A2E433E7C87,Stream No(A) Is Not = Stream No(B),StreamNo=StreamNo,1,2,1,5,836E6A85884EDA475926ABE1EE072B87,F4C0DA1B62CD9E0159C3AA4FC318DAA0,7D72462105BC688DB8334243DE567354,,,,"3""-P-U100-4553-B2",PipingComp,PipeRun,096059B5100DF4E1C33DE2437345E3F0
E5C84815206649541EA97710B8AA0C24,The connect point is unattached.,,2,1,1,5,FC14EF1DD2710425786CCE66BFF4081A,290B73A93F3ECC0D8D962481320D2827,,,,,,PipingComp,,C00FC3A0FFB871F69522C7C9D3CA4128
349B0FBEC11F692CC4829724718E13FD,Temperature(10) Is Not = Temperature(null),ProcessDesign.Max.Temperature=ProcessDesign.Max.Temperature,1,1,1,4,F12F76029BAACE8FDD84CE7B4517354C,F5BD92F182DB8D9F7463B422A03430D2,7C26DDC7EF00A3C7F827311A6B5FC0B5,,,"4""-FG-U100-3604-C1",,PipeRun,PipingComp,096059B5100DF4E1C33DE2437345E3F0
E0FAD4908150582ED4E07235696A1F69,Piping Materials Class(null) Is Not = Piping Materials Class(1001),PipingMaterialsClass=PipingMaterialsClass,1,1,1,5,934DEBBD764EEE932EEB1036A99D497D,99599F9A9BDD64F9D7408E1F07152954,5709C9297E984D7FE34D757E73CEA1CA,,,"6""-N2-U170-7993-C1","2""-N2-U170-8885-C1",PipeRun,PipeRun,FEBE2715D378C22F880205573EA4893C
880734315353E0F5FC05FCE8E9F2A60F,W B S N O(10) Is Not = W B S N O(null),WBSNO=WBSNO,1,1,1,5,D1D4A07CB2978F5446D09E8263F0A8F5,4DF52564DA749C238AA60C481C3CE7A6,1D563C4BA9A362BBD5EB84A4FD47A1AB,,,U110-SIG-3634,"4""-FG-U110-3230-C1",SignalRun,PipeRun,64BAF0523BD0EBA2719E81173A0AA56D
E60643F796D82DC97CB1B81754700E01,The connector endpoint is unattached,,5,1,1,5,F26EA8DCAC4FF2ADCAF98D70A22BDE36,70568B4ACEB71F3F2208FFE2CE4074A9,,,,U100-SIG-9982,,SignalRun,,096059B5100DF4E1C33DE2437345E3F0
A7C9BDB6EB5E23E5BFE6DD1797F660C1,Fluid System(10) Is Not = Fluid System(null),FluidSystem=FluidSystem,1,1,1,5,6158E2B61D526CDCEF4BE5A4E1BADB5C,5A0635050E6F04AAF7A596F63DAFD9C5,D62E07B012DFFE0E714337E84C7ADA39,,,,"4""-P-U110-4530-C1",PipingComp,PipeRun,64BAF0523BD0EBA2719E81173A0AA56D
E8474A9730CBB385D1A5AAD56D4FC899,S P_ Commissioning System(null) Is Not = S P_ Commissioning System(1001),SP_CommissioningSystem=SP_CommissioningSystem,1,2,1,5,2BB50D1DBD2C9927FA72B10F09A4CEF2,F261E946533F8A8A05BB75A3007AE401,D37DC346C371C52E47DE4318ED217B8F,,,,,PipingComp,PipingComp,64BAF0523BD0EBA2719E81173A0AA56D
80CD57FA6DE722FF3676D8E7E24109F3,Temperature(null) Is Not = Temperature(1001),ProcessDesign.Min.Temperature=ProcessDesign.Min.Temperature,1,1,1,5,D7D41486D44896D32017AE359A727D6D,EF918EDDCE1F07D5149F37088C952EA1,984AF6D6D32B1F355039FB207A3B7419,,,"6""-CW-U110-3204-B2","2""-N2-U110-3989-C1",PipeRun,PipeRun,64BAF0523BD0EBA2719E81173A0AA56D
A9F19C8695C2A5BA2368CF50BA108319,The connect point is unattached.,,2,1,1,5,A9058D04C51DCEE9A160B1C6F5571F86,8729866A7F3E0DE2C27BBB4252BE0B60,,,,,,PipingComp,,096059B5100DF4E1C33DE2437345E3F0
98719E03BF2449A8C611034B466D5071,The connector endpoint is unattached,,5,2,1,6,6158E2B61D526CDCEF4BE5A4E1BADB5C,204CF4D8EB8E0BA3A745CF56C27362E9,,,,"3""-SW-U110-5698-A1",,PipeRun,,64BAF0523BD0EBA2719E81173A0AA56D
5F85A4F961F70FE9FE89D887CA09FA62,S P_ Commissioning System(null) Is Not = S P_ Commissioning System(10),SP_CommissioningSystem=SP_CommissioningSystem,1,2,1,5,5ACE2C5C7EC6D11D7B085151841A3EA9,289E8CBAC25D20E916449BD4097AA5F2,6A8499CBF708BEB8F7701E4137374111,,,"8""-P-U100-7311-C1","3""-P-U100-8134-A1",PipeRun,PipeRun,096059B5100DF4E1C33DE2437345E3F0
B201751F2E57247E8FC471E80F80369E,Tag Sequence No(10) Is Not = Tag Sequence No(null),TagSequenceNo=TagSequenceNo,1,1,1,5,8849EB9162837E2E0BCCA9869C4F150E,F49EC06DD3826DD7815D23BCF2EFA67E,1876DD6844D7E2AFA8EAF426447C22DF,,,"3""-P-U100-7001-A1","2""-CW-U100-6767-C1",PipeRun,PipeRun,096059B5100DF4E1C33DE2437345E3F0
80E9A45968A4BA7F42D487D7988E1754,Nominal Diameter(10) Is Not = Nominal Diameter(null),NominalDiameter=PipingPoint1.NominalDiameter,1,1,1,5,0F189CC773B3B551169C36E904073502,6A3B030E15FF1986030B48F664CA2962,92730092CC118BF2F6254DCC301C56D8,,,"2""-P-U110-9890-C1","2""-SW-U110-2209-A1",PipeRun,PipeRun,64BAF0523BD0EBA2719E81173A0AA56D
FF4ABF09DC207DBE43F9300A06A56A91,Temperature(10) Is Not = Temperature(null),ProcessDesign.Max.Temperature=ProcessDesign.Max.Temperature,1,1,1,8,91EEA5772E67B7E9C5C69716C5642BEA,74887DF242AF6D6E922BF79B3081426C,43DC72FE37EFC1523C4E9D549DA10F52,,,N2,"3""-P-U100-2491-A1",Nozzle,PipeRun,096059B5100DF4E1C33DE2437345E3F0
3417A6175D3A3B370A268D1E4033E160,S P_ Commissioning System(null) Is Not = S P_ Commissioning System(1001),SP_CommissioningSystem=SP_CommissioningSystem,1,1,1,4,216C0C87DC569318B5C4DD82C39DC932,E5A988F225EB75BDD0FDDD709999F9DC,C525132F8CADA7F74D9629BF47F9AC8F,,,"4""-SW-U110-6340-C1",,PipeRun,PipingComp,64BAF0523BD0EBA2719E81173A0AA56D
292B23E765220FBB25C3D8C19CC85884,Fluid Code(A) Is Not = Fluid Code(B),FluidCode=OperFluidCode,1,1,1,5,8D9EA7A943C4B5E2EABAF8FD0FA8E4D0,240809BB5EEEB49045667AE51C31DDEA,63EB4032C84B160F413F9F1216623D5F,,,"4""-N2-U100-2466-B2",,PipeRun,PipingComp,096059B5100DF4E1C33DE2437345E3F0
5728DEE519151D35F4FCAF1E1585B869,Tag Sequence No(P) Is Not = Tag Sequence No(N),TagSequenceNo=TagSequenceNo,1,1,1,5,DECE41AFF321975732B0ECB8FD1DA38D,B9F82F60BAFABF2E542972990CC2A079,5310817B484DA65A5204E0E9C259404F,,,"2""-FG-U140-2635-C1","3""-P-U140-7272-A1",PipeRun,PipeRun,D9F0C3193820468A97BD76260565103A
1DF6A71251FEB512F242DFC1EBFF1620,Fluid System(10) Is Not = Fluid System(null),FluidSystem=FluidSystem,1,2,1,5,C393C5CDE02B4F8045042EE065265D02,8EA2F979AB1C08474C8D121DB97DC6AF,79920C900E0CCC783B740AC8ECECF39B,,,"6""-CW-U120-2603-A1","8""-FG-U120-3275-A1",PipeRun,PipeRun,C00FC3A0FFB871F69522C7C9D3CA4128
43BDB1C3C84F419E6F7E9F70D350EF3C,Insul Purpose(null) Is Not = Insul Purpose(10),InsulPurpose=InsulPurpose,1,1,1,7,278193BC545CB1E30C860219320DC6B9,EE8ABEFAC74F4CBB9ABEB2BCAA6B7503,B422062DE3F1EA52D5CD74E9CC0C4E48,,,U160-SIG-8379,N4,SignalRun,Nozzle,01D6B91D5D07C07D22E70FD0038D63D4
C55D992F3B871FCA0CB40885D595A485,Cannot evaluate consistency,,6,1,1,5,6151546FAEC5D02EC2BD91CBFCE85343,F0A8913AE669D275416B26108C2126E2,,,,"3""-P-U100-6921-C1",,PipeRun,,096059B5100DF4E1C33DE2437345E3F0
C43B097C6F975D415BAA6B01648CF6E0,Fluid System(null) Is Not = Fluid System(10),FluidSystem=FluidSystem,1,1,1,5,AED5A2B3BDE999F4FBD39B4768585C9B,99FC71D5FC97E3C0AF324A51C3F02D7C,378A4F5A31FC3C9D69294FC305BE46F5,,,"2""-P-U100-5316-C1","6""-N2-U100-6253-A1",PipeRun,PipeRun,096059B5100DF4E1C33DE2437345E3F0
AF1B8E9B231D707922C68651CA5F33EE,The connector endpoint is unattached,,5,1,1,5,F56C6C5546336B45BF46D41F257BA3AF,6C0DCF6FE95232D6BBA5CB133D713B61,,,,"2""-N2-U190-2651-C1",,PipeRun,,6D8BB49801DABF0F53249CDAD1D1A8C3
2D38EC68D1059EC51F8A575F92AF4F19,W B S N O(20) Is Not = W B S N O(25),WBSNO=WBSNO,1,1,1,6,3772B49BB519765241F4612A98859AFD,E66F4760F7FC0FDCA9AF77ACF0C6EE17,182304A0EA54DDA11F621392BD84195B,,,N16,"8""-CW-U110-1881-B2",Nozzle,PipeRun,64BAF0523BD0EBA2719E81173A0AA56D
C15157FE54F3984B2BA2A203B8B87493,Supply By(P) Is Not = Supply By(N),SupplyBy=SupplyBy,1,1,1,6,6291B69CCDBF5D0F638861CC79DA3744,361A492A4BCB7CBDB1054C6CB2B251FD,62214C32A0CAF5C75C92732970C9EEAA,,,N20,U100-P-2051,Nozzle,Mechanical,096059B5100DF4E1C33DE2437345E3F0
A8741D2AC155D229858E0F3264167FF8,The connector endpoint is unattached,,5,1,1,5,D0C901DDF31E7BEF10FE194B6901709E,18CE08B3E71B4EA5AC416D01F7BCFC27,,,,U100-SIG-8844,,SignalRun,,096059B5100DF4E1C33DE2437345E3F0
4176F6DF58BF7D6A6D2B5860D83F57BA,The connector endpoint is unattached,,5,2,1,4,C67509544B54D5060A7EAE7CBB1667B1,2E59F39C5CA5C1F32A2FF1AA5ACD2415,,,,U110-SIG-1503,,SignalRun,,64BAF0523BD0EBA2719E81173A0AA56D
764326CD5C760F0E868C86015BC7FF8C,The connector endpoint is unattached,,5,1,1,5,FC14EF1DD2710425786CCE66BFF4081A,BDFA141151BF0D31E4B23C969E9078B1,,,,"3""-FG-U120-6640-C1",,PipeRun,,C00FC3A0FFB871F69522C7C9D3CA4128
2E89D599981DA5726A568645B703B1CC,Tag Sequence No(10) Is Not = Tag Sequence No(null),TagSequenceNo=TagSequenceNo,1,2,1,7,09B849AEED982B62E9F3EE29EDEEC671,CA64E1CA18F7FA092F97F73EBD2BAE76,D6B8E1FE5F3B38941C8A21DEB1125EB8,,,"4""-CW-U100-1381-A1","4""-N2-U100-7279-A1",PipeRun,PipeRun,096059B5100DF4E1C33DE2437345E3F0
1F52FCBEEA0BC845AFAC43566F1FB81D,A G P_ Magnetic Particle Testing(null) Is Not = A G P_ Magnetic Particle Testing(10),AGP_MagneticParticleTesting=AGP_MagneticParticleTesting,1,1,1,5,2F388CF8AB68D2B7CFDF0C8F238F9834,B24FE3C33C5C63090E0FDA6867A966FC,72F42468B9B65EC7633DE922A6814484,,,"2""-N2-U100-4695-A1",N4,PipeRun,Nozzle,096059B5100DF4E1C33DE2437345E3F0
1009FA0897667ED2146C6852F51C2D38,Inconsistent flow direction,PipingPoint1.FlowDirectionFlowDirection,3,2,1,5,96764103A71113E956028571BCD8CC15,C6343095587F3FE63C3345F99AE8A68A,C3BD89FFA787306812E0CCF6CB82D5B6,,,"2""-N2-U110-1213-A1","2""-N2-U110-8850-A1",PipeRun,PipeRun,64BAF0523BD0EBA2719E81173A0AA56D
FB4DD33EC61FF985D499E98BD4D10773,Pressure(A) Is Not = Pressure(B),ProcessDesign.Max.Pressure=ProcessDesign.Max.Pressure,1,1,1,5,C393C5CDE02B4F8045042EE065265D02,F8CD094C02A638C87087417FA4590797,FBF51F7F9D79F5F7643F6D7A8DA7387C,,,"3""-N2-U120-1082-B2","2""-SW-U120-5392-A1",PipeRun,PipeRun,C00FC3A0FFB871F69522C7C9D3CA4128
A03ED196541FE99252CA863539563FC9,Tag Sequence No(A) Is Not = Tag Sequence No(B),TagSequenceNo=TagSequenceNo,1,1,1,8,289E25E4233EED9A2913FDF22C37FABF,B79A57E6CB8AE55AFFDFDF914BFA2F67,B9733D410E0F084693B82FF45E504ADB,,,,N9,PipingComp,Nozzle,C00FC3A0FFB871F69522C7C9D3CA4128
148137D2492812ABC53C3BB06D893707,Temperature(10) Is Not = Temperature(null),ProcessDesign.Min.Temperature=ProcessDesign.Min.Temperature,1,1,1,8,F2DE2AE17F901C2864FF84814A155A7C,9C8AD6ACE8C6423778D076DD1184445B,2AE57B5F94D7C1D8C10601A35DB88610,,,"2""-N2-U110-6890-C1","6""-FG-U110-5498-A1",PipeRun,PipeRun,64BAF0523BD0EBA2719E81173A0AA56D
DA0D5C4A1EDCB40CC43FA0A906B010FF,Nominal Diameter(null) Is Not = Nominal Diameter(10),PipingPoint1.NominalDiameter=NominalDiameter,1,1,1,5,0392DEA5879E192324B03DD24ABE0A4B,95ECED0D0C0D2F353094E1EB0C5475D2,479C55C21CA3942C2D1C42BE68C436DD,OPC-5058,,,"4""-P-U100-6303-C1",,PipeRun,096059B5100DF4E1C33DE2437345E3F0
3C8F3CA9E942F08D548969ECDE54EA0F,Insul Purpose(10) Is Not = Insul Purpose(null),InsulPurpose=InsulPurpose,1,1,1,5,216C0C87DC569318B5C4DD82C39DC932,90E70318AE8DF1AA55049D0C80473AE1,154831FAD3D65C06C8AA1C1420606365,,,"2""-N2-U110-6626-B2","3""-SW-U110-8293-B2",PipeRun,PipeRun,64BAF0523BD0EBA2719E81173A0AA56D
5EF5A00F4DA8FE1F7315CAAC433C9536,Oper Fluid Code(10) Is Not = Oper Fluid Code(null),OperFluidCode=OperFluidCode,1,1,1,5,EB84C3ED6C98463BEE12F30D0B9F43DF,DD38C3DD81DFA69FE715BDD24437F9B7,A18437823D6D92D5966CB63952620068,,,"2""-P-U100-5454-A1","2""-N2-U100-5463-B2",PipeRun,PipeRun,096059B5100DF4E1C33DE2437345E3F0
89856D663BF5938C83F247C43F3FCE0C,Nominal Diameter(10) Is Not = Nominal Diameter(null),NominalDiameter=NominalDiameter,1,2,1,6,DECE41AFF321975732B0ECB8FD1DA38D,DE9CEADDE74A8F1DAF8549799126620D,DF0802AFAA562A14A82D6FFF0F7B2E15,,,"3""-N2-U140-2001-A1","4""-FG-U140-5706-B2",PipeRun,PipeRun,D9F0C3193820468A97BD76260565103A
CF564512C39DC7499D989BD7502F07AB,Stress Analysis Reqmts(10) Is Not = Stress Analysis Reqmts(null),StressAnalysisReqmts=StressAnalysisReqmts,1,1,1,5,331E6C2270DCE687D4EA54A3CDA45B66,8A88FE9D35FFA2D8AA6C6E52648D62DD,813C58C3AAFAD32D656B5AB6028CFB9F,,,U110-PT-3095,"2""-FG-U110-4419-A1",Instrument,PipeRun,64BAF0523BD0EBA2719E81173A0AA56D
E869335DEFD2DEEFBAF36FF49986F349,Piping Materials Class(null) Is Not = Piping Materials Class(1001),PipingMaterialsClass=PipingMaterialsClass,1,1,1,5,AED5A2B3BDE999F4FBD39B4768585C9B,F7CB9379B9FC1BAD9BF3FA9E1FEC5A89,AADD3BE359D6039973CEDC3E00168F4F,,,U100-SIG-3368,"4""-P-U100-7683-C1",SignalRun,PipeRun,096059B5100DF4E1C33DE2437345E3F0
2F271A2DFE5587D939F4CF0E76012E0D,Piping Materials Class(null) Is Not = Piping Materials Class(10),PipingMaterialsClass=PipingMaterialsClass,1,1,1,5,C393C5CDE02B4F8045042EE065265D02,ED93C1BABAC5B0C63516C1B707C398BB,B84FE380FEF0510C8D2455213067ED5D,,,"8""-N2-U120-4168-B2","3""-N2-U120-3209-B2",PipeRun,PipeRun,C00FC3A0FFB871F69522C7C9D3CA4128
35E3DB5410A2F78DE3283014E06A4BB8,The connect point is unattached.,,2,2,1,5,A17A0CA8D98B9DE1644AE4F152B59223,E400302C94EF0ACCE94C106ABED64205,,,,,,PipingComp,,D9F0C3193820468A97BD76260565103A
84DB89ABA1F6B2E54ABB82EECA091936,Stream No(10) Is Not = Stream No(null),StreamNo=StreamNo,1,1,1,7,0392DEA5879E192324B03DD24ABE0A4B,82163D387AD48645D3A1B28EF887105D,D21F2922DE8AC336DFB2E50CDE0686D3,,,U100-TT-1605,"6""-CW-U100-4467-C1",Instrument,PipeRun,096059B5100DF4E1C33DE2437345E3F0
65ABC4439DEC3598065BB5C86AB97DDA,Nominal Diameter(20) Is Not = Nominal Diameter(25),NominalDiameter=NominalDiameter,1,1,1,5,C488662F969F34058A82ECE077975BE5,F7ABC4B59C6045F58226F5B25A3DF3BE,E4F28026A094E4E1111E28818CEBA0F9,,,"4""-CW-U100-7091-C1","8""-FG-U100-3243-A1",PipeRun,PipeRun,096059B5100DF4E1C33DE2437345E3F0
4B631412E0AAF25BB0D6E6BA3D82331D,Cannot evaluate consistency,,6,1,1,5,56ED0E2A32F2B6A131C77E86DE15A5CF,32386A437A271A829CB96713C5995509,,,,,,PipingComp,,64BAF0523BD0EBA2719E81173A0AA56D
B556126A4A462484B6CEEA924F82098B,Tag Sequence No(A) Is Not = Tag Sequence No(B),TagSequenceNo=TagSequenceNo,1,1,1,5,0392DEA5879E192324B03DD24ABE0A4B,1F5CAE9EC513512E09D15BDFDE772CE2,29D0552F19F036A820B8DD32FE68C4EC,,,"6""-N2-U100-3273-B2","2""-N2-U100-3312-A1",PipeRun,PipeRun,096059B5100DF4E1C33DE2437345E3F0
32CB87102F99A44756DF2E0E23E4E567,The connect point is unattached.,,2,1,1,4,6158E2B61D526CDCEF4BE5A4E1BADB5C,DCD2BD14C245A9B605BB82BFDE87230A,,,,,,PipingComp,,64BAF0523BD0EBA2719E81173A0AA56D
3F469668DB6822BA4DE5371D2A05C423,Oper Fluid Code(null) Is Not = Oper Fluid Code(10),OperFluidCode=OperFluidCode,1,1,1,8,5666596060ECE59F65B4EDF64AB413A3,5A7F333D7F437FB620DF15B872ED606F,E68106FEBE292B296210A672237400D9,,,"4""-FG-U120-7259-C1",N5,PipeRun,Nozzle,C00FC3A0FFB871F69522C7C9D3CA4128
4676F0EDB6B12B4E76E1CD55910B03F1,The connect point is unattached.,,2,1,1,5,8D9EA7A943C4B5E2EABAF8FD0FA8E4D0,806F0D7041DCFABA193C1D22AF3CE1B4,,,,,,PipingComp,,096059B5100DF4E1C33DE2437345E3F0
E9F0DC89FBDDB740E0ACED6AC82CB1B8,The connect point is unattached.,,2,1,1,4,398D2861A687D2248F8B7B269AB3F869,4F6168C31C295D5A924A4C0CE572FBDB,,,,,,PipingComp,,096059B5100DF4E1C33DE2437345E3F0
1E878EDEAE2B73B156C4DF3166D78D09,Pressure(null) Is Not = Pressure(1001),ProcessDesign.Max.Pressure=ProcessDesign.Max.Pressure,1,1,1,5,F26EA8DCAC4FF2ADCAF98D70A22BDE36,C0A292FCD7ED352D763E6B0562C60F78,2DCA3CB3E593FA4836AE252FF2F18851,,,"8""-P-U100-8464-A1","4""-P-U100-7956-B2",PipeRun,PipeRun,096059B5100DF4E1C33DE2437345E3F0
D46A873C2790FDB92295904518069854,Fluid System(20) Is Not = Fluid System(25),FluidSystem=FluidSystem,1,2,1,5,36D77441C22A97EC2FC6EDD0162AB160,826D96E66714C350BC578E32E6832494,AF5244208A08BD40FCCA962E10DDAF25,,,"8""-SW-U110-2993-C1",N5,PipeRun,Nozzle,64BAF0523BD0EBA2719E81173A0AA56D
EB9CD23AD83850B26D5015E951FF78E2,The connector endpoint is unattached,,5,1,1,5,19960560F2DA3F110D29206C24EC49F4,52F07635C09FBE819696930AA749CF39,,,,U110-SIG-3002,,SignalRun,,64BAF0523BD0EBA2719E81173A0AA56D
92845F4D7E11D43DB4CA6CA7030A5B2C,Nominal Diameter(A) Is Not = Nominal Diameter(B),NominalDiameter=NominalDiameter,1,1,1,8,2B3958935C502A5BD6014003ADE8BF45,3087B8346252B2C4EC83DD71B407F4A5,56ACBB620DA30A5E02FAF88010B7EACC,,,"4""-P-U100-1202-B2","4""-FG-U100-9008-B2",PipeRun,PipeRun,096059B5100DF4E1C33DE2437345E3F0
8A8D97EC1C1494A31F20F09A16D8F52C,W B S N O(null) Is Not = W B S N O(10),WBSNO=WBSNO,1,2,1,5,A31D08ECA435F7F0C91AE9A1FB1D53A9,4433652883DDDE3B553734104247BD6B,3CA41730FDA96A2E33AC79E0A1B9AE50,,,"6""-SW-U100-7514-A1","8""-FG-U100-2772-B2",PipeRun,PipeRun,096059B5100DF4E1C33DE2437345E3F0
8FF40C46E955C1E6DD7E62120A408158,The connect point is unattached.,,2,1,1,5,B65DFD027E5BBC6123D0C26C2334C0AA,AE366FA1BEE002E1FCD5B6C0189B9953,,,,,,PipingComp,,C00FC3A0FFB871F69522C7C9D3CA4128
B7E94D5052423BB56553AA08157EE0E3,The connect point is unattached.,,2,2,1,4,5ACE2C5C7EC6D11D7B085151841A3EA9,F4F83D7EBBBDB03DB7CE30A3707A3B00,,,,,,PipingComp,,096059B5100DF4E1C33DE2437345E3F0
0C0A70971E1409D7931FFC639B83659C,Tag Sequence No(null) Is Not = Tag Sequence No(10),TagSequenceNo=TagSequenceNo,1,1,1,5,773270B8D0D799071653A7C5AD80D6C4,477714AB09ACE8F7EB0E727C4951C135,C71BCA5A69B38CC3E92A2B4D00C1327E,,,"2""-FG-U100-3728-B2",,PipeRun,PipingComp,096059B5100DF4E1C33DE2437345E3F0
395573D5681C5F8209118CD86A8C382C,Oper Fluid Code(null) Is Not = Oper Fluid Code(10),OperFluidCode=OperFluidCode,1,1,1,5,7D71DEDB49CC172EDC86477D5C65FF76,B7C7DB72B92247613394D772EB97C8CE,277D7279C2280FFAA08725C394B86CF0,,,"8""-SW-U100-8827-B2","8""-N2-U100-5228-B2",PipeRun,PipeRun,096059B5100DF4E1C33DE2437345E3F0
01999488EEDF97ACB5D84C8460F9513C,Temperature(null) Is Not = Temperature(10),ProcessDesign.Max.Temperature=ProcessDesign.Max.Temperature,1,1,1,8,AED5A2B3BDE999F4FBD39B4768585C9B,9A7CE13BAC219E867F6C9B021DF2823B,4D364B78FA53379C67249A3F8593DD5F,,,,U100-V-7973,PipingComp,Vessel,096059B5100DF4E1C33DE2437345E3F0
7CEFEFE11E68A9E286D73A0E0C3F5DCE,Oper Fluid Code(10) Is Not = Oper Fluid Code(null),OperFluidCode=OperFluidCode,1,1,1,5,36D77441C22A97EC2FC6EDD0162AB160,2AC0D2D6F5DDA27C1C00A40F83B92799,B9BAFF59A0F6D4B9C716794A1DE2AE7D,,,"8""-SW-U110-5604-C1","8""-N2-U110-2398-C1",PipeRun,PipeRun,64BAF0523BD0EBA2719E81173A0AA56D
E9E44169D04A60968EA0EFB60E57317E,Insul Purpose(A) Is Not = Insul Purpose(B),InsulPurpose=InsulPurpose,1,1,1,5,8D9EA7A943C4B5E2EABAF8FD0FA8E4D0,D667080C9341D7E51F8DEE1008676C79,F7131F9A12696C57A9991C76DA61F536,,,,"3""-FG-U100-9188-C1",PipingComp,PipeRun,096059B5100DF4E1C33DE2437345E3F0
FDE05439A0D5950A92453DC45E58C60B,Insul Purpose(P) Is Not = Insul Purpose(N),InsulPurpose=InsulPurpose,1,2,1,5,8D9EA7A943C4B5E2EABAF8FD0FA8E4D0,74EA94820B3B8946590C4B17E7A023EF,0A024A1E72A604EE81048820E23FFAC7,,,U100-SIG-5427,"6""-SW-U100-8472-C1",SignalRun,PipeRun,096059B5100DF4E1C33DE2437345E3F0
20B70D561AA459473953D465C2A42B49,W B S N O(null) Is Not = W B S N O(10),WBSNO=WBSNO,1,2,1,4,FC14EF1DD2710425786CCE66BFF4081A,0C3057805D5850A8E5A90DB9320DD8DA,8F07ED2F23115DC5DC3ECEE1B8C1A4FC,,,"6""-P-U120-9384-C1",U120-FT-3974,PipeRun,Instrument,C00FC3A0FFB871F69522C7C9D3CA4128
DCD27D1DE245B68775F7E468CF8B2B73,Piping Materials Class(null) Is Not = Piping Materials Class(1001),PipingMaterialsClass=PipingMaterialsClass,1,1,1,5,6040BC346C6FDD3461209D95E733310F,D3FE49BC7758D0DB620822421736257C,A4C9DED99AA7626052BE6C6579781898,,,"3""-CW-U120-1518-B2","6""-SW-U120-1900-C1",PipeRun,PipeRun,C00FC3A0FFB871F69522C7C9D3CA4128
4FC0EC5649F4090EB9E0EB416B8836A5,Oper Fluid Code(A) Is Not = Oper Fluid Code(B),OperFluidCode=OperFluidCode,1,1,1,5,83E64D40A7A72B1B18B15C75E0806435,CA85265A7577FC4DA06EFD0853DB8447,25317C95ECB621361C3361C892031B63,,,N16,"4""-CW-U100-3687-C1",Nozzle,PipeRun,096059B5100DF4E1C33DE2437345E3F0
A411CD879FFBD407FAD5EE74ADB61CB9,Piping Materials Class(P) Is Not = Piping Materials Class(N),PipingMaterialsClass=PipingMaterialsClass,1,1,1,5,DCDA1BE450F5E80C3409718F053DD006,3FAD1DB2FD1A707AB8ED3B3663C2F734,CBDD49DF8125F587559E5CEFD4A96F5A,,,U100-FT-9825,"3""-P-U100-7904-A1",Instrument,PipeRun,096059B5100DF4E1C33DE2437345E3F0
8E48B438966253210B252D50CF43339F,Fluid System(A) Is Not = Fluid System(B),FluidSystem=FluidSystem,1,2,1,5,B207FB9B0DC46AB34E5ABE7C88AFB0DD,CBEE8E31F089BF0B14C2734678D72CA5,26023F410DBA13EDCA881006015D1DBB,,,"2""-N2-U120-2519-B2","4""-N2-U120-5521-B2",PipeRun,PipeRun,C00FC3A0FFB871F69522C7C9D3CA4128
15CFA74B18A7BA79A6EA9ACD266D23D7,Tag Sequence No(A) Is Not = Tag Sequence No(B),TagSequenceNo=TagSequenceNo,1,1,1,8,0EA95E3C2BE73E517C3ECAE068D39A87,926DAE94A0228909A42A3A3D6AEA6194,A5DD139636B8610FBD7FF903A9262A58,,,"3""-N2-U110-8575-A1","8""-FG-U110-2525-A1",PipeRun,PipeRun,64BAF0523BD0EBA2719E81173A0AA56D
EB943E7BDDF3052D8C63B4344FBD0431,Tag Sequence No(A) Is Not = Tag Sequence No(B),TagSequenceNo=TagSequenceNo,1,1,1,4,9980A0541A8FFBA17D024466F71C66B6,2EB86778D6AA1BD9850C16DD48D5DF6C,7CDBB64CAB0446EBC59478A65C5F091F,,,"2""-CW-U130-9774-C1",,PipeRun,PipingComp,A6E500CA1BC9D6D1043E4F2EE6CC6F78
351698B301424BAC4DC5C1D823309558,The connect point is unattached.,,2,1,1,5,C488662F969F34058A82ECE077975BE5,E00ECDF8395D6B6B3398500C94CB34BF,,,,,,PipingComp,,096059B5100DF4E1C33DE2437345E3F0
A739D460B267A77EA4AEF378F2406D86,Oper Fluid Code(A) Is Not = Oper Fluid Code(B),OperFluidCode=OperFluidCode,1,1,1,5,91EEA5772E67B7E9C5C69716C5642BEA,3D3AEA202DB4D7686DF697F8FF20FECA,B855E921A1795B198C86FFFE157C26DC,,,"2""-P-U100-3821-C1","2""-CW-U100-5939-C1",PipeRun,PipeRun,096059B5100DF4E1C33DE2437345E3F0
C8057359107B8A982C558B1D46E8C799,The connect point is unattached.,,2,1,1,5,79F1A8C9EBEDDCDF31BB2517FD95FBB1,5A6A86B3F4C2E8F18D22653EC45A56EE,,,,,,PipingComp,,096059B5100DF4E1C33DE2437345E3F0
A43BFCE61C82228863F3702C8B84E9B2,The connector endpoint is unattached,,5,1,1,5,B2B85521054FADE48E3FE7341D0D79BD,272E5F96B8DDC0D130BDF50E97938B5A,,,,"4""-SW-U100-9280-C1",,PipeRun,,096059B5100DF4E1C33DE2437345E3F0
C210489664E1A5A15B62F5B2C7599050,Pipe Line T O(P) Is Not = Pipe Line T O(N),PipeLineTO=PipeLineTO,1,1,1,5,A31D08ECA435F7F0C91AE9A1FB1D53A9,9990A5362F8F9D4A840597A55AAD647B,A91610AA4CFB873A0044310CC9251A61,,,U100-TT-1647,"8""-P-U100-6609-C1",Instrument,PipeRun,096059B5100DF4E1C33DE2437345E3F0
44077EBF729144C424097EEA39F7C7F1,Cannot evaluate consistency,,6,1,1,5,5CE832F931E8204D03655B818C0A3040,0AB1EBB038E15E5B0C8AAA05036A316B,,,,,,PipingComp,,C00FC3A0FFB871F69522C7C9D3CA4128
1A8861AC571EDA4B2334612D82CB93FF,Stress Analysis Reqmts(P) Is Not = Stress Analysis Reqmts(N),StressAnalysisReqmts=StressAnalysisReqmts,1,1,1,5,9137D87671A897C3C0184D412B13110E,86771845F966D3F76BD873BED058D6D2,76DDFCF263F99486553675ADA70E56D1,,,"6""-N2-U150-1207-B2",,PipeRun,PipingComp,01DE7FEE8D4CBFB143281F4BD48C69EC
B79FB4CA03F5920AF320BD2527576890,Fluid System(A) Is Not = Fluid System(B),FluidSystem=FluidSystem,1,2,1,5,09B849AEED982B62E9F3EE29EDEEC671,DBE5BD190056DDC22DC23EE6878BAB07,E54AD4A5580558749A48B445358E147A,,,"8""-FG-U100-8856-A1",N3,PipeRun,Nozzle,096059B5100DF4E1C33DE2437345E3F0
BC974B6C6E432EF65E3FAA385E4C82D1,Tag Sequence No(A) Is Not = Tag Sequence No(B),TagSequenceNo=TagSequenceNo,1,1,1,6,0392DEA5879E192324B03DD24ABE0A4B,787098CE21E2C40D1758A6E2AEFBA090,F028FC98E6C4E3066214E4E798494BCF,,,"3""-FG-U100-9123-A1","6""-P-U100-2749-B2",PipeRun,PipeRun,096059B5100DF4E1C33DE2437345E3F0
A8AA278633E659A47D993852DE5FE2C2,Temperature(10) Is Not = Temperature(null),ProcessDesign.Max.Temperature=ProcessDesign.Max.Temperature,1,2,1,7,AED5A2B3BDE999F4FBD39B4768585C9B,A08627D1E324E9A7C1C292516DBEA402,CCA9ACABD0A6CAE9F61C06B853F40D2B,,,"3""-P-U100-1501-A1","2""-P-U100-4465-A1",PipeRun,PipeRun,096059B5100DF4E1C33DE2437345E3F0
B6F52E0C590CA4197D8A1C07E5B42BFD,Tag Sequence No(20) Is Not = Tag Sequence No(25),TagSequenceNo=TagSequenceNo,1,1,1,5,5D8816C45FE51E1C8DC6B905F719428B,A59D81E562A5BB0A47A74D155BA2B99B,C91CCB9986E97A57641949214FB1C4C3,,,"2""-SW-U120-8940-A1","4""-N2-U120-8124-A1",PipeRun,PipeRun,C00FC3A0FFB871F69522C7C9D3CA4128
F95213CA055F166343B66027E96AF75E,The connect point is unattached.,,2,1,1,5,A6B86F67E9684B1952772AB837017250,6D61513D2B6CF0679EDCBF8C63B67774,,,,,,PipingComp,,64BAF0523BD0EBA2719E81173A0AA56D
D74F8BDE8FEF26A1CB24625DA15947B5,Nominal Diameter(A) Is Not = Nominal Diameter(B),NominalDiameter=NominalDiameter,1,1,1,6,51629E19B54AE62FCF3CDDC55AE9712C,5CC5CFB88B705D7A7228E11C2F067787,EDA8AF11E08108519610F0D5B34B1841,,,"6""-CW-U110-1135-A1","3""-SW-U110-2550-C1",PipeRun,PipeRun,64BAF0523BD0EBA2719E81173A0AA56D
F964379B4A85F1BB02106FC8EED945EF,The connect point is unattached.,,2,2,1,5,F56C6C5546336B45BF46D41F257BA3AF,0AF844B6C1A6FD58CC484E0D7A444666,,,,,,PipingComp,,6D8BB49801DABF0F53249CDAD1D1A8C3
B468C8CC2FD22047A0DFD8514DAF114D,W B S N O(10) Is Not = W B S N O(null),WBSNO=WBSNO,1,1,1,4,B895CE1C3B8F71B260A922BB8629A63D,4C9DC143CD405CE1A2F5879F395DA1DD,020B8786B9D4DABF0626BC8DEFEC5B50,,,U190-FT-7440,"2""-N2-U190-9864-B2",Instrument,PipeRun,6D8BB49801DABF0F53249CDAD1D1A8C3
BFB1C3B5ECE20D9CE33BA3F4B0F87733,Tag Sequence No(null) Is Not = Tag Sequence No(1001),TagSequenceNo=TagSequenceNo,1,2,1,5,F26EA8DCAC4FF2ADCAF98D70A22BDE36,B5554F4041EA127CBBD8975676AEA0F2,367AC3931187F5814F7BB987236D1977,,,"2""-N2-U100-5299-B2",N16,PipeRun,Nozzle,096059B5100DF4E1C33DE2437345E3F0
0FF234B71F24B38E0FCAAAE60957320B,Tag Sequence No(10) Is Not = Tag Sequence No(null),TagSequenceNo=TagSequenceNo,1,1,1,5,43CB2C01A0A70AE996698CC6C31ACF00,8A014A1D41113BF7AB89EB65CE380082,E9B0FA77D6BF392ABFABFBE2E66F0ABA,,,"3""-FG-U100-7224-B2","8""-P-U100-9293-A1",PipeRun,PipeRun,096059B5100DF4E1C33DE2437345E3F0
ABC72FA6CFEBB2F3FCFFD34BD80A6CC2,Fluid Code(null) Is Not = Fluid Code(10),FluidCode=OperFluidCode,1,2,1,5,0E469E9DB82FD84C0313BAE4FE949FA2,079D7E24928EF18A77D46FD2ADE89253,D6FC728CEB11A7514EE3CD10B3F720FE,,,"3""-P-U140-8971-B2",U140-V-3022,PipeRun,Vessel,D9F0C3193820468A97BD76260565103A
48390E39678B5AD201DEFE8D822782FA,Stress Analysis Reqmts(P) Is Not = Stress Analysis Reqmts(N),StressAnalysisReqmts=StressAnalysisReqmts,1,1,1,5,6291B69CCDBF5D0F638861CC79DA3744,DE4B67B4396A1B797F5550ED5E72FEE9,F7709029F227A465A5C6A946EE10E0E7,,,"4""-N2-U100-1624-A1","6""-N2-U100-9641-C1",PipeRun,PipeRun,096059B5100DF4E1C33DE2437345E3F0
BB8E6BD92E90580B9DB81C0255C092EB,Temperature(10) Is Not = Temperature(null),ProcessDesign.Max.Temperature=ProcessDesign.Max.Temperature,1,1,1,5,1414C58300B531C882559B0BBC7E71CE,F97564D50172D1D34B15BE477F8498EC,FB923A2AEF6ECC9DEB4870DFDBBD41F6,,,U120-FT-4277,,Instrument,PipingComp,C00FC3A0FFB871F69522C7C9D3CA4128
71D8ADEEFA487A67B9BE14056E1DB346,Insul Purpose(null) Is Not = Insul Purpose(1001),InsulPurpose=InsulPurpose,1,1,1,5,83E64D40A7A72B1B18B15C75E0806435,710C3D299246466E00132770751277E0,A6C633C7BB42F1CC8BD617D3BF61F845,,,"4""-N2-U100-6139-B2",N5,PipeRun,Nozzle,096059B5100DF4E1C33DE2437345E3F0
9E40CBE321725BCD9477697EA2E77623,The connect point is unattached.,,2,1,1,7,D6AECFEC394831D038B8A7AF9F0A72DB,BD5F9CF858AD53402F8E3C7AE17FDEEE,,,,,,PipingComp,,096059B5100DF4E1C33DE2437345E3F0
ECC15A2C46F85B5EADC82A1596C7019D,The connect point is unattached.,,2,1,1,5,AD30B5093008D7E1C969D33AAA9529CF,5B9F2D2C0F0E5D69F3B0721E6B8AF23E,,,,,,PipingComp,,64BAF0523BD0EBA2719E81173A0AA56D
F9B9688E2E1EC808D1D50411B215D96D,Cannot evaluate consistency,,6,1,1,5,C488662F969F34058A82ECE077975BE5,7CAF02315EBEAF69225AF31D4AB5C458,,,,"8""-P-U100-9499-C1",,PipeRun,,096059B5100DF4E1C33DE2437345E3F0
52258E1B72D63F949FA3F04E8AB65CA1,Tag Sequence No(10) Is Not = Tag Sequence No(null),TagSequenceNo=TagSequenceNo,1,2,1,5,01E6B904BDBA8DCE3D67DD9CBDB2626E,78366F88C5224137DB945B81D0AA125A,C4CCE85591D2EEDFD363B8B9B6AB2B8F,,,"2""-N2-U180-2910-A1",U180-TT-5979,PipeRun,Instrument,416E154110ACCEDA4EB45835BCDF4E10
FA054C227DC1F1B1775508DD2FF199C9,Tag Sequence No(10) Is Not = Tag Sequence No(null),TagSequenceNo=TagSequenceNo,1,1,1,6,6291B69CCDBF5D0F638861CC79DA3744,23E1455A288909460A79DA6FC8E65202,C9BCA8BB76BE0772C990084EABEA0D82,,,"2""-N2-U100-4016-A1","6""-FG-U100-4202-B2",PipeRun,PipeRun,096059B5100DF4E1C33DE2437345E3F0
6F23BA783569DB302FFDA6DC63DF3667,The connector endpoint is unattached,,5,1,1,5,6158E2B61D526CDCEF4BE5A4E1BADB5C,7C57086C6226498EBB6167621C1F14D6,,,,"4""-SW-U110-3572-A1",,PipeRun,,64BAF0523BD0EBA2719E81173A0AA56D
4563C2035FB99CC5FCDB64DB336227C0,W B S N O(10) Is Not = W B S N O(null),WBSNO=WBSNO,1,1,1,6,C67509544B54D5060A7EAE7CBB1667B1,91D6D1A78ECDF1CEB6BB58D37F27A515,8CBCEE86B7F93CDD3BEB233F959760D3,,,,"8""-CW-U110-5060-B2",PipingComp,PipeRun,64BAF0523BD0EBA2719E81173A0AA56D
6236F7C8F61FF2C5A85ADF9345B66198,The connect point is unattached.,,2,1,1,4,5ACE2C5C7EC6D11D7B085151841A3EA9,7A44C5E74FDD1520237665D09742D653,,,,,,PipingComp,,096059B5100DF4E1C33DE2437345E3F0
500C9850591ACBEEE1D3861AFBB09170,Fluid Code(null) Is Not = Fluid Code(10),FluidCode=OperFluidCode,1,1,1,6,4CC32D1A4B0ACD87A921C4FBB4A33FE5,B327FD70612C02B107C1F512F4656551,7928C528D25BB4896A21E114AF121336,,,"3""-SW-U130-8750-C1","6""-P-U130-3348-A1",PipeRun,PipeRun,A6E500CA1BC9D6D1043E4F2EE6CC6F78
08369D9D908B2128D3244682913868CF,Piping Materials Class(10) Is Not = Piping Materials Class(null),PipingMaterialsClass=PipingMaterialsClass,1,1,1,4,33E233D68C42D2657953DB0EEF26D073,44E01B089748EC1C46EFFB2CB1760F7B,29964E4B6129E568957B4F9F310770F6,,,"6""-CW-U170-9832-C1","3""-N2-U170-1139-B2",PipeRun,PipeRun,FEBE2715D378C22F880205573EA4893C
78D011D1E408AF9DE26343C7956C671A,The connector endpoint is unattached,,5,1,1,4,6291B69CCDBF5D0F638861CC79DA3744,38586CD755F2D9679C50E0064BDDCA64,,,,U100-SIG-9200,,SignalRun,,096059B5100DF4E1C33DE2437345E3F0
3702BC438823236E545130F190B1E027,The connector endpoint is unattached,,5,2,1,5,3530C7D7C93B98CF4F3E307F3A02F38C,EAAC578B6627794B75C9F7F50AC49371,,,,"6""-CW-U100-4565-B2",,PipeRun,,096059B5100DF4E1C33DE2437345E3F0
63684C718D125BD9BDFFC1B7806CC2F9,Tag Sequence No(null) Is Not = Tag Sequence No(1001),TagSequenceNo=TagSequenceNo,1,1,1,6,CAA0E95F4CACCEAF189EA18045867A3D,276D287FF434520878EAA83D51D3929F,BF97D16A1F03A407696ABF1D53058F8B,,,"6""-N2-U110-6776-A1","6""-FG-U110-4181-B2",PipeRun,PipeRun,64BAF0523BD0EBA2719E81173A0AA56D
87591244C2A3FF6A609AFF3A41F91DFC,The connector endpoint is unattached,,5,1,1,5,C67509544B54D5060A7EAE7CBB1667B1,8DE6D4FF4B3A2AAC312022C2F4C50CDB,,,,U110-SIG-3442,,SignalRun,,64BAF0523BD0EBA2719E81173A0AA56D
742B6D4425EB994BC67BC59F7F2AD06C,Nominal Diameter(null) Is Not = Nominal Diameter(10),NominalDiameter=PipingPoint1.NominalDiameter,1,1,1,8,398D2861A687D2248F8B7B269AB3F869,C90F91AC8CBBA9F97A665EFE7D1DD091,207E6C80135AFDE2049143E44BAF5748,,,"6""-SW-U100-1855-A1",,PipeRun,PipingComp,096059B5100DF4E1C33DE2437345E3F0
D184D60B65EB5B754D36358D2C586916,Pressure(10) Is Not = Pressure(null),ProcessDesign.Max.Pressure=ProcessDesign.Max.Pressure,1,2,1,5,79F1A8C9EBEDDCDF31BB2517FD95FBB1,851057530556515156CCDC18313D2196,6A3A384876CEBDC484E5E3824059899D,,,"3""-FG-U100-9267-B2",N2,PipeRun,Nozzle,096059B5100DF4E1C33DE2437345E3F0
E5034858FD1D16B742DC9B371B92AF2D,H Trace Reqmt(A) Is Not = H Trace Reqmt(B),HTraceReqmt=HTraceReqmt,1,1,1,5,9DEE39D15FEDC88A61A9009654CCBDEB,35A28B74320C8BA8C80E04026C267313,6543DD5E94BE48962918E0D663BB9B45,,,U110-SIG-3285,"2""-SW-U110-5952-B2",SignalRun,PipeRun,64BAF0523BD0EBA2719E81173A0AA56D
24C2F3B995BAA627C722B8A5AD212071,Fluid System(10) Is Not = Fluid System(null),FluidSystem=FluidSystem,1,1,1,5,EC292D560DA82ACD6C847FF28CA7BFD2,C5DD31318E71C21AB723134EDE3C57C3,9D17FC0987451FB1A376FC08A7C2BA23,,,"2""-FG-U170-5687-A1","2""-P-U170-6173-B2",PipeRun,PipeRun,FEBE2715D378C22F880205573EA4893C
6ED77222DE45F79F95A5B12EA2BBF079,Tag Sequence No(null) Is Not = Tag Sequence No(1001),TagSequenceNo=TagSequenceNo,1,1,1,5,802EAA99A3004FC950D9B1E348DBF83A,D114413D4880A21D19DA0777706A12AC,26532B0E7FA365C4FCF17DBF13C430B7,,,,"4""-FG-U120-2520-C1",PipingComp,PipeRun,C00FC3A0FFB871F69522C7C9D3CA4128
AE861D1BE7D6D3FDD1F1D61BA34B13C1,Pressure(10) Is Not = Pressure(null),ProcessDesign.Max.Pressure=ProcessDesign.Max.Pressure,1,1,1,5,DECE41AFF321975732B0ECB8FD1DA38D,8CFAEE79785FD6319A5693E2ACC43679,31E07706034AF805742368CA605ECBEB,,,"3""-N2-U140-9895-A1","3""-SW-U140-9768-B2",PipeRun,PipeRun,D9F0C3193820468A97BD76260565103A
09DC2AD665D3CC1EF5BCA812B8131022,Nominal Diameter(null) Is Not = Nominal Diameter(1001),NominalDiameter=PipingPoint1.NominalDiameter,1,1,1,4,A76A7B4C083D5C2555830A6D0575A7C8,A12BA4266D61D873E91653AD3EB3584B,3CC75B967B41FBDC6F7872895A01480A,,,N6,"8""-FG-U120-6687-B2",Nozzle,PipeRun,C00FC3A0FFB871F69522C7C9D3CA4128
EFD2510524AF9787EBEB2E52F5270E21,Tag Sequence No(null) Is Not = Tag Sequence No(1001),TagSequenceNo=TagSequenceNo,1,1,1,5,F2C33F26034A081939818F17C4DB57E2,3334977C3AAB21FB194A0D93BBF2D0AE,A576D921B11DCF5E8267BBE69378093A,,,U110-FT-2649,"6""-N2-U110-6989-A1",Instrument,PipeRun,64BAF0523BD0EBA2719E81173A0AA56D
D8FDC16222114EB4E4BB9A8A501EEDB4,Supply By(10) Is Not = Supply By(null),SupplyBy=SupplyBy,1,1,1,5,F26EA8DCAC4FF2ADCAF98D70A22BDE36,55A5B1D479FCF86127AD5D36D34C2855,EC4B418FBB0B7E2035627153D03E45EE,,,U100-PT-6687,U100-PT-6737,Instrument,Instrument,096059B5100DF4E1C33DE2437345E3F0
5EF0E48189C599C289463A171266A582,Piping Materials Class(null) Is Not = Piping Materials Class(10),PipingMaterialsClass=PipingMaterialsClass,1,1,1,5,C2DF5D56839629AFC8F152541A0C3236,535BF43727606B67C04D9FCBAD781850,B3B3E7C2182C824DD048DEA1C10B19D7,,,"3""-CW-U120-4669-C1","8""-FG-U120-7878-A1",PipeRun,PipeRun,C00FC3A0FFB871F69522C7C9D3CA4128
791F0BD98ABB5CBFE56A8B94E2419D85,The connector endpoint is unattached,,5,1,1,6,F12F76029BAACE8FDD84CE7B4517354C,C236844BF9BF967760CF834EAB4743F7,,,,U100-SIG-8725,,SignalRun,,096059B5100DF4E1C33DE2437345E3F0
47EB6A65C13DA908A19BAB60B64D13D4,The connector endpoint is unattached,,5,1,1,5,FD17C4EE856A5A9FC879CF837029BC67,5D5758D87E9BE10A591C936907B733C9,,,,U110-SIG-9471,,SignalRun,,64BAF0523BD0EBA2719E81173A0AA56D
100A9DF7069D72F9F133471EE23DD9DC,Supply By(P) Is Not = Supply By(N),SupplyBy=SupplyBy,1,1,1,5,A31D08ECA435F7F0C91AE9A1FB1D53A9,89CE3B2A091F231A6AC7657E2527B164,74C03A3E1B1FD62222BD1EC481802031,,,N7,,Nozzle,PipingComp,096059B5100DF4E1C33DE2437345E3F0
DA185E32630FF371A6C6340DB159DF32,The connect point is unattached.,,2,1,1,5,AD30B5093008D7E1C969D33AAA9529CF,D207A2DC05715F6D43902ECA5D921513,,,,,,PipingComp,,64BAF0523BD0EBA2719E81173A0AA56D
C1CE786C1154604691BD61A08E0D7CDA,The connector endpoint is unattached,,5,2,1,5,2C40CF630AC632F98E96A0667C2F315B,52A78F0A5214DB2DEC7C44373E6F1D97,,,,"2""-FG-U110-4513-B2",,PipeRun,,64BAF0523BD0EBA2719E81173A0AA56D
5A2ED2662983059488B3A18509EC5BB4,The connector endpoint is unattached,,5,1,1,4,18A21E6DEAED6CF69C7A0F693E18F8F6,85375F72CC9D46A3150A8DE4DD4C1355,,,,"3""-CW-U120-3154-B2",,PipeRun,,C00FC3A0FFB871F69522C7C9D3CA4128
22701CBFAF63AB3352E72F8CED085D1B,Supply By(null) Is Not = Supply By(10),SupplyBy=SupplyBy,1,1,1,5,0E469E9DB82FD84C0313BAE4FE949FA2,4CCFB931B63CE515BF98A8D255795599,704FCFFC36C4C8175BBE2EFA953AA2D3,,,U140-SIG-1263,"8""-N2-U140-8284-A1",SignalRun,PipeRun,D9F0C3193820468A97BD76260565103A
3A20E44FF60DDE06E5A6F6A421C66C2E,Piping Materials Class(P) Is Not = Piping Materials Class(N),PipingMaterialsClass=PipingMaterialsClass,1,1,1,5,773270B8D0D799071653A7C5AD80D6C4,717026F3C8BADED96A08FD791B1B54F8,61668255A8520E051E6C042E66F8B02A,,,"3""-P-U100-2352-C1","2""-P-U100-7484-A1",PipeRun,PipeRun,096059B5100DF4E1C33DE2437345E3F0
693E413AB106A9D7BD75F26B93680598,Supply By(null) Is Not = Supply By(10),SupplyBy=SupplyBy,1,1,1,5,D7D41486D44896D32017AE359A727D6D,582ACA4C2FBC5D014CB3DB1C7D8EB8FF,AF2B7BDAD354EBB20BD5D3E570DB6AC8,,,U110-PT-7903,"2""-N2-U110-6661-B2",Instrument,PipeRun,64BAF0523BD0EBA2719E81173A0AA56D
A7848B3C5BA3F358D02B74BA76639A14,The connect point is unattached.,,2,1,1,6,8D9EA7A943C4B5E2EABAF8FD0FA8E4D0,C2B6F4A325E0A0D46A0842B41837265D,,,,,,PipingComp,,096059B5100DF4E1C33DE2437345E3F0
F020E2B99F37179F6820DD64A4566BDA,Oper Fluid Code(10) Is Not = Oper Fluid Code(null),OperFluidCode=OperFluidCode,1,1,1,5,8B085CA066E537966E96C4FA8A111B2A,A4CF9047DC2E6FF9023715F5DB8ECF47,3FE17360E1D93374FEDCD80903662A47,,,"8""-N2-U110-1535-B2","8""-CW-U110-3847-A1",PipeRun,PipeRun,64BAF0523BD0EBA2719E81173A0AA56D
5888EAFCF7A12BD414683B3A8CE2E113,Inconsistent flow direction,InlineComp.FlowDirectionFlowDirection,3,1,1,5,0F189CC773B3B551169C36E904073502,E2018270E4ECE34649976CE270983D64,3678C01FEFF48026124A3D1525C78FFD,,,"2""-FG-U110-4532-A1",,PipeRun,PipingComp,64BAF0523BD0EBA2719E81173A0AA56D
C0E699309ED187BACAC7DCB4E9C2FAB3,Vacuum Condition Pressure(null) Is Not = Vacuum Condition Pressure(10),VacuumConditionPressure=VacuumConditionPressure,1,1,1,5,33639FDC98AAF751C52F0A1670FC755E,2DFDDAB6C3196B390ED3E65817A78351,7ECF91379C6CAC6B04D0DFF3691C88BD,,,"2""-CW-U120-2607-C1","2""-N2-U120-6400-C1",PipeRun,PipeRun,C00FC3A0FFB871F69522C7C9D3CA4128
028E6B03B437FCE3FE32FBD276BF02DE,Fluid System(A) Is Not = Fluid System(B),FluidSystem=FluidSystem,1,1,1,5,F2DE2AE17F901C2864FF84814A155A7C,1061B767A029F316175896DC120F5686,D566B9653BD83526E7B5A2751B12E22C,,,"2""-P-U110-9921-C1",U110-TT-2325,PipeRun,Instrument,64BAF0523BD0EBA2719E81173A0AA56D
47BC3DAEF42CCD172D942EB609FFA3B6,Tag Sequence No(P) Is Not = Tag Sequence No(N),TagSequenceNo=TagSequenceNo,1,1,1,5,F2C33F26034A081939818F17C4DB57E2,DD316AB0A5E0012155F594B0BB3542F7,8A5FE57CC6F24D51B795B359A91EB8EA,,,"2""-SW-U110-9757-C1",U110-FT-7354,PipeRun,Instrument,64BAF0523BD0EBA2719E81173A0AA56D
A60DF3D6D2F88AE275B33AC841FB6636,Inconsistent flow direction,FlowDirectionFlowDirection,3,1,1,5,F2DE2AE17F901C2864FF84814A155A7C,D90ECE3020498237CE61B20CEEDEE0CE,3DB055BC46E84E082AA0E87DF7B48EB4,,,"3""-CW-U110-6133-A1","6""-SW-U110-1987-C1",PipeRun,PipeRun,64BAF0523BD0EBA2719E81173A0AA56D
1B476D69CD275C7A3C0C70F83246889F,The connect point is unattached.,,2,1,1,5,536DA83BF14C40A7C114D5F543D481E0,D33E570BBC92D3342D644233AF9851E5,,,,,,PipingComp,,C00FC3A0FFB871F69522C7C9D3CA4128
C6673F92AF19E26DA2D7CA4BF84660D3,Oper Fluid Code(10) Is Not = Oper Fluid Code(null),OperFluidCode=OperFluidCode,1,2,1,6,FCBF8FEA7A21695AAEDD995555D7C788,8108C9EEB3C644629A2A148A5087DD30,D5D82242DE1EDFC6A0E170D0F685BC6B,,,"3""-P-U110-7164-A1","4""-P-U110-6953-A1",PipeRun,PipeRun,64BAF0523BD0EBA2719E81173A0AA56D
5DAC079C9B1067640052A964F89CFA26,Cannot evaluate consistency,,6,1,1,5,C17051500E11127721BC90AA1D5E74AA,9F4E4AF2576D31828F0CF8E6E979F11F,,,,"3""-CW-U150-6382-C1",,PipeRun,,01DE7FEE8D4CBFB143281F4BD48C69EC
94DEBBF3B616EE33EEC624A91C5EF2CC,The connector endpoint is unattached,,5,1,1,5,9137D87671A897C3C0184D412B13110E,0F6B56386F6946FF7882895EA833C8B6,,,,"6""-N2-U150-8737-C1",,PipeRun,,01DE7FEE8D4CBFB143281F4BD48C69EC
A2DBEE2F9A68E328B7BA45A80D28D4BF,The connector endpoint is unattached,,5,1,1,5,56ED0E2A32F2B6A131C77E86DE15A5CF,D31A141CDC101E5C78690CBD5D2D0D88,,,,U110-SIG-3770,,SignalRun,,64BAF0523BD0EBA2719E81173A0AA56D
2F2F53F338BF1AE7979A9379CFBC177A,Insul Purpose(P) Is Not = Insul Purpose(N),InsulPurpose=InsulPurpose,1,1,1,5,C2DF5D56839629AFC8F152541A0C3236,4FA5134E10BB1F078CF63CA7843D1CAC,879B9F6FB1349C6B34F604BA20C0B4AC,,,"2""-SW-U120-4809-B2","2""-N2-U120-8816-C1",PipeRun,PipeRun,C00FC3A0FFB871F69522C7C9D3CA4128
35120351A78D1DB4B6BEB15AF5E5A059,The connector endpoint is unattached,,5,1,1,7,0392DEA5879E192324B03DD24ABE0A4B,ED4D855CB0D970060B5955DEFAD520E1,,,,U100-SIG-9880,,SignalRun,,096059B5100DF4E1C33DE2437345E3F0
142CFF6A68D603FB3D1DFBB30C3EEE35,The connect point is unattached.,,2,2,1,8,A31D08ECA435F7F0C91AE9A1FB1D53A9,EEB784B65A402FF641173C1B93434D91,,OPC-5680,,,,,,096059B5100DF4E1C33DE2437345E3F0
D1529397D896E0F4D5C828A30FF38E75,Pressure(20) Is Not = Pressure(25),ProcessDesign.Max.Pressure=ProcessDesign.Max.Pressure,1,1,1,5,FD17C4EE856A5A9FC879CF837029BC67,4FA3CEA8E3EE0207902EB49D59FA724C,593C723904548D5EC827065A1FEB6626,,,"2""-FG-U110-1320-C1",N11,PipeRun,Nozzle,64BAF0523BD0EBA2719E81173A0AA56D
64FB914801F204A6E897913BAC1D99AD,The connector endpoint is unattached,,5,1,1,4,331E6C2270DCE687D4EA54A3CDA45B66,1533BB422126FF8C9AE7B4AB3F419B51,,,,U110-SIG-5962,,SignalRun,,64BAF0523BD0EBA2719E81173A0AA56D
9177AD92603C4AEBC55CFF227127CB5E,Fluid System(10) Is Not = Fluid System(null),FluidSystem=FluidSystem,1,1,1,5,A9058D04C51DCEE9A160B1C6F5571F86,3A52423DBA6687C2D594D1CD7D1B8879,A202366B624F0F992FB3C604860009A0,,,U100-SIG-7421,U100-V-5131,SignalRun,Vessel,096059B5100DF4E1C33DE2437345E3F0
FA4FA6D9D8BA40C8466A826DD4CDB7F4,The connector endpoint is unattached,,5,1,1,5,1A309918F041827BE1FA5F5984EC1520,648D7CFD4C3F3A3281C6BC34E581174C,,,,"4""-SW-U120-3172-A1",,PipeRun,,C00FC3A0FFB871F69522C7C9D3CA4128
17F02C0B727B131278E9D2683FE05B5E,The connect point is unattached.,,2,1,1,5,0392DEA5879E192324B03DD24ABE0A4B,29B640D5E2458894CF13370442F55574,,,,,,PipingComp,,096059B5100DF4E1C33DE2437345E3F0
1FBAFF0A31DE9189D0C2E2BC45016572,Oper Fluid Code(null) Is Not = Oper Fluid Code(1001),OperFluidCode=FluidCode,1,1,1,5,91B3CEF29D8CA4ADC7CAEE80A0D21D62,E7306C13D8703A8825F5D9CA20C51581,1CA3C30D55AD0D4541BB881C51CD39A2,,,"4""-SW-U140-5266-B2","2""-FG-U140-5969-C1",PipeRun,PipeRun,D9F0C3193820468A97BD76260565103A
E1CFFC2040A5295D684ECB5F79BFDCED,Stress Analysis Reqmts(P) Is Not = Stress Analysis Reqmts(N),StressAnalysisReqmts=StressAnalysisReqmts,1,2,1,4,4F55DA160C9B368A1736DBC18AF6BE90,7409776CE69F0DAB79D0C198043D36C5,E33F92FD9A8333ED5D0CF7906DC1FBEE,,,,"3""-SW-U100-4192-A1",PipingComp,PipeRun,096059B5100DF4E1C33DE2437345E3F0
31F67F52BD0268F00A7A753B09410FF1,W B S N O(P) Is Not = W B S N O(N),WBSNO=WBSNO,1,1,1,5,A6B86F67E9684B1952772AB837017250,3F6E5433F168EA5F3B7684EAA04E2660,7245761BC11F8024C2E1FDE101CB8DEB,,,"8""-P-U110-8438-A1","3""-FG-U110-3235-A1",PipeRun,PipeRun,64BAF0523BD0EBA2719E81173A0AA56D
4DBEC57F2CD9D1BFD4B15427134EED49,Pressure(10) Is Not = Pressure(null),ProcessDesign.Max.Pressure=ProcessDesign.Max.Pressure,1,1,1,5,3772B49BB519765241F4612A98859AFD,13D9226C41C728CDB6F838B01A370C25,1812B74E608913E1A82A29D93C65AFF0,,,"3""-CW-U110-9965-B2","4""-P-U110-8877-B2",PipeRun,PipeRun,64BAF0523BD0EBA2719E81173A0AA56D
10F54D72C457FB7F6EE08EE5F9AC5481,Nominal Diameter(P) Is Not = Nominal Diameter(N),NominalDiameter=NominalDiameter,1,2,1,5,3527AD6A10D975ABB83E11A13953CC6A,068EFFF463F687FB94EE8ED2E58C27FB,589FD3CA1BB72551DEFCE6067719857A,,,"2""-N2-U100-7948-C1",,PipeRun,PipingComp,096059B5100DF4E1C33DE2437345E3F0
759F42483C75D2D1682F54412CA21873,The connector endpoint is unattached,,5,1,1,5,FDE23B4165E28F0F5CCF76EA194FDFC1,23944D1E65E61D9C1060A5BC67C90858,,,,"3""-CW-U120-4070-B2",,PipeRun,,C00FC3A0FFB871F69522C7C9D3CA4128
B12ACD0459C09A1F771C6D62B7DC749F,Fluid System(null) Is Not = Fluid System(1001),FluidSystem=FluidSystem,1,1,1,5,982890CC69579D259766E1C1BD00C4BA,97776B5B02F725415CA5E950744A4035,5650C7B826CF92E2768EE3722E5FF6AE,,,N13,"8""-N2-U100-3674-A1",Nozzle,PipeRun,096059B5100DF4E1C33DE2437345E3F0
0C7F6A8F84723A893612A12FCFB4EE49,The connect point is unattached.,,2,1,1,5,FE07C65A61D59412AAE09752635EED7F,4EC42C1476290556A96E383F7700B41D,,,,,,PipingComp,,C00FC3A0FFB871F69522C7C9D3CA4128
8AD3078AAA4CAB313217DDDD43AE9E28,The connector endpoint is unattached,,5,2,1,6,E1DDA8ADB089448852586F3BD32EF577,C06753608B01FDB3AA52651B7E528F8E,,,,"3""-FG-U170-2446-C1",,PipeRun,,FEBE2715D378C22F880205573EA4893C
354F56CB09751A0A51D9361C82FDEF81,Nominal Diameter(10) Is Not = Nominal Diameter(null),NominalDiameter=NominalDiameter,1,1,1,5,D7D41486D44896D32017AE359A727D6D,0C881E2F36A5146B985D05B4BAD16BE4,D1F9A8439A81CD7CD73DCE1201124219,,,U110-FT-4777,"4""-N2-U110-6799-B2",Instrument,PipeRun,64BAF0523BD0EBA2719E81173A0AA56D
6A94012B6A016A7BB5B6A78F22337B44,The connect point is unattached.,,2,1,1,5,F2DE2AE17F901C2864FF84814A155A7C,0BDFCEAE1A67C7E5F1905C09B733626A,,,,,,PipingComp,,64BAF0523BD0EBA2719E81173A0AA56D
57991EEB12AF3B244B462D30EFCF7973,The connect point is unattached.,,2,1,1,5,01E6B904BDBA8DCE3D67DD9CBDB2626E,1394C3741D5647FA997B424BF9755ADF,,OPC-9367,,,,,,416E154110ACCEDA4EB45835BCDF4E10
65ABF9DECD15C8A3F96391FF066DAE10,The connect point is unattached.,,2,1,1,5,3530C7D7C93B98CF4F3E307F3A02F38C,6C46C57DCD7DF73511C5229299ABB0EE,,,,,,PipingComp,,096059B5100DF4E1C33DE2437345E3F0
0B711B681BD1CCC1D19927A3629A6746,Insul Purpose(null) Is Not = Insul Purpose(1001),InsulPurpose=InsulPurpose,1,2,1,4,6158E2B61D526CDCEF4BE5A4E1BADB5C,2AE962F6B773F0DA5FBBE59108780E00,2D3AFA63D7D2F3789456A9CC82094BD8,,,"3""-SW-U110-2677-B2",,PipeRun,PipingComp,64BAF0523BD0EBA2719E81173A0AA56D
16C76B3613737D04A472D3AFEF2F2A85,Temperature(A) Is Not = Temperature(B),ProcessDesign.Max.Temperature=ProcessDesign.Max.Temperature,1,1,1,5,09B849AEED982B62E9F3EE29EDEEC671,D9BE4C00EE5BDBE6BF9E15F852918594,8C2863BEA9A732DA870778570D410A44,,,"2""-P-U100-6994-A1",U100-P-7904,PipeRun,Mechanical,096059B5100DF4E1C33DE2437345E3F0
65DD75707A7557CE31A39828CDBBEB92,Tag Sequence No(null) Is Not = Tag Sequence No(10),TagSequenceNo=TagSequenceNo,1,1,1,8,AD30B5093008D7E1C969D33AAA9529CF,C18269EEECDBD4620546A91B7514D274,BFD645FCC79C4A704732ADC94620DFFF,,,"3""-FG-U110-1062-C1","4""-N2-U110-3175-C1",PipeRun,PipeRun,64BAF0523BD0EBA2719E81173A0AA56D
2EE024456F4351EEEC5A9D56D898707F,Tag Sequence No(P) Is Not = Tag Sequence No(N),TagSequenceNo=TagSequenceNo,1,1,1,6,0392DEA5879E192324B03DD24ABE0A4B,9701931D76632522F68F0A5A80BF451D,9642910E61AACFC7DD6A6E1C929E280D,,,"4""-FG-U100-4918-C1","4""-P-U100-4550-C1",PipeRun,PipeRun,096059B5100DF4E1C33DE2437345E3F0
18F2768257789BA177FA5BCE0A19F29B,Piping Materials Class(null) Is Not = Piping Materials Class(1001),PipingMaterialsClass=PipingMaterialsClass,1,2,1,5,773270B8D0D799071653A7C5AD80D6C4,9A0FA83735EB12F44635B3967215D331,8A3DA48A3EC6BE3AD30E64FFD54D6D44,,,"3""-FG-U100-4462-B2",,PipeRun,PipingComp,096059B5100DF4E1C33DE2437345E3F0
68E7DA672D46B3FA2064FE403CEB81AC,The connector endpoint is unattached,,5,2,1,5,FDE23B4165E28F0F5CCF76EA194FDFC1,4689EABC1F254F9566DBFA2513A09BCB,,,,"3""-N2-U120-6766-A1",,PipeRun,,C00FC3A0FFB871F69522C7C9D3CA4128
0E492C57686950BA974077FFED340A23,Fluid System(null) Is Not = Fluid System(10),FluidSystem=FluidSystem,1,2,1,5,39AC202C5FADAB3D6A6DB0EC72C695F4,70F777AC9EFFC030619DF31A3BF6E738,5F64287F78C7A58DE8383D47061C3776,,,"6""-N2-U110-6645-B2",N20,PipeRun,Nozzle,64BAF0523BD0EBA2719E81173A0AA56D
5ABD5D9040840EA4BC054512FA666590,Stream No(null) Is Not = Stream No(1001),StreamNo=StreamNo,1,1,1,5,398D2861A687D2248F8B7B269AB3F869,58C070E828D825AB893F4E62B55B4C88,737AD9B7822ACE8E840B96632DEB5A08,,,"2""-CW-U100-5737-B2",U100-V-6401,PipeRun,Vessel,096059B5100DF4E1C33DE2437345E3F0
C9113E6F35513B5F916770AD9F733F06,The connect point is unattached.,,2,1,1,5,5666596060ECE59F65B4EDF64AB413A3,2FD23311AD9A066BED75E3AF2E81529D,,,,,,PipingComp,,C00FC3A0FFB871F69522C7C9D3CA4128
F1D5346B4380816240790BCBCC4E0CF9,Cannot evaluate consistency,,6,1,1,5,601351B316B14DC2F37D75025FEF4ADC,FE067034B1DE7EBEE0404B6DCC39D5E5,,,,,,PipingComp,,64BAF0523BD0EBA2719E81173A0AA56D
7788AB509AA0BCDBE7BC6EBF91ECAD54,Nominal Diameter(10) Is Not = Nominal Diameter(null),NominalDiameter=NominalDiameter,1,1,1,5,0E469E9DB82FD84C0313BAE4FE949FA2,4FD1400AD5BC3CC03F32F4AA226D630A,325C9B31A865FF22E675C0985696997D,,,,U140-V-1452,PipingComp,Vessel,D9F0C3193820468A97BD76260565103A
7D72BDAD1DB4221EC3E3050592DBF566,The connector endpoint is unattached,,5,2,1,5,79F1A8C9EBEDDCDF31BB2517FD95FBB1,E95979EE736610CFC814863639BC43BB,,,,"3""-P-U100-7831-C1",,PipeRun,,096059B5100DF4E1C33DE2437345E3F0
1A1F0582B1B56BF4322F168001AB9D92,Piping Materials Class(null) Is Not = Piping Materials Class(1001),PipingMaterialsClass=PipingMaterialsClass,1,2,1,5,389D1D5CB5F8E22FCF57588453D88427,E02485EFC04050D7DF6CE8044FEF7CE8,56A1E75AFFB5770D6ED0860AECECF167,,,N1,,Nozzle,PipingComp,096059B5100DF4E1C33DE2437345E3F0
3F081815F71347E5C5A6B6204DC5DBD5,The connector endpoint is unattached,,5,1,1,5,3A476B6438F1402ED1D87A6E25E76E99,63B460EB51CC8AB26B6B998632704F9D,,,,"2""-SW-U150-9699-C1",,PipeRun,,01DE7FEE8D4CBFB143281F4BD48C69EC
520005CEC9B9F3BB06016AFDD8BB4446,Tag Sequence No(A) Is Not = Tag Sequence No(B),TagSequenceNo=TagSequenceNo,1,1,1,4,FCBF8FEA7A21695AAEDD995555D7C788,A230238D5C0EC0D86BA9514558FDAFC0,6B494BCBBF850E14C1B0541233D05BEB,,,"8""-CW-U110-4868-B2","4""-N2-U110-6849-C1",PipeRun,PipeRun,64BAF0523BD0EBA2719E81173A0AA56D
4AD907C054A413E094E642E829AC1158,Nominal Diameter(null) Is Not = Nominal Diameter(1001),NominalDiameter=PipingPoint1.NominalDiameter,1,1,1,5,0F189CC773B3B551169C36E904073502,F0B3200BBE45A7138F8B4B14CC243E00,A208CC437CE833162E8E124CF585BCDF,,,U110-LT-9648,"6""-P-U110-1876-B2",Instrument,PipeRun,64BAF0523BD0EBA2719E81173A0AA56D
83E4179F96FABE44B45477C6BE6A1EEF,The connect point is unattached.,,2,1,1,5,F2DE2AE17F901C2864FF84814A155A7C,4612230B095A20A59F86895C55E0C933,,,,,,PipingComp,,64BAF0523BD0EBA2719E81173A0AA56D
CFBA0B8EE62735420CB06B6F5746187B,Temperature(A) Is Not = Temperature(B),ProcessDesign.Max.Temperature=ProcessDesign.Max.Temperature,1,1,1,8,C393C5CDE02B4F8045042EE065265D02,511EC34F2CE91971D792C253DBE93870,E010943A50BE524696FE05E6D3AC6163,,,U120-LT-6872,,Instrument,PipingComp,C00FC3A0FFB871F69522C7C9D3CA4128
D588F89B2DF5047149DD7DADB1FEFB52,The connect point is unattached.,,2,1,1,4,7E57DDE07CD80FA372A80C0659F4615D,E380FEB9EE4293B199639A54484864D2,,,,,,PipingComp,,096059B5100DF4E1C33DE2437345E3F0
7AD0E85C8E7AB439044B81872C5AD061,Temperature(P) Is Not = Temperature(N),ProcessDesign.Max.Temperature=ProcessDesign.Max.Temperature,1,1,1,4,56ED0E2A32F2B6A131C77E86DE15A5CF,7E4FADBE34F55AB8003122851E718504,B1F4A49943D70C4F07B5A2C8BE549D52,,,"2""-CW-U110-4066-B2","6""-FG-U110-3402-C1",PipeRun,PipeRun,64BAF0523BD0EBA2719E81173A0AA56D
FA53CC604208B4F32BFAA875AA89BC35,Temperature(null) Is Not = Temperature(1001),ProcessDesign.Max.Temperature=ProcessDesign.Max.Temperature,1,1,1,5,BC1EB0F397920DFACFB05C10740478BB,EC42D4301ECC63433DA14119F2FE2C95,C41EACA7BE2B131E3CA9FE7D54704B45,,,U140-SIG-7514,"4""-N2-U140-4880-A1",SignalRun,PipeRun,D9F0C3193820468A97BD76260565103A
A2CBA6E5DE689F3AB736B8293F3FCC10,Tag Sequence No(A) Is Not = Tag Sequence No(B),TagSequenceNo=TagSequenceNo,1,1,1,5,39AC202C5FADAB3D6A6DB0EC72C695F4,DFD165D76F7DCD2DFA219800FA5EEBCD,FFEB5F92D65A354FB0E868916FF9C9F6,,,U110-SIG-2781,"6""-CW-U110-7713-A1",SignalRun,PipeRun,64BAF0523BD0EBA2719E81173A0AA56D
0F06F3D293DFB5B4CD254E93C86D3FC9,The connect point is unattached.,,2,1,1,5,6040BC346C6FDD3461209D95E733310F,7D9274EBFF538D93D9121FFDC64F6A1A,,,,,,PipingComp,,C00FC3A0FFB871F69522C7C9D3CA4128
1EADD6659F31C37A8F03563D3567D91F,The connect point is unattached.,,2,1,1,6,3527AD6A10D975ABB83E11A13953CC6A,0A1F6B19111C97200F5ECE8F891D4995,,,,,,PipingComp,,096059B5100DF4E1C33DE2437345E3F0
1D51351CD7E7989D9CA43F722682A00C,Fluid System(P) Is Not = Fluid System(N),FluidSystem=FluidSystem,1,2,1,7,A9058D04C51DCEE9A160B1C6F5571F86,C27A955095F37F4C356AFEE2D48494F0,6A6FD35CFF78D017F431CC7B121C1925,,,"4""-CW-U100-4949-B2",,PipeRun,PipingComp,096059B5100DF4E1C33DE2437345E3F0
34CC763736D7FFCDCD893645F4D0DE9E,S P_ Commissioning System(null) Is Not = S P_ Commissioning System(10),SP_CommissioningSystem=SP_CommissioningSystem,1,2,1,8,6291B69CCDBF5D0F638861CC79DA3744,ED684BF09B4B8E82D3DF39B186057F8C,06116F6685F85468436706D89978721C,,,"4""-SW-U100-8342-C1","4""-CW-U100-9243-C1",PipeRun,PipeRun,096059B5100DF4E1C33DE2437345E3F0
D1918448D800E8B0CBEC716E4E5EDE65,Pressure(A) Is Not = Pressure(B),ProcessDesign.Min.Pressure=ProcessDesign.Min.Pressure,1,1,1,5,88CF47B80E7B23F78DB45AEAF7014E6D,16D8DFB1B737D72B29E6B90EB06EF69F,55128D622A083FEB14B8BB3153BEF4A2,,,,,PipingComp,PipingComp,096059B5100DF4E1C33DE2437345E3F0
38E77994DFDA294316C5239BD3AE6680,Temperature(P) Is Not = Temperature(N),ProcessDesign.Min.Temperature=ProcessDesign.Min.Temperature,1,1,1,5,FDE23B4165E28F0F5CCF76EA194FDFC1,6408A083068CF974C88CCD46D3468753,2B94CD300DD0629F60DDCB4387A8A2E0,,,,N15,PipingComp,Nozzle,C00FC3A0FFB871F69522C7C9D3CA4128
3671175B90C90A2E024BF0B8F39C44DB,Piping Materials Class(null) Is Not = Piping Materials Class(1001),PipingMaterialsClass=PipingMaterialsClass,1,1,1,5,51629E19B54AE62FCF3CDDC55AE9712C,0910A90AF658BEA885826FAB587A8D93,2A6BAE6C50BE0F3C529FC2368F60DC98,,,U110-SIG-7063,"4""-SW-U110-1355-B2",SignalRun,PipeRun,64BAF0523BD0EBA2719E81173A0AA56D
ECC4C6906755AE32159DFB8978090D8E,Tag Sequence No(10) Is Not = Tag Sequence No(null),TagSequenceNo=TagSequenceNo,1,1,1,5,F1EF04D39DED40036AFAFD422CCD20FA,0E2F606A75EE64B005C6A838C62B6501,D9DBD034F0956BC39ECAC0A2E2BC9EAE,,,N17,"4""-CW-U140-6213-B2",Nozzle,PipeRun,D9F0C3193820468A97BD76260565103A
90C05557EBE94BDF6280D9D5706A06F0,The connect point is unattached.,,2,1,1,5,1E496BD689A5F1E481C9FC401574DA2D,23C57E094657A13E624671A049973851,,,,,,PipingComp,,A6E500CA1BC9D6D1043E4F2EE6CC6F78
294766A7EBAD2AC0A26783212EEC1740,Nominal Diameter(null) Is Not = Nominal Diameter(1001),NominalDiameter=NominalDiameter,1,1,1,4,F080BF4D39D055F1BF81027E490635FB,D40B437AB9E30810831CA7553C241C3D,22F8BCD960E76F3013E3C278E247FBCA,,,"4""-P-U110-4104-C1","2""-CW-U110-7504-A1",PipeRun,PipeRun,64BAF0523BD0EBA2719E81173A0AA56D
E8958B3799AB12A67D70E5CAB00A4320,The connect point is unattached.,,2,1,1,5,DECE41AFF321975732B0ECB8FD1DA38D,23350E2139D0F8B71B737D2C0DE1835B,,,,,,PipingComp,,D9F0C3193820468A97BD76260565103A
647260DD588D449D3F884FB02EC4B87C,The connector endpoint is unattached,,5,2,1,6,D6AECFEC394831D038B8A7AF9F0A72DB,B2156499A7BC8728B3FF1579BF4CCB4C,,,,U100-SIG-4271,,SignalRun,,096059B5100DF4E1C33DE2437345E3F0
8A17B4AA43B0A414A6FF8D890D73A9A0,Tag Sequence No(20) Is Not = Tag Sequence No(25),TagSequenceNo=TagSequenceNo,1,2,1,5,FDDCAA6B1CDC8331F1083F5F610A82D9,E19E35E9D38C50DD1BFDEA6E63ACA3B1,E08F96D32254DB4FE1FC9D91CB933E7C,,,U100-LT-2674,"4""-N2-U100-4502-A1",Instrument,PipeRun,096059B5100DF4E1C33DE2437345E3F0
AFCFFAAD5CDC3FF84F561E9269688C57,The connector endpoint is unattached,,5,1,1,6,5CE832F931E8204D03655B818C0A3040,E961468915C72F5724F656E50ADC644D,,,,"2""-P-U120-8738-B2",,PipeRun,,C00FC3A0FFB871F69522C7C9D3CA4128
B98FF64AF9932ACF8C570B5C44B5A4E1,The connector endpoint is unattached,,5,1,1,5,8849EB9162837E2E0BCCA9869C4F150E,98C7C46A208C7A88E1095FA59452D21C,,,,"3""-CW-U100-9684-B2",,PipeRun,,096059B5100DF4E1C33DE2437345E3F0
8EB8FA8E5B6A9AEE2E04187F4EAC27A3,Piping Materials Class(null) Is Not = Piping Materials Class(10),PipingMaterialsClass=PipingMaterialsClass,1,1,1,5,F2DE2AE17F901C2864FF84814A155A7C,4AF293505BBF16B45763282D22A7D7C1,6302DD731EE7AE05BC161CFB7985D4F8,,,"6""-N2-U110-1039-A1","2""-P-U110-6075-C1",PipeRun,PipeRun,64BAF0523BD0EBA2719E81173A0AA56D
9585745DBBD5EBBCF47CAC5C04C7661E,Piping Materials Class(10) Is Not = Piping Materials Class(null),PipingMaterialsClass=PipingMaterialsClass,1,1,1,5,FCBF8FEA7A21695AAEDD995555D7C788,F9DCFECBEBF7E4C404BF09EDC0E24B4D,EF24CF2C056D312C802E93BFE3E10B37,,,"8""-N2-U110-5455-B2",,PipeRun,PipingComp,64BAF0523BD0EBA2719E81173A0AA56D
6A5C80F36A907FBEF79CAB7B98E083C7,S P_ Commissioning System(null) Is Not = S P_ Commissioning System(1001),SP_CommissioningSystem=SP_CommissioningSystem,1,1,1,5,3A476B6438F1402ED1D87A6E25E76E99,4B9E44F9BA441192392564ABC17BCBF0,74993D0B3A0D947F301B325392EF4244,,,"2""-SW-U150-6324-A1","3""-N2-U150-9549-A1",PipeRun,PipeRun,01DE7FEE8D4CBFB143281F4BD48C69EC
26195BC07F2271EF311A8C3373896E0F,Fluid Code(null) Is Not = Fluid Code(10),FluidCode=OperFluidCode,1,1,1,5,C67509544B54D5060A7EAE7CBB1667B1,2DED5A0570082DCA5BC7DA628980EC2B,5B3E6885E36F829D9AFACC92B4E484B5,,,"4""-N2-U110-1273-A1","3""-N2-U110-6370-C1",PipeRun,PipeRun,64BAF0523BD0EBA2719E81173A0AA56D
B6238E1680653299225C6DCBDDF54838,Tag Sequence No(null) Is Not = Tag Sequence No(10),TagSequenceNo=TagSequenceNo,1,1,1,5,EB84C3ED6C98463BEE12F30D0B9F43DF,231F7F31A579E307459CCEFCD6E14223,97153A7F5A7C0CEA58237373C03C1B57,,,"4""-N2-U100-9563-B2",,PipeRun,PipingComp,096059B5100DF4E1C33DE2437345E3F0
2A8B017211C18D90B9097C85CDAF7039,Nominal Diameter(null) Is Not = Nominal Diameter(1001),PipingPoint1.NominalDiameter=NominalDiameter,1,1,1,6,84881B6622C0E556382A2344B0D1A60A,669E9D9824F328F3D2A71013243AAC8B,E03D54FF336DFEC26A06A8C3AAFE1A04,,,N11,"3""-P-U120-5041-B2",Nozzle,PipeRun,C00FC3A0FFB871F69522C7C9D3CA4128
D2D3AC36593D17318EB244220EAD8CBA,Stream No(20) Is Not = Stream No(25),StreamNo=StreamNo,1,1,1,5,B3B218B39C0CFD8903048193366FC450,F666CF92FC48904870DF91F084352456,A5AB05B41C5A26D6B568433C1236F35D,,,,N11,PipingComp,Nozzle,C00FC3A0FFB871F69522C7C9D3CA4128
BF2FBAAFF05C71E55BE23EF9B5F4B591,The connect point is unattached.,,2,1,1,7,FC14EF1DD2710425786CCE66BFF4081A,9E8F17AC4789B41952B5A3813A0CD032,,,,,,PipingComp,,C00FC3A0FFB871F69522C7C9D3CA4128
BF06BB30CE2201859F237A629FA9F4E1,Cannot evaluate consistency,,6,1,1,6,389D1D5CB5F8E22FCF57588453D88427,25667EA3C5FE021EFB4F47F31A3A274C,,,,,,PipingComp,,096059B5100DF4E1C33DE2437345E3F0
0889C601B96047037EF6024DC2DFFFF6,Insul Purpose(null) Is Not = Insul Purpose(1001),InsulPurpose=InsulPurpose,1,1,1,5,F2DE2AE17F901C2864FF84814A155A7C,F7B172BE294A656FBF5E95E3C21A91D9,8DC034D4C22E25CD92E6E4626E4EBB58,,,,U110-P-7358,PipingComp,Mechanical,64BAF0523BD0EBA2719E81173A0AA56D
3A11B0D75D698931EC436EBEE3B96F27,The connect point is unattached.,,2,1,1,5,5CE832F931E8204D03655B818C0A3040,0B70DD8D220F16773B9BFF303856BD32,,,,,,PipingComp,,C00FC3A0FFB871F69522C7C9D3CA4128
442E6EB7FCF16B926DAD24D0E24EB60F,The connector endpoint is unattached,,5,1,1,8,84881B6622C0E556382A2344B0D1A60A,D1C5449D87D6C9ABAE21BE6791CD43BE,,,,"8""-N2-U120-5938-B2",,PipeRun,,C00FC3A0FFB871F69522C7C9D3CA4128
822BD3F698832F1FEC00A6F99E2A4CBB,The connector endpoint is unattached,,5,1,1,5,6291B69CCDBF5D0F638861CC79DA3744,3F4DE1AF12669ED202B10558DD8FC2C7,,,,"2""-CW-U100-8988-B2",,PipeRun,,096059B5100DF4E1C33DE2437345E3F0
8DA62077BDC21A2AFF3A5412A60416D3,The connect point is unattached.,,2,1,1,4,B3B218B39C0CFD8903048193366FC450,B913E02D29E3C991E21E3B16616F429E,,,,,,PipingComp,,C00FC3A0FFB871F69522C7C9D3CA4128
35DE2A8B5CEB789B22424C8266D5D1CE,Temperature(null) Is Not = Temperature(10),ProcessDesign.Max.Temperature=ProcessDesign.Max.Temperature,1,1,1,5,7D71DEDB49CC172EDC86477D5C65FF76,88F5FB5D7EE947FAB735318EBEE1F7F1,52BE540C802919637317D42E0098C3B4,,,,"8""-FG-U100-5490-B2",PipingComp,PipeRun,096059B5100DF4E1C33DE2437345E3F0
FAF8F092EADDC12C2A8BE1BAD06B8F85,The connect point is unattached.,,2,2,1,8,A31D08ECA435F7F0C91AE9A1FB1D53A9,86709D6F9752800392199487B1DCE59B,,,,,,PipingComp,,096059B5100DF4E1C33DE2437345E3F0
DDFF2088299FBD28FB1E1874FC84294D,The connector endpoint is unattached,,5,1,1,5,AD30B5093008D7E1C969D33AAA9529CF,B8005425AAA334ED0BE8B3DEE897D9F8,,,,U110-SIG-2833,,SignalRun,,64BAF0523BD0EBA2719E81173A0AA56D
80DADB5753D1828B073FCF7BED19C2B4,Nominal Diameter(P) Is Not = Nominal Diameter(N),PipingPoint1.NominalDiameter=NominalDiameter,1,1,1,8,6B3A0DA91E99604DA5AD2D88D84CC2A6,59E96A71FF8E26A12CF6CA51227D4C3D,17A8E961ACA9C01281FCFDDCAE01E882,,,"2""-SW-U130-3239-B2",U130-LT-5259,PipeRun,Instrument,A6E500CA1BC9D6D1043E4F2EE6CC6F78
C7DE31F12BEC578A55E6674D447079B0,Fluid Code(A) Is Not = Fluid Code(B),FluidCode=OperFluidCode,1,1,1,5,D0C901DDF31E7BEF10FE194B6901709E,15CFA330521741336DFFD610032F7C27,5281CEE5A16609E1699FDCF6E11CF755,,,,U100-P-4555,PipingComp,Mechanical,096059B5100DF4E1C33DE2437345E3F0
66FF37A469C7F7FD300132055B6E13E2,The connector endpoint is unattached,,5,1,1,5,216C0C87DC569318B5C4DD82C39DC932,71C9A43AB2A86A9B3CEBF89EAE142A3D,,,,"4""-N2-U110-2840-A1",,PipeRun,,64BAF0523BD0EBA2719E81173A0AA56D
52891259C1E7BEE1A68F5DE020B3CB22,S P_ Commissioning System(20) Is Not = S P_ Commissioning System(25),SP_CommissioningSystem=SP_CommissioningSystem,1,1,1,5,79F1A8C9EBEDDCDF31BB2517FD95FBB1,77484943616BE25B2F87B9A5FF7639B0,3995A01FE11FC944F62195A6E687F80E,,,,"8""-N2-U100-6475-B2",PipingComp,PipeRun,096059B5100DF4E1C33DE2437345E3F0
0A442A6E4694110D4E7463C633333BE6,Oper Fluid Code(null) Is Not = Oper Fluid Code(1001),OperFluidCode=OperFluidCode,1,1,1,6,216C0C87DC569318B5C4DD82C39DC932,73AF21D90985B13524C7567E066DADAB,6ED1091F46B0CCD5F216D0A0323D144F,,,U110-SIG-7496,"4""-N2-U110-5424-A1",SignalRun,PipeRun,64BAF0523BD0EBA2719E81173A0AA56D
7953FC345C9C62DC611C35C3056A865E,The connect point is unattached.,,2,1,1,4,6158E2B61D526CDCEF4BE5A4E1BADB5C,D77C1F264D79FFC8EF5542674C187D08,,,,,,PipingComp,,64BAF0523BD0EBA2719E81173A0AA56D
2E9FF8F64094AFED186CBF200B70C444,Pressure(20) Is Not = Pressure(25),ProcessDesign.Max.Pressure=ProcessDesign.Max.Pressure,1,2,1,8,D0C901DDF31E7BEF10FE194B6901709E,AE41A2934AD6EBC08882E33CAC106628,BB06400C0AC433DE342E34E298F27C5D,,,"8""-N2-U100-3099-A1","4""-FG-U100-7114-C1",PipeRun,PipeRun,096059B5100DF4E1C33DE2437345E3F0
DEC52CFF742E4841990B197A75DEDF83,Piping Materials Class(P) Is Not = Piping Materials Class(N),PipingMaterialsClass=PipingMaterialsClass,1,1,1,5,AD30B5093008D7E1C969D33AAA9529CF,9038FC2A5926EFCE1F7214EE01E39DA7,036D3EBAF835B1CFFF40111918E5CBD9,,,"2""-N2-U110-4350-B2",,PipeRun,PipingComp,64BAF0523BD0EBA2719E81173A0AA56D
4747DD01F8D3373622793B540130C83F,The connector endpoint is unattached,,5,1,1,8,331E6C2270DCE687D4EA54A3CDA45B66,3AC0EAE5AECA9A29D4CC58D65E2EE8E0,,,,"8""-N2-U110-2768-A1",,PipeRun,,64BAF0523BD0EBA2719E81173A0AA56D
90AE2FD0C9D38379C41552BDAD750164,Pipe Line F R O M(P) Is Not = Pipe Line F R O M(N),PipeLineFROM=PipeLineFROM,1,1,1,5,79F1A8C9EBEDDCDF31BB2517FD95FBB1,02CE313393BCCA50C44B9AE58D07CD09,F164F0BA02D2AD5A7C3D2609D3BBAA36,,,"6""-N2-U100-8828-C1",U100-PT-5799,PipeRun,Instrument,096059B5100DF4E1C33DE2437345E3F0
9D63EC2BC9F03D8E0A1C40A3BDD4EBA2,The connect point is unattached.,,2,1,1,5,0EA95E3C2BE73E517C3ECAE068D39A87,ACBB485586F12D4FF583A178A58D2F1E,,,,,,PipingComp,,64BAF0523BD0EBA2719E81173A0AA56D
C1FAEF48A1AC291C9F508178DC0A7F10,The connector endpoint is unattached,,5,1,1,5,1414C58300B531C882559B0BBC7E71CE,F2785ACF5936B95CD731ABD574BB1BF3,,,,"3""-N2-U120-3558-A1",,PipeRun,,C00FC3A0FFB871F69522C7C9D3CA4128
0F3EDBC7FA0419E4A9DD13A221674C2A,S P_ Commissioning System(P) Is Not = S P_ Commissioning System(N),SP_CommissioningSystem=SP_CommissioningSystem,1,1,1,5,4D9F984D0ACCA97707860A010D4EB267,585C42EB0CB308A67FBD882AF928F5EE,A1EDDE6BF5D6B2EE752782B52C616AFC,,,N5,"4""-CW-U100-3091-C1",Nozzle,PipeRun,096059B5100DF4E1C33DE2437345E3F0
DA45D86D07EDDEB534AC3898F3E2B95E,Fluid System(null) Is Not = Fluid System(1001),FluidSystem=FluidSystem,1,1,1,5,CDD400CD096C474D65570ECB7DF03B90,128CA005ABC7A8C1FD6E97856BDBF8BE,B7139B78ADDBD351E2448DA4577A51B4,,,"8""-CW-U110-5878-A1","6""-SW-U110-4555-A1",PipeRun,PipeRun,64BAF0523BD0EBA2719E81173A0AA56D
12A29A8157E1C125A5EE87D2A8DB7944,The connector endpoint is unattached,,5,1,1,5,5666596060ECE59F65B4EDF64AB413A3,1F526B4B747C9BCAFA2E1B4EEE64EB3D,,,,"6""-SW-U120-6419-B2",,PipeRun,,C00FC3A0FFB871F69522C7C9D3CA4128
648399432A0374724DC0F85252E890FF,Pipe Line T O(10) Is Not = Pipe Line T O(null),PipeLineTO=PipeLineTO,1,1,1,4,6151546FAEC5D02EC2BD91CBFCE85343,5740BE516B30B55460BD15A25F15BF3C,DE67A6651D9F8AED620166AF45348982,,,U100-PT-3161,"8""-SW-U100-2335-B2",Instrument,PipeRun,096059B5100DF4E1C33DE2437345E3F0
963063FCFD84AADA27E619641E2D312E,Fluid Code(10) Is Not = Fluid Code(null),FluidCode=OperFluidCode,1,1,1,6,3527AD6A10D975ABB83E11A13953CC6A,3D6D98E2464870D178D68FB41B526348,FC11280BE080D264B8D4383A8D747735,,,"6""-CW-U100-4746-B2","4""-P-U100-6592-B2",PipeRun,PipeRun,096059B5100DF4E1C33DE2437345E3F0
5793AC7C05AF7591CDCF2F132DFB7A96,Temperature(null) Is Not = Temperature(10),ProcessDesign.Min.Temperature=ProcessDesign.Min.Temperature,1,2,1,5,306BDAD413B5B8D3A5D97A38517E5EDC,05894553DE828C82AF122032795B6A95,E72F9219D69225BA17E877E1E052A9FF,,,"3""-CW-U100-5152-B2","8""-SW-U100-7083-C1",PipeRun,PipeRun,096059B5100DF4E1C33DE2437345E3F0
CB72470EB0ED0CA30FFB28EF84D5D54A,Oper Fluid Code(10) Is Not = Oper Fluid Code(null),OperFluidCode=OperFluidCode,1,2,1,5,1A309918F041827BE1FA5F5984EC1520,CB4FDB85F7EE1EB0507E9369B8CF6A0D,FD454E898A7C7A781059068EBD99D49F,,,"6""-CW-U120-3489-B2","8""-CW-U120-8294-B2",PipeRun,PipeRun,C00FC3A0FFB871F69522C7C9D3CA4128
6C49303078E5DBD86C016AB4E07C1452,Temperature(10) Is Not = Temperature(null),ProcessDesign.Max.Temperature=ProcessDesign.Max.Temperature,1,2,1,5,09B849AEED982B62E9F3EE29EDEEC671,3099769B15E06DF3F4AE1C55159626FC,2D6BB703A5CD32B67397F7A31E847DC8,,,,"4""-FG-U100-3851-A1",PipingComp,PipeRun,096059B5100DF4E1C33DE2437345E3F0
111E3E60F5A3B31AEEB976D1E5514EB9,Piping Materials Class(null) Is Not = Piping Materials Class(10),PipingMaterialsClass=PipingMaterialsClass,1,2,1,6,18A21E6DEAED6CF69C7A0F693E18F8F6,3B4B5B77CB9586AAB8F78A8C534792D0,01741C0EA0844E7C8C6685D2DD78393B,,,"3""-SW-U120-1310-C1","4""-FG-U120-1580-C1",PipeRun,PipeRun,C00FC3A0FFB871F69522C7C9D3CA4128
273E99181AC6258CBEC6821E24D6CB18,Tag Sequence No(null) Is Not = Tag Sequence No(1001),TagSequenceNo=TagSequenceNo,1,1,1,5,F12F76029BAACE8FDD84CE7B4517354C,3A85997D1BD220FC7B3A61D193511812,7254DB041C6CEF14F8BE3DDEC7DF3B58,,,"6""-N2-U100-7751-B2",U100-P-4791,PipeRun,Mechanical,096059B5100DF4E1C33DE2437345E3F0
9679D6ABCDD0DFE229F12C178D2B47F7,Stream No(A) Is Not = Stream No(B),StreamNo=StreamNo,1,1,1,5,0E469E9DB82FD84C0313BAE4FE949FA2,F48207FB70306F7E4A5ABFE25596423A,D1AFE979C8C0D018F7D8B91FA6EEF5F4,,,"8""-P-U140-3830-B2","6""-SW-U140-1404-A1",PipeRun,PipeRun,D9F0C3193820468A97BD76260565103A
EADDA3208D764D7678C4EF581FAD8E23,Pipe Line F R O M(20) Is Not = Pipe Line F R O M(25),PipeLineFROM=PipeLineFROM,1,1,1,5,A17A0CA8D98B9DE1644AE4F152B59223,2C98E5A6C5D40A5091D24366088950B4,C7BC5E158CF0BB4B7FEBD7DBE0A8EABA,,,U140-SIG-3574,U140-FT-2121,SignalRun,Instrument,D9F0C3193820468A97BD76260565103A
9E37DC7863A9E2FBF0124AAC775A4D8F,The connector endpoint is unattached,,5,2,1,7,278193BC545CB1E30C860219320DC6B9,6C70AD7745EF7ADD654C5CCB09646598,,,,U160-SIG-3646,,SignalRun,,01D6B91D5D07C07D22E70FD0038D63D4
982922EB58D367EA426599EC351990C3,The connect point is unattached.,,2,1,1,5,09B849AEED982B62E9F3EE29EDEEC671,95435905CD2104A8361C394EF8BBE6C0,,,,,,PipingComp,,096059B5100DF4E1C33DE2437345E3F0
9E312C8A507E754D12E18EA46AA11A77,Fluid System(10) Is Not = Fluid System(null),FluidSystem=FluidSystem,1,2,1,4,8B085CA066E537966E96C4FA8A111B2A,A9E9AA423D7188CA6E67993F0AA00ECB,915A8BF9DA1E10930E49076A9817C4A6,,,"6""-CW-U110-2567-B2","3""-FG-U110-6883-B2",PipeRun,PipeRun,64BAF0523BD0EBA2719E81173A0AA56D
6662E3F6BF4705D2D4FBAEB1E9C8894B,Stream No(null) Is Not = Stream No(1001),StreamNo=StreamNo,1,2,1,5,F8CAE444C3FB934DB7214A7B88D9F3C6,893BEC5BE393FC77118A3C611C4D4ACD,E889AE81F7D36A3BCF4AA3969ABCCD6B,,,"2""-P-U160-2781-B2",U160-TT-9677,PipeRun,Instrument,01D6B91D5D07C07D22E70FD0038D63D4
629113353ED0D792247C8D43EC442151,Fluid System(null) Is Not = Fluid System(1001),FluidSystem=FluidSystem,1,1,1,5,C488662F969F34058A82ECE077975BE5,248E6B53D4E990931F0E34239D73ED9C,CD4D304F88C6C9C7C6F6EBA9D4245D2B,,,"4""-SW-U100-2654-A1","4""-SW-U100-2788-B2",PipeRun,PipeRun,096059B5100DF4E1C33DE2437345E3F0
4A22EF94BB8CEB82F389B565904AAD50,Cannot evaluate consistency,,6,1,1,5,C2DF5D56839629AFC8F152541A0C3236,BEB05A9E5164566C1B2B29CF5A78966C,,,,,,PipingComp,,C00FC3A0FFB871F69522C7C9D3CA4128
399D203271A182183F3F0657C255FF29,Cannot evaluate consistency,,6,1,1,5,79F1A8C9EBEDDCDF31BB2517FD95FBB1,C098F2CE293EE48CA123D9C4FEB3F08E,,,,,,PipingComp,,096059B5100DF4E1C33DE2437345E3F0
70633D4B83F45BC35A427E9843D4F042,The connect point is unattached.,,2,1,1,5,1A309918F041827BE1FA5F5984EC1520,4A958FF565440F6CD650ECA78B987C82,,,,,,PipingComp,,C00FC3A0FFB871F69522C7C9D3CA4128
A5426A18024A85248302948DE946BF88,Stress Analysis Reqmts(A) Is Not = Stress Analysis Reqmts(B),StressAnalysisReqmts=StressAnalysisReqmts,1,1,1,5,306BDAD413B5B8D3A5D97A38517E5EDC,F4E1076A573759EDE498F5D6C2C52A49,F4B2628D32A7E0D8F59DA37330E8F120,,,"4""-CW-U100-5536-A1","4""-SW-U100-3085-B2",PipeRun,PipeRun,096059B5100DF4E1C33DE2437345E3F0
BBF60D242F8ADB4973E4CC5834D8DFED,Pipe Line T O(A) Is Not = Pipe Line T O(B),PipeLineTO=PipeLineTO,1,2,1,6,C393C5CDE02B4F8045042EE065265D02,B18D3790E7E4EB185DB5AE8656F53903,F988CBFDF91DABE2DA2F3094623E1DF7,,,"2""-N2-U120-1102-B2","2""-SW-U120-1004-A1",PipeRun,PipeRun,C00FC3A0FFB871F69522C7C9D3CA4128
882410F884AAF5D277D7EEFE5BF9FB47,Supply By(null) Is Not = Supply By(10),SupplyBy=SupplyBy,1,1,1,5,8849EB9162837E2E0BCCA9869C4F150E,73B0660ABD8FC53C73CB7BF9A7CDD4B9,9A7E87C8EBA41618EEAAB9324D005DA2,,,"6""-N2-U100-9264-A1",,PipeRun,PipingComp,096059B5100DF4E1C33DE2437345E3F0
241FF3F7355478DD2104B2FAFDFD9D2F,Stream No(20) Is Not = Stream No(25),StreamNo=StreamNo,1,1,1,5,79F1A8C9EBEDDCDF31BB2517FD95FBB1,B400333F81507B9AFE83D3BF57315A08,67B78FA239F0932B092A3266FC7F834A,,,U100-SIG-4305,"6""-FG-U100-1916-B2",SignalRun,PipeRun,096059B5100DF4E1C33DE2437345E3F0
E2FFA2D9B75CBA6794ED8652F341DE9D,The connector endpoint is unattached,,5,1,1,5,EB84C3ED6C98463BEE12F30D0B9F43DF,E8DE783E8A267BABBF45F1041604C936,,,,U100-SIG-9072,,SignalRun,,096059B5100DF4E1C33DE2437345E3F0
B756FCDCE9F06ED109E0D6EA7DEB8E40,Piping Materials Class(null) Is Not = Piping Materials Class(1001),PipingMaterialsClass=PipingMaterialsClass,1,2,1,5,934DEBBD764EEE932EEB1036A99D497D,EC7AC1B929D578B4CCBE2D2049186B50,9BCD5B16B1C9F6BBB7F9E4EEB3E88642,,,"3""-CW-U170-6093-C1","2""-N2-U170-6793-C1",PipeRun,PipeRun,FEBE2715D378C22F880205573EA4893C
2344D87D1479301F4DBCC132AA40A49E,Cannot evaluate consistency,,6,1,1,5,6291B69CCDBF5D0F638861CC79DA3744,29D7C726947E9354B73CAD6DC7B885D4,,,,,,PipingComp,,096059B5100DF4E1C33DE2437345E3F0
C0E01B65611B33219585BD3EF55FED53,The connect point is unattached.,,2,2,1,8,6B3A0DA91E99604DA5AD2D88D84CC2A6,95BF783CE66D0E14F8AF16DFCD08BEED,,,,,,PipingComp,,A6E500CA1BC9D6D1043E4F2EE6CC6F78
B53EF685949F7769D919012FC9C2BA2B,S P_ Commissioning System(null) Is Not = S P_ Commissioning System(10),SP_CommissioningSystem=SP_CommissioningSystem,1,1,1,5,7A2DA80AC82E10C52551B5650E18A057,12D80DCABC18433B211DEA6AAF212E6E,8C35DD2239B3C4B73E97453BD622FEA7,,,"3""-SW-U110-8439-A1","3""-P-U110-7231-A1",PipeRun,PipeRun,64BAF0523BD0EBA2719E81173A0AA56D
E7CA40047411801A4FBB5EE0DB2979C1,W B S N O(20) Is Not = W B S N O(25),WBSNO=WBSNO,1,1,1,5,802EAA99A3004FC950D9B1E348DBF83A,4DB4BD39279E9577D1BBE2152C75C3F0,21EEF83875B7492394DC324DA97085E0,OPC-3681,,,"2""-P-U120-6480-B2",,PipeRun,C00FC3A0FFB871F69522C7C9D3CA4128
A9284322516365D745EAB98250D86AD9,Inconsistent flow direction,FlowDirectionFlowDirection,3,1,1,4,AED5A2B3BDE999F4FBD39B4768585C9B,753795077235E5AE95E56E7D137A92FE,1ED4E0EF47DA2AA75078751873FFCD85,,,"3""-N2-U100-9171-B2",,PipeRun,PipingComp,096059B5100DF4E1C33DE2437345E3F0
BF6C721C4F9CA2D0871DD3FD42D9A1FB,The connect point is unattached.,,2,1,1,5,09B849AEED982B62E9F3EE29EDEEC671,9F5E7AFCD28FBBCDD0BE7F846EF452C1,,,,,,PipingComp,,096059B5100DF4E1C33DE2437345E3F0
3EE5338AEB92F23BE594E1845802A2CE,The connector endpoint is unattached,,5,1,1,5,F26EA8DCAC4FF2ADCAF98D70A22BDE36,DDCA68515EB02E0D680D1A127448E8FD,,,,"3""-N2-U100-4669-B2",,PipeRun,,096059B5100DF4E1C33DE2437345E3F0
7FF4B42A588E0385ADD3B4396BB561E5,Nominal Diameter(10) Is Not = Nominal Diameter(null),NominalDiameter=NominalDiameter,1,1,1,5,09B849AEED982B62E9F3EE29EDEEC671,A2E9BBAD0A1B31594483107505267054,1B56F7B17890A1FA3176209B78BD83E4,,,U100-SIG-8036,"2""-FG-U100-2119-C1",SignalRun,PipeRun,096059B5100DF4E1C33DE2437345E3F0
5CA991D0ACC5255F692E1CEDA7D58E14,Piping Materials Class(null) Is Not = Piping Materials Class(1001),PipingMaterialsClass=PipingMaterialsClass,1,1,1,5,B28529F9BDDAE996DC661E392493AA84,66FB72472CFAD1125AFB7B67ACB67AD7,83DD736FB30585D50787B9F106905EED,,,"8""-P-U100-9096-B2",,PipeRun,PipingComp,096059B5100DF4E1C33DE2437345E3F0
28B4E6AE68BBB8DAD261D8C8206F5670,Tag Sequence No(10) Is Not = Tag Sequence No(null),TagSequenceNo=TagSequenceNo,1,1,1,5,FC14EF1DD2710425786CCE66BFF4081A,57851DF6C925E95D5954FB2E4101FC23,E85358707FCA1B5734943FA04A57D0B1,,,"4""-N2-U120-4393-B2","2""-N2-U120-3975-B2",PipeRun,PipeRun,C00FC3A0FFB871F69522C7C9D3CA4128
F043FA40A226EFA571CF9639804BEFF4,W B S N O(null) Is Not = W B S N O(1001),WBSNO=WBSNO,1,1,1,5,2B3958935C502A5BD6014003ADE8BF45,18CBDDEA159763F22CEFBB30B80D03A7,7042791852F35A43E56A99E7D8F71F24,,,"2""-P-U100-5738-B2",,PipeRun,PipingComp,096059B5100DF4E1C33DE2437345E3F0
D44C40C0748480D0F7A7499D711AC368,Piping Materials Class(null) Is Not = Piping Materials Class(1001),PipingMaterialsClass=PipingMaterialsClass,1,1,1,5,79F1A8C9EBEDDCDF31BB2517FD95FBB1,8B6239BF1DB36A2AF36462BC0AF5A10C,BEA1677A4EC12B7409B944F17A9902F2,,,"3""-FG-U100-6028-A1",U100-FT-2755,PipeRun,Instrument,096059B5100DF4E1C33DE2437345E3F0
CBD919ED074D5048F70A4844588BC53E,Temperature(null) Is Not = Temperature(10),ProcessDesign.Min.Temperature=ProcessDesign.Min.Temperature,1,1,1,6,FE07C65A61D59412AAE09752635EED7F,67915A6A01D96AC2629170D059C6D13A,4BFF4A15BD27DA8C9B2381EEABEED62A,,,,"8""-SW-U120-6631-C1",PipingComp,PipeRun,C00FC3A0FFB871F69522C7C9D3CA4128
B885F7DFDDC9E9503B53919ED97F9560,W B S N O(20) Is Not = W B S N O(25),WBSNO=WBSNO,1,1,1,5,5CE832F931E8204D03655B818C0A3040,E36E3DBD5599C22BAB7AD5003AC48666,0E962D136B5F15096485FD686FE040FF,,,"3""-P-U120-2298-B2","6""-CW-U120-2968-B2",PipeRun,PipeRun,C00FC3A0FFB871F69522C7C9D3CA4128
0C027ACDC22151EE3B1FB4964978B754,Nominal Diameter(20) Is Not = Nominal Diameter(25),PipingPoint1.NominalDiameter=NominalDiameter,1,1,1,5,836E6A85884EDA475926ABE1EE072B87,F818A5FD3B25B92654E61BA0A8C50E13,3672A35AFAF9423659DE2E385FA21793,,,"8""-FG-U100-8412-C1",N15,PipeRun,Nozzle,096059B5100DF4E1C33DE2437345E3F0
F49F039ADAB211C322BA852B07E86A0A,The connect point is unattached.,,2,1,1,5,DCDA1BE450F5E80C3409718F053DD006,357682651DD2C457471C09152F2A0545,,,,,,PipingComp,,096059B5100DF4E1C33DE2437345E3F0
85D7C9F1EA8A9C8EE5230BB80588FBDF,Tag Sequence No(10) Is Not = Tag Sequence No(null),TagSequenceNo=TagSequenceNo,1,1,1,6,F8CAE444C3FB934DB7214A7B88D9F3C6,F1F0B6CDD5F0240D631B94A2349D2624,30D5CC51FCB8287B98D4C09D202635ED,,,"2""-CW-U160-7809-A1",,PipeRun,PipingComp,01D6B91D5D07C07D22E70FD0038D63D4
3204F30B4EBA9877528A3B48482A815C,Pipe Line F R O M(A) Is Not = Pipe Line F R O M(B),PipeLineFROM=PipeLineFROM,1,2,1,5,F26EA8DCAC4FF2ADCAF98D70A22BDE36,F0016A62C32085A17B831D646744E711,137AE4C1BE361BC939AEC6A3FC19165B,,,"8""-SW-U100-3672-B2","6""-SW-U100-8946-C1",PipeRun,PipeRun,096059B5100DF4E1C33DE2437345E3F0
3F0DC6A36C73BF3383BCF64E46574E6E,Insul Purpose(null) Is Not = Insul Purpose(10),InsulPurpose=InsulPurpose,1,1,1,7,88CF47B80E7B23F78DB45AEAF7014E6D,67F47CE0E336E10AAB4F23A931BDED98,187C9ADDBCB54287C485DD2134581A83,,,"4""-SW-U100-8792-C1",N3,PipeRun,Nozzle,096059B5100DF4E1C33DE2437345E3F0
116B482134BFF19D08EC41BA3A42DA1E,The connect point is unattached.,,2,1,1,5,F2DE2AE17F901C2864FF84814A155A7C,7DAFB7596DA504FBF264EE55A8BBAC22,,,,,,PipingComp,,64BAF0523BD0EBA2719E81173A0AA56D
84AC9C6F4A047218BFCCA6C92E50CF81,Supply By(null) Is Not = Supply By(1001),SupplyBy=SupplyBy,1,1,1,5,449CB82CD20B56161A65C465C756ECA9,C98A21658869C14079E972C8261843F6,866167327B4FC8B08C2DC0BA0CAF2317,,,U180-TT-3683,"6""-N2-U180-2774-C1",Instrument,PipeRun,416E154110ACCEDA4EB45835BCDF4E10
E68160EF4D990CFABE261AFD4C6F871E,Stream No(P) Is Not = Stream No(N),StreamNo=StreamNo,1,1,1,5,802EAA99A3004FC950D9B1E348DBF83A,2FF7BFCB1557B203F15E03F502EE5989,E08C7F47B86CCA12D1B5F8A690036840,,,U120-TT-4420,,Instrument,PipingComp,C00FC3A0FFB871F69522C7C9D3CA4128
8A3757AD4543484D66EEB679B52B1BC9,Tag Sequence No(P) Is Not = Tag Sequence No(N),TagSequenceNo=TagSequenceNo,1,2,1,5,D39E239F866C2881A2B4A48AEE92B227,A2666BB5C03228571334A90B9768E6BB,917E15146DD928994FFCB62FA6951E90,,,,,PipingComp,PipingComp,64BAF0523BD0EBA2719E81173A0AA56D
6EAB87322C2E1ECBCE9206C164148BCC,Insul Purpose(null) Is Not = Insul Purpose(10),InsulPurpose=InsulPurpose,1,1,1,5,B2B85521054FADE48E3FE7341D0D79BD,753BE802D79811968F7C8A7195C5377E,EADCD0BEB02FE5DF45681AA0CE33DC88,,,"3""-CW-U100-6691-C1","2""-FG-U100-7413-C1",PipeRun,PipeRun,096059B5100DF4E1C33DE2437345E3F0
B4BCB6AD6CF067E4B27D1AC1EA839D60,Tag Sequence No(A) Is Not = Tag Sequence No(B),TagSequenceNo=TagSequenceNo,1,1,1,8,B28529F9BDDAE996DC661E392493AA84,5FE76694D584578943C194F97E01A41E,118639CC543DC9304F116FAC67B052DC,,,"3""-N2-U100-6585-B2","6""-CW-U100-8815-C1",PipeRun,PipeRun,096059B5100DF4E1C33DE2437345E3F0
D8871367429F5950BD953F1312F6D430,Insul Purpose(20) Is Not = Insul Purpose(25),InsulPurpose=InsulPurpose,1,1,1,5,DCDA1BE450F5E80C3409718F053DD006,F8A2AF7301752D58FC0211B23654241D,16C3C039DFFF20FD8AA7EA251818C0A9,,,,"6""-N2-U100-7289-B2",PipingComp,PipeRun,096059B5100DF4E1C33DE2437345E3F0
99B6DC40A399DCC6F31B433FCCD6684C,Piping Materials Class(null) Is Not = Piping Materials Class(1001),PipingMaterialsClass=PipingMaterialsClass,1,1,1,5,C0EAD0A4B486FE93E092B0A4C66FE67A,A503F74FC495AACEEFF4688F9E18643F,0589B61FF6D3C9CB8A298114608E0C64,,,"3""-SW-U120-8093-A1","6""-SW-U120-6725-C1",PipeRun,PipeRun,C00FC3A0FFB871F69522C7C9D3CA4128
C94423F9E9A810992FEE75FF5BD34D12,The connector endpoint is unattached,,5,1,1,5,B2E7EDD61174E8763991D6244E7B0DC9,658F4411A1682616636FC3EDD730CFC1,,,,U110-SIG-8911,,SignalRun,,64BAF0523BD0EBA2719E81173A0AA56D
CACA2EEF7277A812BAB100F2ABD5D558,Temperature(20) Is Not = Temperature(25),ProcessDesign.Max.Temperature=ProcessDesign.Max.Temperature,1,1,1,8,CEB62D4CAAAF04F8A4912A5C1E201C48,110B9CCA8FB2761A847F42068A999933,2EF4D7435DA14A6593D75F5F24B83B8A,,,"8""-FG-U100-5185-C1",U100-FT-8210,PipeRun,Instrument,096059B5100DF4E1C33DE2437345E3F0
77A3F2919E1A19BCBC41637E777B47D8,Nominal Diameter(P) Is Not = Nominal Diameter(N),NominalDiameter=NominalDiameter,1,2,1,5,D6AECFEC394831D038B8A7AF9F0A72DB,FC7577DDCABB9766088BD9C69EC5666E,FC394C281FEA2C9DB6F662F447BB95EA,,,"6""-SW-U100-1666-B2","4""-P-U100-5880-A1",PipeRun,PipeRun,096059B5100DF4E1C33DE2437345E3F0
AED722B9D0514DB6AA880A02A65A6343,Cannot evaluate consistency,,6,1,1,8,601B1D430AA7723D7796BEA4B1BFD84E,46D07016D3BBB71D2C758D5573D7E69A,,,,"4""-N2-U110-5693-B2",,PipeRun,,64BAF0523BD0EBA2719E81173A0AA56D
BFB4D6D5C0555CB633AD4322A0B17C7D,Cannot evaluate consistency,,6,1,1,5,D0C901DDF31E7BEF10FE194B6901709E,8717A4396909CF9CBE9A3C9E9FD8D0E5,,,,"4""-N2-U100-3748-B2",,PipeRun,,096059B5100DF4E1C33DE2437345E3F0
3DD437054276290C4971D234CBDEBEF1,The connect point is unattached.,,2,1,1,5,09B849AEED982B62E9F3EE29EDEEC671,208C119024F809D3853A865B1F5D053E,,OPC-3921,,,,,,096059B5100DF4E1C33DE2437345E3F0
90193FF45795D8A85EC4F6BA4DF96EF2,The connector endpoint is unattached,,5,1,1,6,B895CE1C3B8F71B260A922BB8629A63D,9B436E4F143BB164B8777D6192D83D60,,,,"4""-N2-U190-7399-C1",,PipeRun,,6D8BB49801DABF0F53249CDAD1D1A8C3
E329CBCB7711A7A153EE0230A92900E1,The connector endpoint is unattached,,5,1,1,5,6151546FAEC5D02EC2BD91CBFCE85343,3E5E046CDDCCAB2B3137E6FD5BE4BDB6,,,,"6""-N2-U100-4219-B2",,PipeRun,,096059B5100DF4E1C33DE2437345E3F0
F42DB1066595FEE8ABEB4EF553C2FD60,Insul Purpose(null) Is Not = Insul Purpose(10),InsulPurpose=InsulPurpose,1,1,1,5,719EAA06B1374B09D338FE3656748482,64269FF522DB36BF51BBF43337122EBD,BCDDB38DA6DB2DE07C080CF2FF1B2E04,,,U110-PT-4756,"3""-CW-U110-4927-A1",Instrument,PipeRun,64BAF0523BD0EBA2719E81173A0AA56D
E4690F1CDB4DF570487210332ABE18DD,Temperature(null) Is Not = Temperature(10),ProcessDesign.Min.Temperature=ProcessDesign.Min.Temperature,1,1,1,5,48ED1B18D83678C5AE1D0C63E17E0D06,62E05BB597F06C25F9B9790DF1A5E6FA,A27E5F5C6D0C15372CFA14A3837B955A,,,U130-FT-7365,"4""-FG-U130-1682-B2",Instrument,PipeRun,A6E500CA1BC9D6D1043E4F2EE6CC6F78
0EFE23EDF8EF6B358A4049B360B8CBA9,Fluid Code(P) Is Not = Fluid Code(N),FluidCode=OperFluidCode,1,1,1,5,09B849AEED982B62E9F3EE29EDEEC671,A570620EDF5B57767AA4F4F209B4711D,ACB87D82C052B681B9CC61ED365CB334,,,"8""-N2-U100-7979-A1",U100-LT-6552,PipeRun,Instrument,096059B5100DF4E1C33DE2437345E3F0
3F4F53A11AACBF1EBC82E051EED5D108,Pipe Line F R O M(A) Is Not = Pipe Line F R O M(B),PipeLineFROM=PipeLineFROM,1,2,1,5,398D2861A687D2248F8B7B269AB3F869,C4842F8B1B9906229742125D0B315146,B529537F78536B78411467E241502398,,,N1,"2""-P-U100-2005-B2",Nozzle,PipeRun,096059B5100DF4E1C33DE2437345E3F0
BEEED497C6796ACFED9E9E32B7317299,Tag Sequence No(10) Is Not = Tag Sequence No(null),TagSequenceNo=TagSequenceNo,1,1,1,5,09B849AEED982B62E9F3EE29EDEEC671,27A2CF8E9C0E05C5118279C91F99F9B7,63802E343EEA5DB9FA0E456F1317578B,,,"8""-P-U100-4125-C1","8""-N2-U100-5672-A1",PipeRun,PipeRun,096059B5100DF4E1C33DE2437345E3F0
DD2E3490CBE0935E01E11EACC19F8D43,The connector endpoint is unattached,,5,1,1,5,09B849AEED982B62E9F3EE29EDEEC671,1F10A962BC654427654BE002ADB8F249,,,,"4""-FG-U100-5821-B2",,PipeRun,,096059B5100DF4E1C33DE2437345E3F0
559AF1D1B6DFD94F974FEBF2E1EA07E6,A G P_ Liquid Penetrants(null) Is Not = A G P_ Liquid Penetrants(1001),AGP_LiquidPenetrants=AGP_LiquidPenetrants,1,2,1,5,0FF93C9F25A86D9862D3AE3A051BECA4,15C6DB8C11D569924BBB1B209453AC50,3C227630FAC2A022BD661E12ACF5D6B3,,,"2""-FG-U110-1746-A1","3""-CW-U110-1814-C1",PipeRun,PipeRun,64BAF0523BD0EBA2719E81173A0AA56D
D5AFA0104939423958324AF7B6F72FCE,Oper Fluid Code(null) Is Not = Oper Fluid Code(10),OperFluidCode=OperFluidCode,1,1,1,5,A31D08ECA435F7F0C91AE9A1FB1D53A9,511970935B21DF889946998E39E30586,5AC61DBC58C355232EEA374B8F61A729,,,N13,"2""-N2-U100-7884-B2",Nozzle,PipeRun,096059B5100DF4E1C33DE2437345E3F0
8E2845FF637A2A21C4F69CFFC782AF9A,The connector endpoint is unattached,,5,2,1,6,79F1A8C9EBEDDCDF31BB2517FD95FBB1,49B069AAA1088A1A5126413FAB9C1801,,,,U100-SIG-1878,,SignalRun,,096059B5100DF4E1C33DE2437345E3F0
1D40FE1EAED7FF20E9CF13CCBD582D8B,Fluid System(null) Is Not = Fluid System(1001),FluidSystem=FluidSystem,1,1,1,5,6291B69CCDBF5D0F638861CC79DA3744,48EAE8045AB82BA2DF28A80ED827082B,50F8485CE6A767EFFEF4E38717B458A2,,,"8""-SW-U100-7240-C1",N10,PipeRun,Nozzle,096059B5100DF4E1C33DE2437345E3F0
6D60ACB1F67902D0AFF851E02B0DFFF0,Nominal Diameter(10) Is Not = Nominal Diameter(null),NominalDiameter=NominalDiameter,1,2,1,4,1A309918F041827BE1FA5F5984EC1520,610AE68139C9DF99261CCA85AABCF540,F2505303E23916A173A8367BA3A8B590,,,"4""-N2-U120-7056-C1","4""-N2-U120-9299-B2",PipeRun,PipeRun,C00FC3A0FFB871F69522C7C9D3CA4128
0AF44B329143F18ECB7E80461478D538,The connect point is unattached.,,2,1,1,4,5BDD1E68CB7DF33559C65C4A568F3849,5FFECDA7C62110BB4B883E5DD95A99F5,,,,,,PipingComp,,096059B5100DF4E1C33DE2437345E3F0
4BF2B719D2F7BBC06ED8BC45266EBD3B,The connect point is unattached.,,2,1,1,6,9137D87671A897C3C0184D412B13110E,284082024F19630EA570097928420A87,,,,,,PipingComp,,01DE7FEE8D4CBFB143281F4BD48C69EC
4D28F973687745F8B284460B46FFC7CD,Inconsistent flow direction,FlowDirectionFlowDirection,3,1,1,4,0EA95E3C2BE73E517C3ECAE068D39A87,BA4FDB80FB22E1F71BC242A76CE3F382,1C88F4096BCB1ABA0E0C7DF36649E08A,,,"4""-N2-U110-7545-A1","4""-SW-U110-4956-A1",PipeRun,PipeRun,64BAF0523BD0EBA2719E81173A0AA56D
5F43EFE608E7911AFD3B837853A24B53,Nominal Diameter(null) Is Not = Nominal Diameter(1001),NominalDiameter=NominalDiameter,1,1,1,5,289E25E4233EED9A2913FDF22C37FABF,BA6C49DAC80796B50118E9C77ED9B608,3526C7B43257068FFC4CBA4695FE26B3,,,"2""-SW-U120-3034-C1","3""-CW-U120-3823-B2",PipeRun,PipeRun,C00FC3A0FFB871F69522C7C9D3CA4128
34080273DBD62F3B4D6EF6F01B600588,Stream No(20) Is Not = Stream No(25),StreamNo=StreamNo,1,1,1,5,56ED0E2A32F2B6A131C77E86DE15A5CF,2C46988DC4D88EA4E53035C0246D560C,CC948CA972225D6B4EA7C825816EC27F,,,"6""-P-U110-1753-B2",U110-FT-3245,PipeRun,Instrument,64BAF0523BD0EBA2719E81173A0AA56D
0EA686EA9E46B5BF056F656F33954BFF,Piping Materials Class(20) Is Not = Piping Materials Class(25),PipingMaterialsClass=PipingMaterialsClass,1,1,1,5,F26EA8DCAC4FF2ADCAF98D70A22BDE36,ACBC336B79BB69164929D3219979ADFB,F5B99DDD1AF778680E2636C24F9D2547,,,"2""-P-U100-9682-B2","3""-SW-U100-5549-B2",PipeRun,PipeRun,096059B5100DF4E1C33DE2437345E3F0
76F705472E2D18C4B2FC84D10E8F72B9,The connect point is unattached.,,2,1,1,5,AD30B5093008D7E1C969D33AAA9529CF,4B36A033C2B5FF5EB0CEB46E10A60181,,,,,,PipingComp,,64BAF0523BD0EBA2719E81173A0AA56D
A6310EF69CDB866D73A06D81CED90B45,W B S N O(20) Is Not = W B S N O(25),WBSNO=WBSNO,1,1,1,5,C488662F969F34058A82ECE077975BE5,E0F615E2010264A171029EEC714B0507,CC3DD3A30603FC4BBD404C5F4F003506,,,N18,,Nozzle,PipingComp,096059B5100DF4E1C33DE2437345E3F0
3AEEA48E6CB593CE5FE9650AF38684B9,The connect point is unattached.,,2,1,1,5,C393C5CDE02B4F8045042EE065265D02,A00EE8B540F94F4E686BECC2D3133BCF,,,,,,PipingComp,,C00FC3A0FFB871F69522C7C9D3CA4128
90145CA80FBA92EC024865E9B33FC8D7,W B S N O(A) Is Not = W B S N O(B),WBSNO=WBSNO,1,2,1,5,B2B85521054FADE48E3FE7341D0D79BD,43F10260DBF3ADD657E4C8D4A06695D1,AA5AF83F3B63A668739DB39315A9756B,,,,"2""-N2-U100-2643-B2",PipingComp,PipeRun,096059B5100DF4E1C33DE2437345E3F0
D459F6ED0382D4BD10787EDC9FCFAB31,Fluid System(10) Is Not = Fluid System(null),FluidSystem=FluidSystem,1,1,1,5,9137D87671A897C3C0184D412B13110E,E2B93101990569C931CE24CB5B10F56E,2975AE70EB1D798B1453664847C3CF25,,,"4""-FG-U150-1417-C1","2""-P-U150-3116-C1",PipeRun,PipeRun,01DE7FEE8D4CBFB143281F4BD48C69EC
6E0049E495C516328C4D1B2E456F150B,The connector endpoint is unattached,,5,1,1,5,C488662F969F34058A82ECE077975BE5,8F199F45182D5F3361FA9ADF3A3F8028,,,,U100-SIG-4043,,SignalRun,,096059B5100DF4E1C33DE2437345E3F0
21612A7ECBEDAC7524890033CD1430E8,Nominal Diameter(null) Is Not = Nominal Diameter(10),PipingPoint1.NominalDiameter=NominalDiameter,1,2,1,6,F8CAE444C3FB934DB7214A7B88D9F3C6,149D5C08037F1DE52767DBD0ECB56DAF,4A08DB51D770E71CA5084DE043EEBC2A,,,"4""-N2-U160-1036-B2",,PipeRun,PipingComp,01D6B91D5D07C07D22E70FD0038D63D4
9EE8BC363BDDF0CFD4D87022D57144AB,The connect point is unattached.,,2,1,1,6,D0C901DDF31E7BEF10FE194B6901709E,9CD6C3D1196ADE7E891395AED91E635A,,,,,,PipingComp,,096059B5100DF4E1C33DE2437345E3F0
AFB1C27D4F900965FE5AFF81BDC06610,Stream No(20) Is Not = Stream No(25),StreamNo=StreamNo,1,1,1,5,6B3A0DA91E99604DA5AD2D88D84CC2A6,E83EA3981725059A55E5A4FCC32EDEF9,1F44C9B0D8AC1D5B0CBE896BAA58F313,,,"4""-P-U130-2873-C1",N20,PipeRun,Nozzle,A6E500CA1BC9D6D1043E4F2EE6CC6F78
F5528F59B0CD2D531B357ECCD9567544,Cannot evaluate consistency,,6,1,1,6,E1DDA8ADB089448852586F3BD32EF577,DEBAEAE56F655871775DB21FDA5FC191,,,,"2""-FG-U170-3836-A1",,PipeRun,,FEBE2715D378C22F880205573EA4893C
13F92C128D93E127F600E565B6C36774,Cannot evaluate consistency,,6,1,1,5,AED5A2B3BDE999F4FBD39B4768585C9B,A56EA31C3BF55DE37B4672A4E5194224,,,,,,PipingComp,,096059B5100DF4E1C33DE2437345E3F0
D3CA480306919C7988B2129251863E72,Supply By(20) Is Not = Supply By(25),SupplyBy=SupplyBy,1,1,1,8,91B3CEF29D8CA4ADC7CAEE80A0D21D62,8D9BD7D992C00B6FFD9A3CB50D503049,B7EE6404D356E388ECB47B6630FC3C63,,,"6""-FG-U140-2309-C1",N14,PipeRun,Nozzle,D9F0C3193820468A97BD76260565103A
881128C8C381611BA896A7F8FF061AE9,The connector endpoint is unattached,,5,2,1,5,39AC202C5FADAB3D6A6DB0EC72C695F4,37B1501B2A0F5A7DE5785C32A4232C4A,,,,"8""-P-U110-7321-C1",,PipeRun,,64BAF0523BD0EBA2719E81173A0AA56D
04CB944265FE6C4C8E4A0F4258CBC498,The connector endpoint is unattached,,5,1,1,5,DA57E31C9715D967BA31357F4D2C7501,AF453DDA72FA7F3A856C2B7F3EE8943E,,,,"4""-N2-U110-1193-C1",,PipeRun,,64BAF0523BD0EBA2719E81173A0AA56D
AA64150F7728442BCFAE17D022201E36,Oper Fluid Code(P) Is Not = Oper Fluid Code(N),OperFluidCode=OperFluidCode,1,1,1,5,216C0C87DC569318B5C4DD82C39DC932,95B87F0FAB0B1A9595B9833BCD27625F,8EB0E19B2314DF7A2FB5A283E3E91D78,,,U110-SIG-7588,"6""-FG-U110-1299-B2",SignalRun,PipeRun,64BAF0523BD0EBA2719E81173A0AA56D
68DCDE638F4A470DEAD0E46F165526BE,The connect point is unattached.,,2,1,1,8,7E57DDE07CD80FA372A80C0659F4615D,398EC7E66276953D335B715FB978B1D9,,,,,,PipingComp,,096059B5100DF4E1C33DE2437345E3F0
95A9E2EB3D231CD04DF753BE9C0DEDEB,The connect point is unattached.,,2,2,1,5,0EA95E3C2BE73E517C3ECAE068D39A87,731CAFEE7419C4B0B74500965CD0FF90,,,,,,PipingComp,,64BAF0523BD0EBA2719E81173A0AA56D
4344F2420220A812DE1ABB5EC22A33B6,The connector endpoint is unattached,,5,1,1,5,05E86AF50F66717F55FA31AA8FF77031,564565C875D7F941A5E649EDACDD8D4E,,,,"4""-SW-U110-2415-C1",,PipeRun,,64BAF0523BD0EBA2719E81173A0AA56D
C3B9F1A736480E5EB1D60798B2BDE598,The connect point is unattached.,,2,1,1,5,D6AECFEC394831D038B8A7AF9F0A72DB,36F621D528D6D65580A5D8C7BADA8690,,,,,,PipingComp,,096059B5100DF4E1C33DE2437345E3F0
F588A7E0A1BC960C3B37B879ED72D234,Tag Sequence No(null) Is Not = Tag Sequence No(10),TagSequenceNo=TagSequenceNo,1,1,1,4,982890CC69579D259766E1C1BD00C4BA,8A76F1D22EE0563157713AAC0D8AEBEB,9D76B66D9269DBD56F64162B06156EB7,,,U100-PT-4671,N8,Instrument,Nozzle,096059B5100DF4E1C33DE2437345E3F0
4D5C4E0F2760FDD8FA1B5961E83B3FFF,The connect point is unattached.,,2,2,1,6,802EAA99A3004FC950D9B1E348DBF83A,5E8936333F643A43CD7AA40F17166DEE,,,,,,PipingComp,,C00FC3A0FFB871F69522C7C9D3CA4128
B48465F8611BCE1633EBD91B6BFE8B53,Insul Purpose(10) Is Not = Insul Purpose(null),InsulPurpose=InsulPurpose,1,1,1,5,2BB50D1DBD2C9927FA72B10F09A4CEF2,1AE426B3D28B78D60E97A1E37681DEA0,96E1214A392511D6487BB4E7A1A228C3,,,,"2""-CW-U110-2059-A1",PipingComp,PipeRun,64BAF0523BD0EBA2719E81173A0AA56D
30BE9811767B17070ED7D8FCF55805FF,Tag Sequence No(20) Is Not = Tag Sequence No(25),TagSequenceNo=TagSequenceNo,1,1,1,4,847D084D485D5E3CE9902FBADAE8F101,DD21E18E1C117036A3ABA34B8CCC983E,3083540C3590405B506AB72A46922348,,,,,PipingComp,PipingComp,096059B5100DF4E1C33DE2437345E3F0
F8931F11D375FA55E5BFA4A4DA0C1E9B,Temperature(null) Is Not = Temperature(10),ProcessDesign.Max.Temperature=ProcessDesign.Max.Temperature,1,1,1,5,B2E7EDD61174E8763991D6244E7B0DC9,50B58260A4BFB1922149C0A4845C90D8,D3A38F1BA13C829F59A8DC59ACEB7DF3,,,N13,,Nozzle,PipingComp,64BAF0523BD0EBA2719E81173A0AA56D
3AAC1A7901049D6E2970CEC8D0EE353C,The connect point is unattached.,,2,1,1,5,DECE41AFF321975732B0ECB8FD1DA38D,69A0DFCC4FBBE43B97ECD0896C858DDF,,,,,,PipingComp,,D9F0C3193820468A97BD76260565103A
3002FF1FEBF6D2F31B50125ABBD2EAC5,Temperature(10) Is Not = Temperature(null),ProcessDesign.Max.Temperature=ProcessDesign.Max.Temperature,1,1,1,5,5ACE2C5C7EC6D11D7B085151841A3EA9,CE9A97986632F0E9708B01711710DF15,3A1135471D24D9D56B356F9671D32E04,,,"4""-SW-U100-1538-C1","6""-CW-U100-2259-A1",PipeRun,PipeRun,096059B5100DF4E1C33DE2437345E3F0
6BB6E9F51F4232EC6D4D23B9297D5B6E,The connector endpoint is unattached,,5,1,1,5,83E64D40A7A72B1B18B15C75E0806435,249306A55F50B6C11B5B023D95174CC8,,,,U100-SIG-7321,,SignalRun,,096059B5100DF4E1C33DE2437345E3F0
B55BD06B106F020D888149ACBD07C23C,Cannot evaluate consistency,,6,1,1,6,C2DF5D56839629AFC8F152541A0C3236,9329D78F29E50BCAD9BB0947554E5963,,,,"3""-N2-U120-7720-C1",,PipeRun,,C00FC3A0FFB871F69522C7C9D3CA4128
726B4A4887D9DDF11F89597B9AE1C770,Oper Fluid Code(10) Is Not = Oper Fluid Code(null),OperFluidCode=OperFluidCode,1,1,1,5,6151546FAEC5D02EC2BD91CBFCE85343,BACCA13C1C4A37E438F5D7BA37F55C3B,44837976C902CA5F51C39FFF21D017ED,,,"2""-N2-U100-6569-C1","6""-FG-U100-4786-B2",PipeRun,PipeRun,096059B5100DF4E1C33DE2437345E3F0
E9760146B5C2E03C5ACE0DB17248582D,Nominal Diameter(null) Is Not = Nominal Diameter(1001),PipingPoint1.NominalDiameter=NominalDiameter,1,1,1,5,18A21E6DEAED6CF69C7A0F693E18F8F6,EE180DC3C7BD150CD73923F852159892,29185C25A63706C5834760792BACB9F9,,,"4""-CW-U120-3106-B2",N14,PipeRun,Nozzle,C00FC3A0FFB871F69522C7C9D3CA4128
80E7B87CD4D4178258C317060A7DBDAA,Cannot evaluate consistency,,6,1,1,5,F2C33F26034A081939818F17C4DB57E2,FB9F34F6A288A89A820EC23BA39F0634,,,,,,PipingComp,,64BAF0523BD0EBA2719E81173A0AA56D
4A34C28AB605ADAB10607915CBD2C6F5,Temperature(A) Is Not = Temperature(B),ProcessDesign.Min.Temperature=ProcessDesign.Min.Temperature,1,1,1,5,D2F690F8C13FCF77F18A314BA9286079,6B7277BE4C971E19F7C9AD1F9508CF22,092850BC43C23E9529FE7B719DC51D41,,,"2""-SW-U160-6417-B2",,PipeRun,PipingComp,01D6B91D5D07C07D22E70FD0038D63D4
23C4740FD09DADD67693B543B199DB18,Insul Purpose(10) Is Not = Insul Purpose(null),InsulPurpose=InsulPurpose,1,1,1,5,216C0C87DC569318B5C4DD82C39DC932,C08A3ED9D64774175586E7C4FE482296,AE7B8DF2AC0229739A67C32DFC386F91,,,U110-SIG-2774,,SignalRun,PipingComp,64BAF0523BD0EBA2719E81173A0AA56D
4CF77146E31FB104EA6B27BA656B4413,Insul Purpose(A) Is Not = Insul Purpose(B),InsulPurpose=InsulPurpose,1,1,1,5,0EA95E3C2BE73E517C3ECAE068D39A87,57DB4AE5834F869E861DFA95339455C2,2396D65FD2CAD827F9D4A24609ED601E,,,"2""-SW-U110-8046-C1","8""-SW-U110-4952-B2",PipeRun,PipeRun,64BAF0523BD0EBA2719E81173A0AA56D
695BFC1AC575AA58BFC2F6714D749311,Oper Fluid Code(null) Is Not = Oper Fluid Code(1001),OperFluidCode=OperFluidCode,1,1,1,5,AFF7F726BE9ABBCE2765C2DD1E79B7EA,0A7E845A201A8DA6166DFC4CCACB9910,C0FB230A66732E96FFB7A1D9C6A29FB5,,,"4""-CW-U100-9012-B2",,PipeRun,PipingComp,096059B5100DF4E1C33DE2437345E3F0
C508E28FDF185BF9FE7C6F6386C0EC28,The connect point is unattached.,,2,1,1,5,0F189CC773B3B551169C36E904073502,3F4E1CC97CDD7269EFA3418A57419514,,,,,,PipingComp,,64BAF0523BD0EBA2719E81173A0AA56D
19E251177B9D5FDD9AEB8924BB1D1C2D,S P_ Commissioning System(null) Is Not = S P_ Commissioning System(10),SP_CommissioningSystem=SP_CommissioningSystem,1,1,1,8,306BDAD413B5B8D3A5D97A38517E5EDC,94F1D39340464E26866914576297A821,2CC21F9B5830D8A1E6289EC858981EE5,,,"4""-CW-U100-2867-B2","6""-SW-U100-3440-B2",PipeRun,PipeRun,096059B5100DF4E1C33DE2437345E3F0
500CE97671D6C65F80DD81E407EC26DC,Fluid Code(10) Is Not = Fluid Code(null),FluidCode=OperFluidCode,1,1,1,6,E15256FAA45EC091B655987D74573B3E,3BA48F5C5BA6EF903FCB4438B2F0FA2A,5C4298EBC9E571120E90688723E65ABD,,,,,PipingComp,PipingComp,64BAF0523BD0EBA2719E81173A0AA56D
724AE76DEF37ED30385D7A8D71D7F2AF,The connect point is unattached.,,2,1,1,4,B2E7EDD61174E8763991D6244E7B0DC9,5D6B4951738CABF39F70AE3E256B8493,,,,,,PipingComp,,64BAF0523BD0EBA2719E81173A0AA56D
AA1DD64A1C734FD0AEA02079CEE58429,The connect point is unattached.,,2,1,1,8,0FF93C9F25A86D9862D3AE3A051BECA4,B7AE005AFEBB29B107139F329439D409,,,,,,PipingComp,,64BAF0523BD0EBA2719E81173A0AA56D
EA598E768DF084BA2E10B89CEC64013A,Pipe Line T O(10) Is Not = Pipe Line T O(null),PipeLineTO=PipeLineTO,1,1,1,5,0F189CC773B3B551169C36E904073502,449A6FA5BD86849AED458BC13582F79A,A2C082059A1F58C1E4837ACBA704BDB2,,,"4""-SW-U110-7467-B2","3""-P-U110-9931-B2",PipeRun,PipeRun,64BAF0523BD0EBA2719E81173A0AA56D
64B03F95148412F43A0D26A8768A116E,Cannot evaluate consistency,,6,1,1,5,0392DEA5879E192324B03DD24ABE0A4B,4688E363478C876EA8CC90C31F69D562,,,,"6""-N2-U100-3315-A1",,PipeRun,,096059B5100DF4E1C33DE2437345E3F0
1DD26B63658C17B8E901DE5639EEAC0C,Piping Materials Class(null) Is Not = Piping Materials Class(1001),PipingMaterialsClass=PipingMaterialsClass,1,1,1,5,F2DE2AE17F901C2864FF84814A155A7C,E08D6AE46CFA0BFEBFE99F41B9B4AE26,E50BE747DB885861AB8A523891D1CD23,,,"6""-N2-U110-8899-C1",N10,PipeRun,Nozzle,64BAF0523BD0EBA2719E81173A0AA56D
635CBF3C4BA1076549841BABEAFDA152,Tag Sequence No(A) Is Not = Tag Sequence No(B),TagSequenceNo=TagSequenceNo,1,1,1,5,39AC202C5FADAB3D6A6DB0EC72C695F4,35425EBFC8ADCAD59519EF7046F11D39,CD7CCCC25396573CE277D19221912D92,,,"8""-SW-U110-6915-B2","4""-SW-U110-7790-A1",PipeRun,PipeRun,64BAF0523BD0EBA2719E81173A0AA56D
71E683AD014DC9473C3C040B5438A0F4,Piping Materials Class(P) Is Not = Piping Materials Class(N),PipingMaterialsClass=PipingMaterialsClass,1,1,1,5,91B3CEF29D8CA4ADC7CAEE80A0D21D62,E8FC25B5D026A60235CE6FD4ECB6670B,B6C759533A46BDF48B72C5AA0799A862,,,"3""-CW-U140-9605-A1","2""-FG-U140-4595-B2",PipeRun,PipeRun,D9F0C3193820468A97BD76260565103A
9C4F35A2B6E030A4985791A9D100F0F4,The connector endpoint is unattached,,5,1,1,6,C488662F969F34058A82ECE077975BE5,09CDE34304F0CC8F317FCE04C04CB43C,,,,"3""-P-U100-9559-A1",,PipeRun,,096059B5100DF4E1C33DE2437345E3F0
404E23B9652D2C322BFB61AF0DFCA60D,The connector endpoint is unattached,,5,2,1,4,EC292D560DA82ACD6C847FF28CA7BFD2,BD9DE1E2B6E600537E75C366A7AE835B,,,,"8""-N2-U170-3952-B2",,PipeRun,,FEBE2715D378C22F880205573EA4893C
0D75CC837A095FA94BB40E1AF0D398D3,Pressure(P) Is Not = Pressure(N),ProcessDesign.Max.Pressure=ProcessDesign.Max.Pressure,1,1,1,4,6B3A0DA91E99604DA5AD2D88D84CC2A6,568289868FFD4722B1F297A5E251C172,AF643E6D8EF4F678B87B0866A826FD07,,,"3""-CW-U130-5083-B2","2""-CW-U130-5458-A1",PipeRun,PipeRun,A6E500CA1BC9D6D1043E4F2EE6CC6F78
CAF317AF4F8DC23AB09B8715103C94A5,The connector endpoint is unattached,,5,1,1,5,AD20A92D054433ABB0EE40B5E810936C,3A1C5C954D6A11A5FB8A40B374FFD35A,,,,U100-SIG-5959,,SignalRun,,096059B5100DF4E1C33DE2437345E3F0
305DBE95D28EE13C788E025401FDDF68,The connect point is unattached.,,2,1,1,5,83E64D40A7A72B1B18B15C75E0806435,8BE5EE557A234D6A04C66F034BCF2E8C,,,,,,PipingComp,,096059B5100DF4E1C33DE2437345E3F0
29C2212E5B9EB17BF9E339C41E02B894,Pipe Line F R O M(null) Is Not = Pipe Line F R O M(1001),PipeLineFROM=PipeLineFROM,1,1,1,5,C17051500E11127721BC90AA1D5E74AA,A3FEC60F4116CE723B97FC3C53371916,E01A79732E18A93594394E60C4A6AEEB,,,U150-SIG-4397,"6""-P-U150-7886-C1",SignalRun,PipeRun,01DE7FEE8D4CBFB143281F4BD48C69EC
0BCF89F74F9D73B48821C42FD8E8529E,Temperature(P) Is Not = Temperature(N),ProcessDesign.Min.Temperature=ProcessDesign.Min.Temperature,1,1,1,5,2BB50D1DBD2C9927FA72B10F09A4CEF2,007606D0FB67F8DE96522B432FD3BF1D,F1DA45AAE5D3E64AADBF434736DA1251,,,U110-SIG-4085,"4""-CW-U110-4927-C1",SignalRun,PipeRun,64BAF0523BD0EBA2719E81173A0AA56D
B8BF572591817437B932F82B4F1502F5,The connector endpoint is unattached,,5,1,1,5,A6B86F67E9684B1952772AB837017250,B1C29386266B685A20ECB3F9E1D396D0,,,,U110-SIG-1363,,SignalRun,,64BAF0523BD0EBA2719E81173A0AA56D
846949CFDCF192B7D2C514F96F6D3DEF,The connect point is unattached.,,2,1,1,8,24EDF061651069DC69A1E7A74FA9680E,12657E76910653BD2D5AF20C7CC452ED,,,,,,PipingComp,,C00FC3A0FFB871F69522C7C9D3CA4128
DBD1624BC97D1684C39A12C929926ED2,Pipe Line T O(null) Is Not = Pipe Line T O(10),PipeLineTO=PipeLineTO,1,1,1,5,6151546FAEC5D02EC2BD91CBFCE85343,505DB30258A22FCFDDE95761BDC509C4,0D2D2688E2B410D0C60D3F87D4A0D394,,,"2""-SW-U100-7173-B2",,PipeRun,PipingComp,096059B5100DF4E1C33DE2437345E3F0
5E3E5BC3EED6CF0D96F8639C4D77E285,Piping Materials Class(10) Is Not = Piping Materials Class(null),PipingMaterialsClass=PipingMaterialsClass,1,1,1,5,AFF7F726BE9ABBCE2765C2DD1E79B7EA,61C30CDAE711C3074606977A77F1E9FE,A64B00A602C94E8A6A6A02EDF0DB4109,,,"4""-FG-U100-4974-A1","3""-P-U100-3559-B2",PipeRun,PipeRun,096059B5100DF4E1C33DE2437345E3F0
8BA8120DA7794ABFBBA4EF4A16BCF84F,The connector endpoint is unattached,,5,1,1,5,F080BF4D39D055F1BF81027E490635FB,FBB8DD2652C1ACCB709F741D706B1833,,,,U110-SIG-7029,,SignalRun,,64BAF0523BD0EBA2719E81173A0AA56D
F51ED5629219441C570EE1A49A28759E,The connect point is unattached.,,2,1,1,5,6B3A0DA91E99604DA5AD2D88D84CC2A6,19C42E81135F65F7FE6256AA6B0B11F9,,,,,,PipingComp,,A6E500CA1BC9D6D1043E4F2EE6CC6F78
BADC051AE564B930666E73A9CAE46007,Cannot evaluate consistency,,6,1,1,5,449CB82CD20B56161A65C465C756ECA9,61D5A8CE675E473D54ECAEDDC211D69E,,,,"4""-N2-U180-7338-B2",,PipeRun,,416E154110ACCEDA4EB45835BCDF4E10
F69DFDA029E902D181D4E557D31867CD,Tag Sequence No(20) Is Not = Tag Sequence No(25),TagSequenceNo=TagSequenceNo,1,1,1,5,0392DEA5879E192324B03DD24ABE0A4B,E4B523CD3DDD177D175D6EA56D6863D3,13AE169C1647EF4A58CFA6B2E100E149,,,"3""-SW-U100-6948-C1",,PipeRun,PipingComp,096059B5100DF4E1C33DE2437345E3F0
B46426F76DB43E10CC87F119E8EAA962,Nominal Diameter(10) Is Not = Nominal Diameter(null),NominalDiameter=NominalDiameter,1,1,1,5,AD30B5093008D7E1C969D33AAA9529CF,308181B81FC7DB7E7928311527F4DCC7,5E839C82675B0AA7EC30EE3A3CC265BB,,,"6""-P-U110-4675-B2",N11,PipeRun,Nozzle,64BAF0523BD0EBA2719E81173A0AA56D
C9A39F228F3644CED1600150E44D3A11,Pressure(P) Is Not = Pressure(N),ProcessDesign.Max.Pressure=ProcessDesign.Max.Pressure,1,1,1,5,B207FB9B0DC46AB34E5ABE7C88AFB0DD,6BB05CA313B6E64C57D5FF093EBB7995,250E2EC0EFEC108D32FEDA70025673B2,,,"6""-P-U120-3012-B2",N3,PipeRun,Nozzle,C00FC3A0FFB871F69522C7C9D3CA4128
111FB1C13B2BA429202D7F742604586E,Cannot evaluate consistency,,6,1,1,5,0FF93C9F25A86D9862D3AE3A051BECA4,DF88E39A2CF22F80898E5AEA2A5F9221,,,,"4""-CW-U110-9593-C1",,PipeRun,,64BAF0523BD0EBA2719E81173A0AA56D
9A970AA9672C7D5565FF7A74E0E449A2,Tag Sequence No(null) Is Not = Tag Sequence No(1001),TagSequenceNo=TagSequenceNo,1,2,1,5,E15256FAA45EC091B655987D74573B3E,4B7BFC73CACE8AD14FAB943C67604456,12ED6C45E905240D654F238F021D820B,,,"4""-P-U110-5498-B2",U110-PT-6613,PipeRun,Instrument,64BAF0523BD0EBA2719E81173A0AA56D
AEDC734344A5BC6959817D4B29324785,Stream No(A) Is Not = Stream No(B),StreamNo=StreamNo,1,1,1,8,3A476B6438F1402ED1D87A6E25E76E99,25D9EBB38F1F4575FBA0151495AFC680,8A4943D0973E0C40FD63C8055D789306,,,"4""-FG-U150-7947-A1","2""-SW-U150-3725-B2",PipeRun,PipeRun,01DE7FEE8D4CBFB143281F4BD48C69EC
60D3E57060FA2B180CC8B2DD55439382,Tag Sequence No(P) Is Not = Tag Sequence No(N),TagSequenceNo=TagSequenceNo,1,1,1,5,289E25E4233EED9A2913FDF22C37FABF,3F8012F67C0A3A455C0B122DB8626CBA,C73CF97188F3CB8F11FAA4E6772E4826,,,"2""-N2-U120-7836-A1","6""-N2-U120-1447-C1",PipeRun,PipeRun,C00FC3A0FFB871F69522C7C9D3CA4128
A4277B25AF506D8E9AA179C94D033317,Nominal Diameter(10) Is Not = Nominal Diameter(null),NominalDiameter=NominalDiameter,1,1,1,6,6151546FAEC5D02EC2BD91CBFCE85343,D960F363E1F64AB8EF196B3F1EEE16D4,C77D7109E5710500EA89D464E56DCBFB,,,"2""-SW-U100-8437-C1","6""-FG-U100-7239-A1",PipeRun,PipeRun,096059B5100DF4E1C33DE2437345E3F0
5067DA7DF7787E6935213422968E0D00,The connect point is unattached.,,2,1,1,5,B207FB9B0DC46AB34E5ABE7C88AFB0DD,466E3A2E1A848AA71543CC8A879C130A,,,,,,PipingComp,,C00FC3A0FFB871F69522C7C9D3CA4128
8DBD67BB0B541ABC368915FF113A6C72,Piping Materials Class(A) Is Not = Piping Materials Class(B),PipingMaterialsClass=PipingMaterialsClass,1,1,1,5,5666596060ECE59F65B4EDF64AB413A3,3E459FB2594619F9FB3254D6C1E8C8D8,C7C68867B6698C9ECDEFF9C1469F0267,,,U120-FT-2845,"3""-CW-U120-4057-B2",Instrument,PipeRun,C00FC3A0FFB871F69522C7C9D3CA4128
4E16054543A192948101A6A8302971E4,L E T H A L S E R V I C E(null) Is Not = L E T H A L S E R V I C E(10),LETHALSERVICE=LETHALSERVICE,1,1,1,6,6158E2B61D526CDCEF4BE5A4E1BADB5C,F017EB23DB6C45D51E71AAA860F5C90E,43D259F68DD33245FC83C53B891EFCAC,,,"6""-FG-U110-7373-A1",,PipeRun,PipingComp,64BAF0523BD0EBA2719E81173A0AA56D
B02D1A33E716D8BDCDC940661D0AC254,Tag Sequence No(P) Is Not = Tag Sequence No(N),TagSequenceNo=TagSequenceNo,1,1,1,5,A17A0CA8D98B9DE1644AE4F152B59223,1EA5B410E14E9FB2474EA5E012E305C0,97838D441794001BAF0E8B77E8E3B71B,,,,"2""-N2-U140-9129-A1",PipingComp,PipeRun,D9F0C3193820468A97BD76260565103A
1F076937C53BB50C854DFEAAB981D1AE,The connector endpoint is unattached,,5,1,1,4,F370DC56EA1934EF8CF54DCF2025926E,EF2FD1F2A4C58CA96F4D1B14024C4591,,,,"4""-SW-U100-4229-A1",,PipeRun,,096059B5100DF4E1C33DE2437345E3F0
740E943C238842E76A9B9F3331B709E2,Tag Sequence No(null) Is Not = Tag Sequence No(1001),TagSequenceNo=TagSequenceNo,1,1,1,5,83E64D40A7A72B1B18B15C75E0806435,7118C32BB43904CC0DE749188BC8641C,043F2D1F4E995ADE5474F404C8AEA1B9,,,"3""-FG-U100-6539-B2","6""-FG-U100-9017-A1",PipeRun,PipeRun,096059B5100DF4E1C33DE2437345E3F0
C8150D3C7E26D33363B469A899DB2584,Tag Sequence No(null) Is Not = Tag Sequence No(1001),TagSequenceNo=TagSequenceNo,1,1,1,5,F12F76029BAACE8FDD84CE7B4517354C,28CDAAAB3F95B1D7739884475724DE7E,FDD693E929BF2278E97140BC8D888753,,,"4""-P-U100-4192-C1",N9,PipeRun,Nozzle,096059B5100DF4E1C33DE2437345E3F0
FC76013BD2DA82A5AA3B456CE14CCC03,Cannot evaluate consistency,,6,1,1,6,0F189CC773B3B551169C36E904073502,785BE6AC67B027CD64B948707AFAECA4,,,,,,PipingComp,,64BAF0523BD0EBA2719E81173A0AA56D
F30D549CBACB7F2317A6D80A2C30DC25,Insul Purpose(null) Is Not = Insul Purpose(1001),InsulPurpose=InsulPurpose,1,1,1,4,A25DF03839C936FE596C93845E564096,9C52FCFD97E4331587C1F51BE996C24B,073CEFBDA0392154A6791AB688C908A3,,,,"8""-FG-U100-9006-B2",PipingComp,PipeRun,096059B5100DF4E1C33DE2437345E3F0
23760244DB10F3969DD2629B21007C7C,Sour Service(10) Is Not = Sour Service(null),SourService=SourService,1,1,1,4,8B085CA066E537966E96C4FA8A111B2A,6A47F5A31FEBC75C2CAAA5F1D71AB541,4C6F4DE98B577B67DAF0925422F7BA90,,,"2""-SW-U110-9762-B2","4""-FG-U110-9782-C1",PipeRun,PipeRun,64BAF0523BD0EBA2719E81173A0AA56D
F6120F06540D2D200A63901FAB95C386,Cannot evaluate consistency,,6,1,1,5,802EAA99A3004FC950D9B1E348DBF83A,CC56C01EEEFCAA8D589543A751317162,,,,,,PipingComp,,C00FC3A0FFB871F69522C7C9D3CA4128
AE9C3E0FA5B4EA840659EA7BE1953571,Nominal Diameter(20) Is Not = Nominal Diameter(25),NominalDiameter=PipingPoint1.NominalDiameter,1,2,1,5,6B3A0DA91E99604DA5AD2D88D84CC2A6,DC0F2D18BF1CC7476CE39445DD7E9430,359B94019EA1240EFC53756FD184D1C5,,,"4""-FG-U130-5717-C1","4""-SW-U130-1291-A1",PipeRun,PipeRun,A6E500CA1BC9D6D1043E4F2EE6CC6F78
9F9A67CF3DB8A7C4FA11A34AFAA85DAC,The connect point is unattached.,,2,2,1,5,B2E7EDD61174E8763991D6244E7B0DC9,D5669950340FAF0A207ECC1229BE9ACE,,OPC-5637,,,,,,64BAF0523BD0EBA2719E81173A0AA56D
2F9E2A24A6ED1922A38F5C99B2789747,Tag Sequence No(20) Is Not = Tag Sequence No(25),TagSequenceNo=TagSequenceNo,1,1,1,5,18A21E6DEAED6CF69C7A0F693E18F8F6,7019FA44CEB6BAEA1570DD6FDBA7019D,D3B5B7328896D4522BAAF68447645D97,,,"8""-SW-U120-9339-B2",N8,PipeRun,Nozzle,C00FC3A0FFB871F69522C7C9D3CA4128
305950FC347C52757C18AF9E7D381DF3,Piping Materials Class(20) Is Not = Piping Materials Class(25),PipingMaterialsClass=PipingMaterialsClass,1,2,1,5,AD30B5093008D7E1C969D33AAA9529CF,F8ADFD9FF7A7EBE827BD55A32370935E,64793F8966FB0BA5432479D3B106F0B4,,,"8""-SW-U110-3309-A1","2""-SW-U110-3046-A1",PipeRun,PipeRun,64BAF0523BD0EBA2719E81173A0AA56D
A943C5DE907D3FA0195750AC18931463,Fluid System(null) Is Not = Fluid System(1001),FluidSystem=FluidSystem,1,1,1,5,F2DE2AE17F901C2864FF84814A155A7C,DB2D2B556D2850B7E740A19113856669,AB237D5ED370EFB1CC2C0F388BEEEE2C,,,"4""-N2-U110-2103-A1","6""-CW-U110-3565-A1",PipeRun,PipeRun,64BAF0523BD0EBA2719E81173A0AA56D
F8AD1D7FC885D8930C65B62CA1438F7A,Tag Sequence No(null) Is Not = Tag Sequence No(1001),TagSequenceNo=TagSequenceNo,1,1,1,5,B895CE1C3B8F71B260A922BB8629A63D,AAACE84E73699B8D5B53AF86E166A511,78B48B2F6F399C4016B79ACE838C4922,,,U190-LT-4893,,Instrument,PipingComp,6D8BB49801DABF0F53249CDAD1D1A8C3
5F7E1D0FA88A226DAB68AFF41B3AE9D0,Supply By(A) Is Not = Supply By(B),SupplyBy=SupplyBy,1,1,1,5,0F189CC773B3B551169C36E904073502,8B3BF2B22005F774BDDC220A57BE304F,714548FF9A83D499971400396637AFE1,,,"6""-N2-U110-5176-B2","6""-SW-U110-4610-A1",PipeRun,PipeRun,64BAF0523BD0EBA2719E81173A0AA56D
A20BD231F15AF2BE69D29FB366D452DB,The connect point is unattached.,,2,1,1,5,EC292D560DA82ACD6C847FF28CA7BFD2,BE5EB203B6841539FC00222D19961EAA,,,,,,PipingComp,,FEBE2715D378C22F880205573EA4893C
8043B46431A0902F914C71E73205913D,Tag Sequence No(20) Is Not = Tag Sequence No(25),TagSequenceNo=TagSequenceNo,1,1,1,4,DA57E31C9715D967BA31357F4D2C7501,0ED4BE6765EB5AB629EE62D0DE2AF036,F86930B6F21ABC27B36BEC3FB00AC86C,,,"6""-SW-U110-6004-B2","2""-N2-U110-6464-C1",PipeRun,PipeRun,64BAF0523BD0EBA2719E81173A0AA56D
D403C81AB48011A3DF121377434D0384,Supply By(P) Is Not = Supply By(N),SupplyBy=SupplyBy,1,1,1,5,CDD400CD096C474D65570ECB7DF03B90,768DD1A33DBA9CFA6B40D806D68A3103,258DD5A3AF265EB2D51526368EC4F9F3,,,"4""-CW-U110-6172-C1","3""-SW-U110-2932-C1",PipeRun,PipeRun,64BAF0523BD0EBA2719E81173A0AA56D
C97C7B13AEC1FB256AEF824CC5C8685C,The connector endpoint is unattached,,5,2,1,5,D2F690F8C13FCF77F18A314BA9286079,003FAA82FA63E2B05F56FCD4D9766C5E,,,,"2""-SW-U160-4165-B2",,PipeRun,,01D6B91D5D07C07D22E70FD0038D63D4
B8A8A0C55545CE9505888DD72B411CB2,Pressure(A) Is Not = Pressure(B),ProcessDesign.Max.Pressure=ProcessDesign.Max.Pressure,1,2,1,4,F8CAE444C3FB934DB7214A7B88D9F3C6,08D2C535671ED454E271AEDD54D3FE24,91B2CC69511D4A565F624D3F3E18165D,,,"3""-FG-U160-3563-A1","8""-FG-U160-9193-C1",PipeRun,PipeRun,01D6B91D5D07C07D22E70FD0038D63D4
FE1A4B99FE8E51AB88C6F1DB857963EC,Insul Purpose(null) Is Not = Insul Purpose(10),InsulPurpose=InsulPurpose,1,1,1,5,AED5A2B3BDE999F4FBD39B4768585C9B,99CA7CFDE1727E5C95BE59068B5B5D62,5FBBBA474A6C02EFA602E44AA3DAF5B5,,,"4""-SW-U100-1423-B2","4""-N2-U100-6512-A1",PipeRun,PipeRun,096059B5100DF4E1C33DE2437345E3F0
1FA4854F291A8D7FE7EF0FFB5733FB32,Nominal Diameter(20) Is Not = Nominal Diameter(25),PipingPoint1.NominalDiameter=NominalDiameter,1,1,1,8,FAE380D0DE2CC9D64848CFEA05B01425,A740FC4E165456727A066EB6E3F598E0,BCCA5C35A61A4FCE009328F249F85896,,,"6""-P-U110-3149-A1","8""-N2-U110-8051-A1",PipeRun,PipeRun,64BAF0523BD0EBA2719E81173A0AA56D
5D1753ED59B349F620C85C928EBAE00C,Pressure(null) Is Not = Pressure(10),ProcessDesign.Max.Pressure=ProcessDesign.Max.Pressure,1,1,1,4,255FA027667D5CD05424BDA0F6F0F415,04E09F1C8ACFC219B1736CDA0451319C,FCF0A860E451D8C448980CD605D2A92B,,,"4""-FG-U130-5901-B2","3""-N2-U130-8996-C1",PipeRun,PipeRun,A6E500CA1BC9D6D1043E4F2EE6CC6F78
99A7F7798D8BFEDCFB115AD1E7226017,The connector endpoint is unattached,,5,1,1,5,C393C5CDE02B4F8045042EE065265D02,6499576B1890F1B8CE792E31D57A216B,,,,U120-SIG-1941,,SignalRun,,C00FC3A0FFB871F69522C7C9D3CA4128
4A351D72CF28840096D5ACE21C75074F,Pressure(P) Is Not = Pressure(N),ProcessDesign.Max.Pressure=ProcessDesign.Max.Pressure,1,1,1,5,88CF47B80E7B23F78DB45AEAF7014E6D,F7F0D7EDDCA7412BFF6108B6A3CB3179,8F76FF79D8B6BDAB3BFCD49136489F2C,,,U100-SIG-2892,U100-LT-1068,SignalRun,Instrument,096059B5100DF4E1C33DE2437345E3F0
06F925DF25FDC19FDF8D9C9EE9DE2968,Cannot evaluate consistency,,6,1,1,5,18A21E6DEAED6CF69C7A0F693E18F8F6,5BA032234245D51FEFEDE7186611E2FC,,,,"4""-SW-U120-1496-A1",,PipeRun,,C00FC3A0FFB871F69522C7C9D3CA4128
E79669F5E442B9F3057AF99EEF650575,Fluid Code(null) Is Not = Fluid Code(10),FluidCode=OperFluidCode,1,1,1,5,C67509544B54D5060A7EAE7CBB1667B1,346101D44FC478159822220869551D95,FED4C7AC228A15E0AF1073A8F4654963,,,"8""-SW-U110-2842-B2",,PipeRun,PipingComp,64BAF0523BD0EBA2719E81173A0AA56D
7101944003119F95FBBC87E5E7163DD5,The connect point is unattached.,,2,1,1,5,09B849AEED982B62E9F3EE29EDEEC671,A19014502A74770A0E7ECDECB6288A47,,OPC-8150,,,,,,096059B5100DF4E1C33DE2437345E3F0
D737A99050821874E9999336CE44825F,Nominal Diameter(A) Is Not = Nominal Diameter(B),NominalDiameter=PipingPoint1.NominalDiameter,1,1,1,5,2BB50D1DBD2C9927FA72B10F09A4CEF2,D37F971BFAC771565A59388BC0184200,5E500721AD4164910ED589CF85FDFFDD,,,"6""-N2-U110-5150-C1","2""-P-U110-8608-C1",PipeRun,PipeRun,64BAF0523BD0EBA2719E81173A0AA56D
D0093FDAB9DF9CC25BCBBCB7A49A6F01,The connector endpoint is unattached,,5,1,1,4,F56C6C5546336B45BF46D41F257BA3AF,7B23F25F8F9638B9F16E6F195A070613,,,,"2""-P-U190-8786-A1",,PipeRun,,6D8BB49801DABF0F53249CDAD1D1A8C3
8E1EC531C48924F7498B06876F8FA2CB,Tag Sequence No(A) Is Not = Tag Sequence No(B),TagSequenceNo=TagSequenceNo,1,1,1,5,398D2861A687D2248F8B7B269AB3F869,C9DF3159B59C05A2F1DAA21E7802FDE7,DCF5A52426006DA038CBC3D5614430D1,,,"3""-P-U100-9382-C1","4""-SW-U100-4986-A1",PipeRun,PipeRun,096059B5100DF4E1C33DE2437345E3F0
52B245BF1920C025812FDBA5E3FB30F6,Temperature(null) Is Not = Temperature(10),ProcessDesign.Min.Temperature=ProcessDesign.Min.Temperature,1,2,1,7,5CE832F931E8204D03655B818C0A3040,4471C173083D39FE9D04F1A39E4FF284,C7A80C2E6D5F5B6213165FBF67F62A59,,,"2""-N2-U120-1807-B2",,PipeRun,PipingComp,C00FC3A0FFB871F69522C7C9D3CA4128
55C72FF5920A765CF121F5BF4809437E,Insul Purpose(A) Is Not = Insul Purpose(B),InsulPurpose=InsulPurpose,1,1,1,5,C2DF5D56839629AFC8F152541A0C3236,C5C7B13C2EB8D3EE6107DD2526BA30EE,6803DBC69E3276DF5BD99EFE6ACA7E7A,,,"6""-N2-U120-5005-B2",N17,PipeRun,Nozzle,C00FC3A0FFB871F69522C7C9D3CA4128
8EDCDD4326F58805CD76D30C3997A8BF,Fluid System(null) Is Not = Fluid System(1001),FluidSystem=FluidSystem,1,1,1,6,F8CAE444C3FB934DB7214A7B88D9F3C6,878E1688FC8EDC61C0DF7B471FBB4184,5457057B52F841236536F4187D36919E,,,"2""-CW-U160-9963-C1",,PipeRun,PipingComp,01D6B91D5D07C07D22E70FD0038D63D4
F3B11D081B98DCBB79819FDB46168848,The connector endpoint is unattached,,5,1,1,6,1414C58300B531C882559B0BBC7E71CE,01A82811B4FD508FD8CEA44EC1FC80B0,,,,U120-SIG-5249,,SignalRun,,C00FC3A0FFB871F69522C7C9D3CA4128
15E47406C8D1BE5169989D17861D6906,The connector endpoint is unattached,,5,2,1,5,802EAA99A3004FC950D9B1E348DBF83A,61E197F0FBC94D8E16D74C2B35047E69,,,,"6""-FG-U120-2745-A1",,PipeRun,,C00FC3A0FFB871F69522C7C9D3CA4128
AC5278581A5DA48F07439AE3F6054BAC,Fluid Code(20) Is Not = Fluid Code(25),FluidCode=OperFluidCode,1,1,1,5,2C40CF630AC632F98E96A0667C2F315B,9F4AADECC9B05FBC68BF1B16A495C9BF,1111D55C70D5C11E295875ED5817ADD3,,,"2""-N2-U110-9893-B2",U110-P-5126,PipeRun,Mechanical,64BAF0523BD0EBA2719E81173A0AA56D
8BF951F62558DFADB25DEFF53BED8ADE,L E T H A L S E R V I C E(A) Is Not = L E T H A L S E R V I C E(B),LETHALSERVICE=LETHALSERVICE,1,1,1,5,C2DF5D56839629AFC8F152541A0C3236,A72889B3631A72293E36FD06DE6413ED,FBE6973F9827CD7469363AF38D933197,,,"4""-N2-U120-9040-B2","8""-P-U120-4141-C1",PipeRun,PipeRun,C00FC3A0FFB871F69522C7C9D3CA4128
9CBDEEED1A899800E9888EBDEC5408AA,Nominal Diameter(20) Is Not = Nominal Diameter(25),NominalDiameter=NominalDiameter,1,1,1,5,E1DDA8ADB089448852586F3BD32EF577,6ADB061E4B21082A14EA559AB34A4276,BA6FC8B4C6DE64A0BBC3A76FF3D1850B,,,N16,,Nozzle,PipingComp,FEBE2715D378C22F880205573EA4893C
210A581FA44ACFB38FABD000B6068505,A G P_ Liquid Penetrants(P) Is Not = A G P_ Liquid Penetrants(N),AGP_LiquidPenetrants=AGP_LiquidPenetrants,1,1,1,5,33639FDC98AAF751C52F0A1670FC755E,A94E7F159A819EB1F770422D66F88FAC,D228E21C93DE3460DF2B094CB9FE2C9A,,,"2""-CW-U120-9991-B2","6""-FG-U120-1685-B2",PipeRun,PipeRun,C00FC3A0FFB871F69522C7C9D3CA4128
FB045B77F70805E767098D61580F8FB1,The connector endpoint is unattached,,5,1,1,5,39AC202C5FADAB3D6A6DB0EC72C695F4,36F053FFBCFBE174B2300730D724D508,,,,U110-SIG-5499,,SignalRun,,64BAF0523BD0EBA2719E81173A0AA56D
0E1D5BD84A412A024DC402683D43B4BC,Fluid System(20) Is Not = Fluid System(25),FluidSystem=FluidSystem,1,1,1,5,FCBF8FEA7A21695AAEDD995555D7C788,16D4C75BF1E4CC2585A3D3CB01EBC87F,4E7F970CFF6F0BDECF2932B6DE4739CA,,,N16,,Nozzle,PipingComp,64BAF0523BD0EBA2719E81173A0AA56D
FC777E2291D4AA0D0B8807AF765BDC13,The connector endpoint is unattached,,5,1,1,5,F7420B7B394FA160BA6FCD82B8DBE0A7,24C242CCA3C4A7CBE5A943EA5AD0DBB9,,,,"8""-CW-U100-9368-B2",,PipeRun,,096059B5100DF4E1C33DE2437345E3F0
CFA4E6FCA00E54F5752B0030DE863B4F,Pipe Line F R O M(null) Is Not = Pipe Line F R O M(1001),PipeLineFROM=PipeLineFROM,1,1,1,5,FAE380D0DE2CC9D64848CFEA05B01425,B3ADEDE7C4A86362C6ED0D9AF87159AE,4CAA411960951C3A9711824C6F9567E6,,,"2""-N2-U110-1873-A1","4""-FG-U110-4293-A1",PipeRun,PipeRun,64BAF0523BD0EBA2719E81173A0AA56D
54EEE8A6BBED6A0D9A6EA781AB333941,The connect point is unattached.,,2,1,1,5,51629E19B54AE62FCF3CDDC55AE9712C,9909DFDAF00BFD85508497E68E0E8E6C,,,,,,PipingComp,,64BAF0523BD0EBA2719E81173A0AA56D
AF85F84CE885EE57F432325E86A7C242,The connector endpoint is unattached,,5,1,1,6,DA57E31C9715D967BA31357F4D2C7501,0301C8D0DE0E8F442F3BBFDAA7EE9FF7,,,,"4""-CW-U110-5888-A1",,PipeRun,,64BAF0523BD0EBA2719E81173A0AA56D
F56E5BE637D599E503CAC533C6F77F70,Pressure(P) Is Not = Pressure(N),ProcessDesign.Max.Pressure=ProcessDesign.Max.Pressure,1,1,1,5,B2E7EDD61174E8763991D6244E7B0DC9,23834ECB54BA0B41A35D43F8B213FFFE,166A4A22CD3FF0FBC596DEBEEF8E7779,,,"3""-FG-U110-7418-B2","4""-SW-U110-1481-B2",PipeRun,PipeRun,64BAF0523BD0EBA2719E81173A0AA56D
7F8DF638B730DAA04B65D3FD5D17288B,Insul Purpose(P) Is Not = Insul Purpose(N),InsulPurpose=InsulPurpose,1,1,1,5,3772B49BB519765241F4612A98859AFD,ACAE06E3E970ACE36055860918D156DD,3D0E21B3A1E265D67026FCF2247C46D5,,,"6""-CW-U110-8695-B2","2""-N2-U110-7822-A1",PipeRun,PipeRun,64BAF0523BD0EBA2719E81173A0AA56D
661EB4D0D210C8236BCA5EF16710FD77,Tag Sequence No(null) Is Not = Tag Sequence No(1001),TagSequenceNo=TagSequenceNo,1,1,1,5,83E64D40A7A72B1B18B15C75E0806435,EC6EAABC84E7C1527537786099162B22,8488DF8CFAEF2302CBAB7614C35AC821,,,"2""-CW-U100-5991-A1","3""-N2-U100-2337-C1",PipeRun,PipeRun,096059B5100DF4E1C33DE2437345E3F0
EFED6E538A5638E9D9B9AD44A143000E,Fluid Code(20) Is Not = Fluid Code(25),FluidCode=OperFluidCode,1,1,1,5,6151546FAEC5D02EC2BD91CBFCE85343,12C8B2E56CF241DA786EDBF26593E3B4,5586754C8E1BEDD0E53605AE4A3E8620,,,"4""-SW-U100-3790-C1",,PipeRun,PipingComp,096059B5100DF4E1C33DE2437345E3F0
04BC270547E7679ABE7B2F891F1F09F5,Pipe Line F R O M(P) Is Not = Pipe Line F R O M(N),PipeLineFROM=PipeLineFROM,1,1,1,5,934DEBBD764EEE932EEB1036A99D497D,CBD805C071D686C5A971283560BBAC8D,7C9410E8ABCFB1C48773558DD41E05E1,,,"2""-P-U170-7778-A1",U170-TT-7062,PipeRun,Instrument,FEBE2715D378C22F880205573EA4893C
B46FAA49B8258A3DB82FCE7BB2A2CA78,W B S N O(P) Is Not = W B S N O(N),WBSNO=WBSNO,1,1,1,5,C654EAD9FBA277BBD42EE858E7F60070,F0FD2E952EFC5D84F3D582296A8A597F,B77982A4CF46E7AB408BE5510C369D8B,,,U140-TT-4244,"4""-CW-U140-8835-B2",Instrument,PipeRun,D9F0C3193820468A97BD76260565103A
BDC7ECE482141754938C35114C6A4C6D,The connect point is unattached.,,2,1,1,8,18A21E6DEAED6CF69C7A0F693E18F8F6,B6964B35A8FAA009DDD7D41D15A64D1F,,,,,,PipingComp,,C00FC3A0FFB871F69522C7C9D3CA4128
3420A7BCC531E9D8746931AE5992FC20,Inconsistent flow direction,InlineComp.FlowDirectionFlowDirection,3,1,1,5,A76A7B4C083D5C2555830A6D0575A7C8,7AE42C46E8B99F07A30BCB246116E574,2D4F7341F094D4E0AED5B770DF5122D2,,,"3""-CW-U120-1666-C1",,PipeRun,PipingComp,C00FC3A0FFB871F69522C7C9D3CA4128
F3A2E649587A86C5628F3F4AF4782D66,The connect point is unattached.,,2,1,1,5,6B3A0DA91E99604DA5AD2D88D84CC2A6,63E3ED95CDA7C24C1B3A80F5DBA09394,,,,,,PipingComp,,A6E500CA1BC9D6D1043E4F2EE6CC6F78
376AA5FB0E28716B685C5640FFE561B5,Inconsistent flow direction,InlineComp.FlowDirectionFlowDirection,3,1,1,5,FAE380D0DE2CC9D64848CFEA05B01425,C0C8F6097F1477953819770C9446D24B,C6CA07BE03E9AC79611278F6B9D0ED24,,,"6""-CW-U110-5890-A1","4""-FG-U110-2721-A1",PipeRun,PipeRun,64BAF0523BD0EBA2719E81173A0AA56D
E898203682B9ED510F01B43D8ACBFD1C,Nominal Diameter(A) Is Not = Nominal Diameter(B),NominalDiameter=PipingPoint1.NominalDiameter,1,1,1,7,934DEBBD764EEE932EEB1036A99D497D,51B3BDB5A7D269B5BCBB9F2CD63C49FB,AB989D5578480EFA10DDB5277C748BA8,OPC-7987,,,,,PipingComp,FEBE2715D378C22F880205573EA4893C
FDE4562A131529DAA49228931FB6E165,Tag Sequence No(10) Is Not = Tag Sequence No(null),TagSequenceNo=TagSequenceNo,1,1,1,5,2F388CF8AB68D2B7CFDF0C8F238F9834,55EA196737C761CEA690051757831E2A,4FD12F38B840149BC15EFCCC4636B181,,,"8""-P-U100-7196-C1","4""-FG-U100-1933-B2",PipeRun,PipeRun,096059B5100DF4E1C33DE2437345E3F0
19E87F444AC7DDF897114481148A34D9,The connector endpoint is unattached,,5,2,1,5,F8CAE444C3FB934DB7214A7B88D9F3C6,696754CF6A06D6A7413A5269A76AA908,,,,U160-SIG-2782,,SignalRun,,01D6B91D5D07C07D22E70FD0038D63D4
8C67EF17119D1CF7BF25976F868B739E,Tag Sequence No(A) Is Not = Tag Sequence No(B),TagSequenceNo=TagSequenceNo,1,1,1,5,9137D87671A897C3C0184D412B13110E,E169A6A5A17CCE4D4D6CD2940560982D,27CF4FAA6B02CB9CF249917FE9E64001,,,"4""-CW-U150-8624-B2",,PipeRun,PipingComp,01DE7FEE8D4CBFB143281F4BD48C69EC
DA7D454FDC1BF26212C11BF62AE70723,Nominal Diameter(10) Is Not = Nominal Diameter(null),PipingPoint1.NominalDiameter=NominalDiameter,1,1,1,4,D1D4A07CB2978F5446D09E8263F0A8F5,AF1DD6C3EFA5BE8A89294643E3CC9007,B13FF1498ACA71D20299EF020B32DB37,,,"3""-P-U110-6081-C1","2""-CW-U110-8625-B2",PipeRun,PipeRun,64BAF0523BD0EBA2719E81173A0AA56D
EEBD7128FF0F686DFE386D06A9D65C28,The connector endpoint is unattached,,5,1,1,5,C2DF5D56839629AFC8F152541A0C3236,76E14EAC03478D5279BE7F3CE57F3F16,,,,U120-SIG-1636,,SignalRun,,C00FC3A0FFB871F69522C7C9D3CA4128
272478BD2B936E6449E47191642E35E0,The connector endpoint is unattached,,5,2,1,6,CDD400CD096C474D65570ECB7DF03B90,FF50A639F64E114748520754F77758DC,,,,"2""-FG-U110-3797-A1",,PipeRun,,64BAF0523BD0EBA2719E81173A0AA56D
9BCB8D5594408552E16B2FA5E1327C3F,Tag Sequence No(null) Is Not = Tag Sequence No(10),TagSequenceNo=TagSequenceNo,1,1,1,5,C0EAD0A4B486FE93E092B0A4C66FE67A,6A2B18AE8DACA41F5B046CA3DE3BEDC7,59BDAD1ABB9BBD62C9774CDA98BDAE24,,,"3""-P-U120-4694-B2",,PipeRun,PipingComp,C00FC3A0FFB871F69522C7C9D3CA4128
FD5DD5E019673D1A8D1151D3A758AE3C,The connect point is unattached.,,2,1,1,6,F26EA8DCAC4FF2ADCAF98D70A22BDE36,6BAD0C2C60ED155F747756DBEA84BD5C,,OPC-5005,,,,,,096059B5100DF4E1C33DE2437345E3F0
6F729F7E9C7A30F75D6074A8AC783918,Insul Purpose(P) Is Not = Insul Purpose(N),InsulPurpose=InsulPurpose,1,1,1,5,3A476B6438F1402ED1D87A6E25E76E99,1A3A5BCDBD03C4447A170E880544F395,71F04CBC9B4BC9C16D8D56F091AC08CD,,,,U150-FT-5547,PipingComp,Instrument,01DE7FEE8D4CBFB143281F4BD48C69EC
EFAB2AEC020BC08268801B25A8FB85EE,The connector endpoint is unattached,,5,1,1,4,6151546FAEC5D02EC2BD91CBFCE85343,EF6A52250215817E9B80290F170354F0,,,,"8""-FG-U100-2948-B2",,PipeRun,,096059B5100DF4E1C33DE2437345E3F0
2B00BE053D5DB6A1AEF5A93F5875805F,Temperature(P) Is Not = Temperature(N),ProcessDesign.Min.Temperature=ProcessDesign.Min.Temperature,1,1,1,4,398D2861A687D2248F8B7B269AB3F869,38F9811CA4A44529D1CD4453057888CE,53D6635344C5B12E4BB392F0CCA29C8A,,,U100-TT-5306,"8""-FG-U100-4817-C1",Instrument,PipeRun,096059B5100DF4E1C33DE2437345E3F0
E57A5E660423A6514533AD66B75CBBCD,Piping Materials Class(20) Is Not = Piping Materials Class(25),PipingMaterialsClass=PipingMaterialsClass,1,1,1,5,96764103A71113E956028571BCD8CC15,7898746A2AE6743CF6031C87B5C36B13,78AFDBAC98870A0C29A214ABCE626AD6,,,"2""-FG-U110-8528-B2","2""-N2-U110-1601-B2",PipeRun,PipeRun,64BAF0523BD0EBA2719E81173A0AA56D
BE002F306FF0E0BF4B648844B3F174D3,W B S N O(null) Is Not = W B S N O(10),WBSNO=WBSNO,1,1,1,5,88CF47B80E7B23F78DB45AEAF7014E6D,59043781663A3643773AA41B3F31E879,7DEADAD0EAFD2B5D046B5E705CE2C76C,,,"6""-FG-U100-7832-B2","6""-P-U100-2332-A1",PipeRun,PipeRun,096059B5100DF4E1C33DE2437345E3F0
F7229D6F1FD278DEE579E6AFD711A897,Fluid Code(P) Is Not = Fluid Code(N),FluidCode=OperFluidCode,1,1,1,5,0392DEA5879E192324B03DD24ABE0A4B,0FA9887027536C2EA5ADF674D849EC0A,E08A5D88FF571122FE8E49A5DA51F3D9,,,"4""-P-U100-1181-B2","3""-P-U100-5401-A1",PipeRun,PipeRun,096059B5100DF4E1C33DE2437345E3F0
5B8ACADCA8F44ED9509E96579AF01EAF,Nominal Diameter(20) Is Not = Nominal Diameter(25),PipingPoint1.NominalDiameter=NominalDiameter,1,1,1,5,2EF0E79D044D93A00CD0EF19C926D782,42CAE56FAD510A118D7A18C5257D20F1,8535CF46566DDACF48E4A0317A10A939,,,,"2""-CW-U120-3333-C1",PipingComp,PipeRun,C00FC3A0FFB871F69522C7C9D3CA4128
AF340674E844B6B844ACC9F44C9C22B7,Temperature(null) Is Not = Temperature(1001),ProcessDesign.Min.Temperature=ProcessDesign.Min.Temperature,1,1,1,6,398D2861A687D2248F8B7B269AB3F869,F321DF865DB8BF89AA02D2FEAA46EA3F,4B5FA0C03F579A18321F7F70E29AC635,,,"8""-FG-U100-5799-B2","3""-N2-U100-5375-A1",PipeRun,PipeRun,096059B5100DF4E1C33DE2437345E3F0
125190DCB8C472553EEB5F6B0EABCD09,Insul Purpose(20) Is Not = Insul Purpose(25),InsulPurpose=InsulPurpose,1,2,1,7,DA57E31C9715D967BA31357F4D2C7501,E00E5BB4DC398435FCAB60EB1D8830BF,7F25BEC9C1D3EF1AD29825AD82630BE2,,,"6""-N2-U110-3876-A1","4""-N2-U110-1617-B2",PipeRun,PipeRun,64BAF0523BD0EBA2719E81173A0AA56D
9BFC2F47FFA2A472D6E9C5C061285136,Piping Materials Class(A) Is Not = Piping Materials Class(B),PipingMaterialsClass=PipingMaterialsClass,1,1,1,5,F26EA8DCAC4FF2ADCAF98D70A22BDE36,5D6D8C1E7F89AAD899F739C0F6619E2E,E850397DE3BD3E41D44F7CD8029B489E,,,U100-PT-9413,"3""-P-U100-1465-B2",Instrument,PipeRun,096059B5100DF4E1C33DE2437345E3F0
77D5487AB79D47FC8717952B30D10CC5,The connector endpoint is unattached,,5,1,1,5,FCBF8FEA7A21695AAEDD995555D7C788,95FD5EC2472156F6AF12DA5916DB40E8,,,,"4""-P-U110-2445-A1",,PipeRun,,64BAF0523BD0EBA2719E81173A0AA56D
5FC7D75C3A2E25EAA33B7351230243B8,Piping Materials Class(null) Is Not = Piping Materials Class(10),PipingMaterialsClass=PipingMaterialsClass,1,1,1,5,6040BC346C6FDD3461209D95E733310F,05198B51A9CFA0CAF1D8224F09610ADF,D4874E6025E90D48667DA93F6FB8DC23,,,N13,"4""-P-U120-3608-A1",Nozzle,PipeRun,C00FC3A0FFB871F69522C7C9D3CA4128
438062E8E53615F00531A27B3B19B7C0,The connector endpoint is unattached,,5,2,1,5,6040BC346C6FDD3461209D95E733310F,81A15DCD3265D7D49505E3C8547FC025,,,,U120-SIG-1375,,SignalRun,,C00FC3A0FFB871F69522C7C9D3CA4128
5E9B1102AD78DB77679CFE1BBFEF1A88,Temperature(10) Is Not = Temperature(null),ProcessDesign.Min.Temperature=ProcessDesign.Min.Temperature,1,1,1,5,F1EF04D39DED40036AFAFD422CCD20FA,E0C4DA8F2003A6B75E9B4EFE7C5D7A39,63F6B3068A65B19477449F8E73B229D0,,,"8""-SW-U140-8719-C1","2""-FG-U140-9387-A1",PipeRun,PipeRun,D9F0C3193820468A97BD76260565103A
88B1FE9C52052AF8B1097FC5DE96F156,Fluid System(20) Is Not = Fluid System(25),FluidSystem=FluidSystem,1,1,1,6,0EA95E3C2BE73E517C3ECAE068D39A87,AC73F7642DEDED648DF4241E4835FC8F,2707BB7F746D1D0E5A2213FEDD1FB60C,,,,"4""-CW-U110-8363-B2",PipingComp,PipeRun,64BAF0523BD0EBA2719E81173A0AA56D
C6F22DDE1D3519A470EC1862D837EE6F,Nominal Diameter(A) Is Not = Nominal Diameter(B),NominalDiameter=NominalDiameter,1,1,1,5,EC292D560DA82ACD6C847FF28CA7BFD2,B8BFD336CC16B33D53BFBEF15BC9DF3A,FC96ED2CCAB9794CF65F8A5B05CB13AE,OPC-9832,,,"2""-CW-U170-9578-A1",,PipeRun,FEBE2715D378C22F880205573EA4893C
D18B55E24D7F12CC47B263C256C0FBB8,Tag Sequence No(20) Is Not = Tag Sequence No(25),TagSequenceNo=TagSequenceNo,1,1,1,7,4D9F984D0ACCA97707860A010D4EB267,B9906A23D2C19E7F5C214634165360BB,B3EE21522A0A6F0661D5EC18935543EF,,,"8""-P-U100-8302-B2","2""-SW-U100-6895-B2",PipeRun,PipeRun,096059B5100DF4E1C33DE2437345E3F0
4B31017679BABE904A969E7BCC69ABDA,The connect point is unattached.,,2,1,1,5,B207FB9B0DC46AB34E5ABE7C88AFB0DD,B6E52D35C013ED109508A5072BD4FB0C,,,,,,PipingComp,,C00FC3A0FFB871F69522C7C9D3CA4128
AB7D2969188EB9B7D995279E31970149,The connector endpoint is unattached,,5,1,1,7,56ED0E2A32F2B6A131C77E86DE15A5CF,A916BCF0C10CCA5CB438D9349FEBBAA7,,,,U110-SIG-2485,,SignalRun,,64BAF0523BD0EBA2719E81173A0AA56D
9ECF80372E64CDB1B9F531A8602FA01C,Temperature(P) Is Not = Temperature(N),ProcessDesign.Max.Temperature=ProcessDesign.Max.Temperature,1,1,1,5,3772B49BB519765241F4612A98859AFD,B39EB9A55403E6D5A07914BD112466EA,C99C144A7AB0BC08F0172A891D9D7235,,,"2""-FG-U110-2874-A1","8""-P-U110-6904-C1",PipeRun,PipeRun,64BAF0523BD0EBA2719E81173A0AA56D
97F3558C9EB279AF14D329F397D96965,Stream No(10) Is Not = Stream No(null),StreamNo=StreamNo,1,1,1,5,D39E239F866C2881A2B4A48AEE92B227,0795008B007EC7CC4CB2482AC77F9E07,7B1115C90974992C8BB7A50312F5D178,,,"8""-SW-U110-8544-C1","3""-N2-U110-9288-B2",PipeRun,PipeRun,64BAF0523BD0EBA2719E81173A0AA56D
2E813D5FEAF90793034F4441015F6372,Supply By(20) Is Not = Supply By(25),SupplyBy=SupplyBy,1,1,1,4,1414C58300B531C882559B0BBC7E71CE,27B6471958E1B03881E449800C476354,FA0326B14075136AE9A80B063039AF56,,,,"8""-FG-U120-9431-A1",PipingComp,PipeRun,C00FC3A0FFB871F69522C7C9D3CA4128
041B40DCA4B580CA7BB008DBD0B1EA21,Piping Materials Class(P) Is Not = Piping Materials Class(N),PipingMaterialsClass=PipingMaterialsClass,1,1,1,5,0392DEA5879E192324B03DD24ABE0A4B,3D925C8714C23ABE9CCECF97103CE7C1,7C54D801596C987EBF286B51C18439B1,,,"8""-CW-U100-6237-A1","4""-SW-U100-5447-A1",PipeRun,PipeRun,096059B5100DF4E1C33DE2437345E3F0
40512CCC31AA35FD62B56BD223C5EFF2,The connect point is unattached.,,2,1,1,5,A76A7B4C083D5C2555830A6D0575A7C8,2653618B143FFC833A820E408BDDB8CB,,,,,,PipingComp,,C00FC3A0FFB871F69522C7C9D3CA4128
025E105F71AD5D159570CC7EEB2CC14C,The connect point is unattached.,,2,1,1,6,C17051500E11127721BC90AA1D5E74AA,7DFA98961B9FB8755FAA80F235FF0A11,,OPC-7896,,,,,,01DE7FEE8D4CBFB143281F4BD48C69EC
2669CEA0CCFC439FF980D41B9856ADD9,Tag Sequence No(A) Is Not = Tag Sequence No(B),TagSequenceNo=TagSequenceNo,1,1,1,6,2B3958935C502A5BD6014003ADE8BF45,A5C4EB441B7A794EA2ABA283A3123F45,D666BBAADE066F3450A7A0A8E42E8369,,,"6""-SW-U100-9301-B2",,PipeRun,PipingComp,096059B5100DF4E1C33DE2437345E3F0
6609F80F6E4A73FE1F28404B80054400,Cannot evaluate consistency,,6,1,1,5,847D084D485D5E3CE9902FBADAE8F101,43CAC7579A6922855E8997C32C2A8FB9,,,,"4""-CW-U100-4288-B2",,PipeRun,,096059B5100DF4E1C33DE2437345E3F0
712657A6F4032854EE8B7D9A8CD99C51,Pipe Line T O(20) Is Not = Pipe Line T O(25),PipeLineTO=PipeLineTO,1,1,1,5,0DD2D6C442A8BB36EBC2C20897C58C6B,AD05407AEE041F48C9A05F70618962BF,D76E549A81CD1EDEB51C9B2B86546D28,,,"6""-P-U100-7944-B2",U100-V-8273,PipeRun,Vessel,096059B5100DF4E1C33DE2437345E3F0
C2BCA0AC0F80A5442170952A37B59472,The connect point is unattached.,,2,1,1,5,719EAA06B1374B09D338FE3656748482,B8A9DC4762A4FA376AC444C83B1BEF01,,,,,,PipingComp,,64BAF0523BD0EBA2719E81173A0AA56D
01382858201EE541E4399F0860CBDE62,The connect point is unattached.,,2,1,1,5,F12F76029BAACE8FDD84CE7B4517354C,B9E38887699A74EC632F2EB11E083957,,,,,,PipingComp,,096059B5100DF4E1C33DE2437345E3F0
D994969C4652863C6A808E889D3C0E8C,Fluid System(P) Is Not = Fluid System(N),FluidSystem=FluidSystem,1,1,1,6,EB84C3ED6C98463BEE12F30D0B9F43DF,8E54B9098FF67107F99D6012CD98CA12,521D59003A42F315906C0FA17AB3EE2F,,,"8""-P-U100-4386-B2",,PipeRun,PipingComp,096059B5100DF4E1C33DE2437345E3F0
B8D672AA926038E6B8CA140B5981337B,Fluid Code(20) Is Not = Fluid Code(25),FluidCode=OperFluidCode,1,1,1,5,D6AECFEC394831D038B8A7AF9F0A72DB,E529E44DA03E4ED3A9AD405AB76CF4A6,CCD4A14BE16C24D43E8DA04DFF1D5797,,,"8""-P-U100-4088-C1","8""-CW-U100-6616-B2",PipeRun,PipeRun,096059B5100DF4E1C33DE2437345E3F0
0404F507F47A5FE4E123FAECAFBC1AAA,The connector endpoint is unattached,,5,1,1,5,536DA83BF14C40A7C114D5F543D481E0,8919468FCA39861389584D63742E08CA,,,,"6""-CW-U120-4594-A1",,PipeRun,,C00FC3A0FFB871F69522C7C9D3CA4128
56643E8F87DB238FF927F01D0236B361,Pipe Line F R O M(null) Is Not = Pipe Line F R O M(10),PipeLineFROM=PipeLineFROM,1,1,1,5,2F388CF8AB68D2B7CFDF0C8F238F9834,43F670DC6FDDCEC0086644023E1A2BD6,32D27F025A8387002F20867F0F6110A2,,,"2""-SW-U100-8042-B2",U100-V-4415,PipeRun,Vessel,096059B5100DF4E1C33DE2437345E3F0
EF12A5C0BE37624A6E77175A1A474859,Oper Fluid Code(20) Is Not = Oper Fluid Code(25),OperFluidCode=FluidCode,1,1,1,5,3530C7D7C93B98CF4F3E307F3A02F38C,F3CA2E578D24F71F45433D890607EFA7,A02A5581F167FA32D8A0D259133A2C2E,,,,"4""-P-U100-7272-C1",PipingComp,PipeRun,096059B5100DF4E1C33DE2437345E3F0
C665E2A5247FD3CEEACBE7EB752C12EC,Inconsistent flow direction,InlineComp.FlowDirectionFlowDirection,3,1,1,5,B28529F9BDDAE996DC661E392493AA84,8A9B2F716E227F54EA8DAC00AC3D15B4,781E60E906F3685A7BCE20DFFDDC492C,,,"6""-N2-U100-5545-C1",,PipeRun,PipingComp,096059B5100DF4E1C33DE2437345E3F0
D54AE07B0AA947429AA10868889F21FC,The connect point is unattached.,,2,1,1,5,3530C7D7C93B98CF4F3E307F3A02F38C,D0F1749EB33B14048CD75BEA429E01E6,,,,,,PipingComp,,096059B5100DF4E1C33DE2437345E3F0
F1219A92A558CBF0F9807991CC7DEE63,Tag Sequence No(null) Is Not = Tag Sequence No(10),TagSequenceNo=TagSequenceNo,1,1,1,5,F26EA8DCAC4FF2ADCAF98D70A22BDE36,8A9CB4F772E096D51D5D91CB86A13349,1A95D274A26A75D294F27D2CC97371C2,,,"8""-CW-U100-3510-A1",,PipeRun,PipingComp,096059B5100DF4E1C33DE2437345E3F0
B1335CA50245FD4A755D134A5F57D04B,Tag Sequence No(P) Is Not = Tag Sequence No(N),TagSequenceNo=TagSequenceNo,1,1,1,5,398D2861A687D2248F8B7B269AB3F869,637C8E2A615911C24246B393CB03BF78,8478BCDB0DCEEE239332CD3D8929A8A1,,,"3""-P-U100-8645-B2","6""-CW-U100-7374-A1",PipeRun,PipeRun,096059B5100DF4E1C33DE2437345E3F0
328419193A1B9C16E4D6A181DA52FE44,The connector endpoint is unattached,,5,1,1,6,2BB50D1DBD2C9927FA72B10F09A4CEF2,B86A141B24E941FC525F113B77F43F45,,,,U110-SIG-3886,,SignalRun,,64BAF0523BD0EBA2719E81173A0AA56D
E971FA0250497D684294DA7B8973C9F4,Temperature(20) Is Not = Temperature(25),ProcessDesign.Min.Temperature=ProcessDesign.Min.Temperature,1,1,1,5,536DA83BF14C40A7C114D5F543D481E0,B346DB3A7BB234AEFC263D1A98F6C082,BD05C161EFF91F3CC6048D582C900029,,,"4""-N2-U120-4000-C1","4""-SW-U120-6005-C1",PipeRun,PipeRun,C00FC3A0FFB871F69522C7C9D3CA4128
C5C71B4CF651DB732141A809EC912859,The connector endpoint is unattached,,5,1,1,5,C488662F969F34058A82ECE077975BE5,2B8D5AB329B4A9E43965062FA3B17855,,,,"2""-FG-U100-8168-A1",,PipeRun,,096059B5100DF4E1C33DE2437345E3F0
F03B45B68EEBF15FD1DEFF217F0276E3,The connect point is unattached.,,2,1,1,5,F2C33F26034A081939818F17C4DB57E2,B71B49BDE87A92E71F5089CF36427635,,,,,,PipingComp,,64BAF0523BD0EBA2719E81173A0AA56D
E1C8DADB395C2FFB06431AC962CB6B13,The connector endpoint is unattached,,5,1,1,5,C2DF5D56839629AFC8F152541A0C3236,0CBEA43F1BB24DB2A4038FE945A727F2,,,,"2""-N2-U120-1350-C1",,PipeRun,,C00FC3A0FFB871F69522C7C9D3CA4128
9786011194AD9922F91D269A64DCE2FF,The connector endpoint is unattached,,5,2,1,4,B3B218B39C0CFD8903048193366FC450,9EB0E35293F4D7148F7E6C92503CEF9B,,,,U120-SIG-2462,,SignalRun,,C00FC3A0FFB871F69522C7C9D3CA4128
3F60150C37469E387938C542876A11A6,The connector endpoint is unattached,,5,2,1,8,2C40CF630AC632F98E96A0667C2F315B,92640F103FE7B125BBCE682CEB36767A,,,,U110-SIG-4578,,SignalRun,,64BAF0523BD0EBA2719E81173A0AA56D
E254280341713B8D9C3366BAEC6076F4,Oper Fluid Code(20) Is Not = Oper Fluid Code(25),OperFluidCode=OperFluidCode,1,1,1,5,56ED0E2A32F2B6A131C77E86DE15A5CF,448DBDEB6683AF2408565EFDA0AFAF84,222146ED3E4027AE142559634D856189,,,U110-SIG-7402,"2""-P-U110-4564-B2",SignalRun,PipeRun,64BAF0523BD0EBA2719E81173A0AA56D
62F176541D26358F880420556A1F7651,Tag Sequence No(P) Is Not = Tag Sequence No(N),TagSequenceNo=TagSequenceNo,1,2,1,7,33639FDC98AAF751C52F0A1670FC755E,AFF91DA160496AF0BEA56C653F50F7F7,32667595FCB1364B72C0C390BF202BA6,,,"2""-FG-U120-5759-A1",N9,PipeRun,Nozzle,C00FC3A0FFB871F69522C7C9D3CA4128
7D6E580ED9F6498B9FFA8FF984A60FCB,The connector endpoint is unattached,,5,1,1,4,FCBF8FEA7A21695AAEDD995555D7C788,BBD692AB786DC95D535B4190E7B92E73,,,,"6""-P-U110-1893-B2",,PipeRun,,64BAF0523BD0EBA2719E81173A0AA56D
5BFD12A500A5173C2EA8D67A0D8855A2,Temperature(10) Is Not = Temperature(null),ProcessDesign.Min.Temperature=ProcessDesign.Min.Temperature,1,1,1,5,5666596060ECE59F65B4EDF64AB413A3,49D31D92B6ADF520E5939052C8C39726,055E852F21BD05E8C0A8651461A7C61B,,,U120-PT-6647,,Instrument,PipingComp,C00FC3A0FFB871F69522C7C9D3CA4128
C75DCE16135A0A57AAC0716D6ECF308F,The connector endpoint is unattached,,5,1,1,4,CEB62D4CAAAF04F8A4912A5C1E201C48,9FFD71B29484009CCFCC2E012629CC6E,,,,U100-SIG-1728,,SignalRun,,096059B5100DF4E1C33DE2437345E3F0
FA02AC9DC160409004ABDEAF5AABBFB8,Temperature(20) Is Not = Temperature(25),ProcessDesign.Min.Temperature=ProcessDesign.Min.Temperature,1,1,1,5,CAA0E95F4CACCEAF189EA18045867A3D,47FC1772F137FB2737F22D587BA82173,4CF1C21FA00B0AB8F4F68B597479BD11,,,"4""-CW-U110-4114-A1",,PipeRun,PipingComp,64BAF0523BD0EBA2719E81173A0AA56D
8E306619C89929856C0D9B4C1DFC65A3,Temperature(null) Is Not = Temperature(10),ProcessOperating.Min.Temperature=ProcessOperating.Min.Temperature,1,1,1,5,A17A0CA8D98B9DE1644AE4F152B59223,988B17FAA9F66D190CB4B32B7ED4B889,BD92DE09A4FE5E6008D7601816A992CF,,,"2""-P-U140-5217-C1","6""-CW-U140-1327-C1",PipeRun,PipeRun,D9F0C3193820468A97BD76260565103A
4DA8EF272C60F929245506191CD10706,S P_ Commissioning System(20) Is Not = S P_ Commissioning System(25),SP_CommissioningSystem=SP_CommissioningSystem,1,1,1,5,F8CAE444C3FB934DB7214A7B88D9F3C6,E4B61C928F17575A0EFC68F6ADD9116B,E6CC93B722AC118CAB7C7F7C437B0922,,,"2""-CW-U160-1136-A1",U160-TT-3327,PipeRun,Instrument,01D6B91D5D07C07D22E70FD0038D63D4
E611688B4E39E3AD31A36F8CFFD89F37,Tag Sequence No(10) Is Not = Tag Sequence No(null),TagSequenceNo=TagSequenceNo,1,1,1,5,3772B49BB519765241F4612A98859AFD,8C9547AACBA6A909A43DF68AD2EAF6D1,52A9823186C63968BF02558CF3561473,,,"8""-CW-U110-2097-A1","6""-P-U110-2951-C1",PipeRun,PipeRun,64BAF0523BD0EBA2719E81173A0AA56D
7FEAF118AC5EFF597EDF1F4BA9591ABD,Pipe Line T O(null) Is Not = Pipe Line T O(1001),PipeLineTO=PipeLineTO,1,1,1,5,7D71DEDB49CC172EDC86477D5C65FF76,2388B16B0854AC9C8C9249229523E4A6,B54C1CD694C26022D6E10239DC226BAC,,,"3""-SW-U100-7889-A1","3""-N2-U100-2484-A1",PipeRun,PipeRun,096059B5100DF4E1C33DE2437345E3F0
0E9118F1BB4934E4FF77C29720B8C266,The connect point is unattached.,,2,1,1,5,6B3A0DA91E99604DA5AD2D88D84CC2A6,24DC9AF62F4EC6C0EFF24503F227953B,,,,,,PipingComp,,A6E500CA1BC9D6D1043E4F2EE6CC6F78
5E5BAF1EEBAEED6B6D9C2B28F28C12BA,Vacuum Condition Pressure(P) Is Not = Vacuum Condition Pressure(N),VacuumConditionPressure=VacuumConditionPressure,1,2,1,5,24EDF061651069DC69A1E7A74FA9680E,633768FEB7118CE36A92CCACE292080A,E160E6B6D8B7E94BB6FFED2616E37B49,,,"3""-N2-U120-5663-B2",,PipeRun,PipingComp,C00FC3A0FFB871F69522C7C9D3CA4128
76FC590992528A46C38267090B979566,The connector endpoint is unattached,,5,1,1,5,836E6A85884EDA475926ABE1EE072B87,BBCBA4F606C972E5C7554D8B3F0F2171,,,,"3""-P-U100-4771-A1",,PipeRun,,096059B5100DF4E1C33DE2437345E3F0
8282DC34732120F1B3A7EA124367CEA1,The connector endpoint is unattached,,5,1,1,5,9980A0541A8FFBA17D024466F71C66B6,5857D23277B67B638D809DB56C3F778C,,,,"4""-CW-U130-4387-B2",,PipeRun,,A6E500CA1BC9D6D1043E4F2EE6CC6F78
A114B11D7AFE071218400F76EB67B5BB,Fluid System(A) Is Not = Fluid System(B),FluidSystem=FluidSystem,1,1,1,5,7A2DA80AC82E10C52551B5650E18A057,4C45DEB14264EE8B129E0B0890D1384B,45034B5A16E8E90C1B070606272F61EA,,,U110-SIG-6844,"2""-FG-U110-7519-A1",SignalRun,PipeRun,64BAF0523BD0EBA2719E81173A0AA56D
77BC3843DA537080246F417F68BA1F4B,Nominal Diameter(null) Is Not = Nominal Diameter(10),NominalDiameter=NominalDiameter,1,1,1,7,5A76E455880BFA67A447D0C1E2BABA28,4CBDA20C7AABB04713A53BA52D8EED74,851CDD83FEE0436F2012F2D787A19F38,,,N11,,Nozzle,PipingComp,64BAF0523BD0EBA2719E81173A0AA56D
CF293A8CE1C451CAE97879A3A0326F9F,Pipe Line T O(10) Is Not = Pipe Line T O(null),PipeLineTO=PipeLineTO,1,1,1,5,3772B49BB519765241F4612A98859AFD,58B17044EE51D4C75EFD8BBE100BA040,E13A1814CE69609C96C3989281AE0AA9,,,"3""-CW-U110-4586-C1","6""-N2-U110-1854-C1",PipeRun,PipeRun,64BAF0523BD0EBA2719E81173A0AA56D
C98311FF786A35A8CD2EC985F50453DB,Temperature(null) Is Not = Temperature(1001),ProcessDesign.Max.Temperature=ProcessDesign.Max.Temperature,1,2,1,5,AFF7F726BE9ABBCE2765C2DD1E79B7EA,4C339DA75F8BA4472D104AD10E5DF48B,0D07D27BA89C0D30BA61B055DDCE5027,,,"4""-SW-U100-4573-B2",,PipeRun,PipingComp,096059B5100DF4E1C33DE2437345E3F0
010C478574F21BCC99E37997F3DADFC9,Oper Fluid Code(10) Is Not = Oper Fluid Code(null),OperFluidCode=OperFluidCode,1,2,1,5,DECE41AFF321975732B0ECB8FD1DA38D,B1F8286D59105CFE9203ED73C8253CB7,882AABBB1C56A885F18AB89406738E55,,,U140-FT-8268,"6""-CW-U140-5329-A1",Instrument,PipeRun,D9F0C3193820468A97BD76260565103A
8043F7CE905502B3D1F42A2FCADABD85,Cannot evaluate consistency,,6,2,1,5,C488662F969F34058A82ECE077975BE5,C415B654D5A12FCA6E56BA32F2F808A0,,,,"8""-CW-U100-9135-C1",,PipeRun,,096059B5100DF4E1C33DE2437345E3F0
E25E65BE17B6AC20BCCCCDFAB801DA16,Fluid Code(20) Is Not = Fluid Code(25),FluidCode=OperFluidCode,1,1,1,7,DECE41AFF321975732B0ECB8FD1DA38D,9B1A73314216E778A0E0321C18CE6426,695A5B813BA3D1CC816F5D0F2BA6C4D3,,,"6""-P-U140-6634-C1",,PipeRun,PipingComp,D9F0C3193820468A97BD76260565103A
85B98F7098D8FDBAB8496E4A3B6F6C70,Temperature(10) Is Not = Temperature(null),ProcessDesign.Min.Temperature=ProcessDesign.Min.Temperature,1,1,1,5,AED5A2B3BDE999F4FBD39B4768585C9B,53B201937AB2112955CA7C1C5E45C97B,B3B22F3A366390BC4DADE33036615068,,,U100-FT-9401,N4,Instrument,Nozzle,096059B5100DF4E1C33DE2437345E3F0
9605F16EDD2A88FE489C35FB367548A0,Pressure(null) Is Not = Pressure(1001),ProcessDesign.Max.Pressure=ProcessDesign.Max.Pressure,1,1,1,7,8D9EA7A943C4B5E2EABAF8FD0FA8E4D0,14353417BADA0A08CDAB7E7072C178F9,2C368900406624F3320067D35A8F45E9,,,"4""-SW-U100-2887-A1","4""-N2-U100-6294-C1",PipeRun,PipeRun,096059B5100DF4E1C33DE2437345E3F0
9909A75C6825AA5C9B71F3AB15D6BEBD,S P_ Commissioning System(A) Is Not = S P_ Commissioning System(B),SP_CommissioningSystem=SP_CommissioningSystem,1,1,1,5,A76A7B4C083D5C2555830A6D0575A7C8,40FC3328F9203261B7FAC35467755C2A,385B6BA9DDDE72918FAB213A4E51C234,,,"2""-SW-U120-7751-A1","4""-CW-U120-9887-C1",PipeRun,PipeRun,C00FC3A0FFB871F69522C7C9D3CA4128
6C94ABF5C1D1E20E6B649096E78DF2E8,Nominal Diameter(null) Is Not = Nominal Diameter(1001),NominalDiameter=NominalDiameter,1,1,1,5,C393C5CDE02B4F8045042EE065265D02,237D3F59EEAD51019F7A9AE58966BE0D,3D7C88136594CD75A451D4F6A6000667,,,U120-SIG-5555,U120-P-6596,SignalRun,Mechanical,C00FC3A0FFB871F69522C7C9D3CA4128
DFF90842D27EE0E5DC1C3B68594F1991,Fluid System(null) Is Not = Fluid System(10),FluidSystem=FluidSystem,1,1,1,8,C488662F969F34058A82ECE077975BE5,342329B5FB4932D8260364D8690FAC26,F02C632E5A76CEFED1651C0AA0921930,,,N16,"8""-CW-U100-6834-B2",Nozzle,PipeRun,096059B5100DF4E1C33DE2437345E3F0
F09EA70908104296D8269353CD9574CF,Nominal Diameter(null) Is Not = Nominal Diameter(1001),NominalDiameter=NominalDiameter,1,1,1,6,FC14EF1DD2710425786CCE66BFF4081A,ADC0C3F2C976C24DF29FB7BA6879AB20,16B173FB1F0A2EBF38DCABE278169B24,,,"3""-P-U120-7729-C1","3""-FG-U120-2274-C1",PipeRun,PipeRun,C00FC3A0FFB871F69522C7C9D3CA4128
6897CE6043D9D06D3FAD06F7AE442B0E,The connect point is unattached.,,2,2,1,5,A17A0CA8D98B9DE1644AE4F152B59223,C648A6B1B4D5148F6FF65E513845D8A9,,,,,,PipingComp,,D9F0C3193820468A97BD76260565103A
276BCAC7183EE757FC3EE74F16FB24CE,The connect point is unattached.,,2,1,1,5,D72F391F0BC698D26CF8D8211F881843,80CE586EA10EB86E35552259ADD680FA,,OPC-1908,,,,,,A6E500CA1BC9D6D1043E4F2EE6CC6F78
C639335B3BEEA5EE9B0D7002748D26CE,The connector endpoint is unattached,,5,1,1,5,3617836BAAC586013A6529A833CE90E4,D849280B1D634F9EBB0397CA7AFB9CD2,,,,"3""-N2-U120-3494-C1",,PipeRun,,C00FC3A0FFB871F69522C7C9D3CA4128
E4580CDAFE8E34D0D19CA8D939C8C2F6,W B S N O(null) Is Not = W B S N O(1001),WBSNO=WBSNO,1,1,1,5,2C40CF630AC632F98E96A0667C2F315B,E21D45DDAF835D6D606E9ACD3FE44754,399FECFC694FA5E99432E8035004BFAD,,,"3""-SW-U110-3825-C1","8""-CW-U110-3045-C1",PipeRun,PipeRun,64BAF0523BD0EBA2719E81173A0AA56D
B659BCAE1E5B7B06DA1EF1BC901600E2,Tag Sequence No(A) Is Not = Tag Sequence No(B),TagSequenceNo=TagSequenceNo,1,2,1,5,56ED0E2A32F2B6A131C77E86DE15A5CF,7FE068538044F943253B0685019189FA,EBB8D9EE5EA808A060D27C6345EA10F4,,,"6""-CW-U110-6565-B2",U110-TT-5859,PipeRun,Instrument,64BAF0523BD0EBA2719E81173A0AA56D
F77CCB7A2A42A3A2C2C2BCB92A1A8BE3,Stream No(20) Is Not = Stream No(25),StreamNo=StreamNo,1,1,1,5,66F48B4ADF18024CCCA1094DB63EB67C,5A119906E3CD0F3B671965A18F5A19D1,505292A5F630BD8132B64BB46B3CEEFA,,,"8""-FG-U100-9997-C1","6""-FG-U100-7837-C1",PipeRun,PipeRun,096059B5100DF4E1C33DE2437345E3F0
575DD103F7AC1C67109F0F467372B2A5,Pipe Line T O(20) Is Not = Pipe Line T O(25),PipeLineTO=PipeLineTO,1,1,1,4,01E6B904BDBA8DCE3D67DD9CBDB2626E,31A661918D57F83F1A63568E1D8D3B77,DF924A1EE7FC16E0022041FC1E8B5FAD,,,N12,"6""-FG-U180-7320-B2",Nozzle,PipeRun,416E154110ACCEDA4EB45835BCDF4E10
AEDCB453B2BFDB36E15FB95161CA65C6,Nominal Diameter(A) Is Not = Nominal Diameter(B),NominalDiameter=NominalDiameter,1,2,1,8,83E64D40A7A72B1B18B15C75E0806435,1EE33900C25F4C0175CFB2AB065DCBED,C2E5B9F0FFE8762D1BB8E7D20BAD30B6,,,"6""-P-U100-8376-C1",,PipeRun,PipingComp,096059B5100DF4E1C33DE2437345E3F0
49BFBC8B36C9D2C56057A3423EF0243F,S P_ Commissioning System(null) Is Not = S P_ Commissioning System(10),SP_CommissioningSystem=SP_CommissioningSystem,1,1,1,6,6151546FAEC5D02EC2BD91CBFCE85343,CE3E3C3342D0F5823B49653DA8ED8C9C,EE865DC100CB66558D6F77B43EE0C22D,,,U100-LT-2382,"6""-N2-U100-9149-A1",Instrument,PipeRun,096059B5100DF4E1C33DE2437345E3F0
D9F5982FA8655B098A1A2846B2A6FAEE,Insul Purpose(null) Is Not = Insul Purpose(1001),InsulPurpose=InsulPurpose,1,1,1,8,A31D08ECA435F7F0C91AE9A1FB1D53A9,C16A334CE64DD5E4BA45B577FACD0450,55260B346DD275A657B485AA86C24F77,,,"6""-FG-U100-8254-A1","6""-SW-U100-4349-A1",PipeRun,PipeRun,096059B5100DF4E1C33DE2437345E3F0
A596F88A691EBD0C762E18B68B8B99A7,The connect point is unattached.,,2,1,1,4,A25DF03839C936FE596C93845E564096,E01C41385D29F4C370939CDB942EA98A,,,,,,PipingComp,,096059B5100DF4E1C33DE2437345E3F0
0E44DD29293F55AB0BA0529AC316C433,Oper Fluid Code(null) Is Not = Oper Fluid Code(1001),OperFluidCode=OperFluidCode,1,2,1,5,D0C901DDF31E7BEF10FE194B6901709E,997915BB868FEE577DFDD84140245703,22D3BB6770ABC33C06931473D2C5F97E,,,"3""-N2-U100-1669-C1","8""-SW-U100-5942-B2",PipeRun,PipeRun,096059B5100DF4E1C33DE2437345E3F0
C50B5E549D73471154E387886461558A,Piping Materials Class(P) Is Not = Piping Materials Class(N),PipingMaterialsClass=PipingMaterialsClass,1,1,1,5,51629E19B54AE62FCF3CDDC55AE9712C,25575AEA88612F3CA0EC4335A85B775D,7B5FDDEFACD661B7034BA7E684BB1D43,,,"3""-SW-U110-9139-B2","6""-FG-U110-8960-C1",PipeRun,PipeRun,64BAF0523BD0EBA2719E81173A0AA56D
DDEA28CCA9B8E71064CC4059934556F7,Cannot evaluate consistency,,6,1,1,5,33639FDC98AAF751C52F0A1670FC755E,E1BDC44558C25684843181D3E6FAA242,,,,,,PipingComp,,C00FC3A0FFB871F69522C7C9D3CA4128
9E39EE6AF7E5920CC87C10712C5DD326,Tag Sequence No(null) Is Not = Tag Sequence No(1001),TagSequenceNo=TagSequenceNo,1,1,1,5,719EAA06B1374B09D338FE3656748482,36D58B1FF009B3E230973D5CDE0B94C8,266FFE2CA5598483A70E9766D06A7FE6,,,"4""-P-U110-7543-A1",,PipeRun,PipingComp,64BAF0523BD0EBA2719E81173A0AA56D
5881C2BB619AF73966E9C0A075EB9D43,Piping Materials Class(null) Is Not = Piping Materials Class(1001),PipingMaterialsClass=PipingMaterialsClass,1,1,1,5,79F1A8C9EBEDDCDF31BB2517FD95FBB1,30EAF7DA90DFAEA41FB3DCDE016B39B1,34DC0B9A25BFC8E7608424E08A083DCC,,,"4""-SW-U100-3210-B2",,PipeRun,PipingComp,096059B5100DF4E1C33DE2437345E3F0
29D9128A48F7A41E537F7C47BC0C548A,The connect point is unattached.,,2,1,1,5,D39E239F866C2881A2B4A48AEE92B227,3F40B5E7FA9A32E32191AB79B1E12A37,,,,,,PipingComp,,64BAF0523BD0EBA2719E81173A0AA56D
6C72A8BE04BE2C4CDB8002C6946F3A47,The connect point is unattached.,,2,1,1,5,D2F690F8C13FCF77F18A314BA9286079,97809C559BE71A5C270D6E67ECE79377,,,,,,PipingComp,,01D6B91D5D07C07D22E70FD0038D63D4
1D5726B7A3D7EC0A79C921A58EDAD3C0,Piping Materials Class(null) Is Not = Piping Materials Class(10),PipingMaterialsClass=PipingMaterialsClass,1,1,1,5,F12F76029BAACE8FDD84CE7B4517354C,F40FAEF0ACBF69527D91E0F12C5BD54D,FB8515B1BA70E5440351C8EBCA236A53,,,N14,"3""-SW-U100-8539-B2",Nozzle,PipeRun,096059B5100DF4E1C33DE2437345E3F0
EB800746C748C07149BF154FA61378A5,The connect point is unattached.,,2,1,1,5,0F189CC773B3B551169C36E904073502,7BF26012A5C27B59A7901CEE2B44D28F,,,,,,PipingComp,,64BAF0523BD0EBA2719E81173A0AA56D
295375415019D92E934782B6D85EB759,The connect point is unattached.,,2,1,1,4,836E6A85884EDA475926ABE1EE072B87,16B98F6DDF37B5FABE084CBC55D5272B,,,,,,PipingComp,,096059B5100DF4E1C33DE2437345E3F0
AC8235DC8B781297780EDBF404CD04C3,Insul Purpose(20) Is Not = Insul Purpose(25),InsulPurpose=InsulPurpose,1,2,1,4,C488662F969F34058A82ECE077975BE5,0CE982ACD4C409E54C473A29661696B1,7A880815E4990C099B60909D5C377D01,,,"4""-FG-U100-9202-C1","2""-CW-U100-7896-B2",PipeRun,PipeRun,096059B5100DF4E1C33DE2437345E3F0
1BA0A21C34C96E203C48226A9564FFF7,The connect point is unattached.,,2,1,1,6,B895CE1C3B8F71B260A922BB8629A63D,791F7951F8D30954561C4D924A3E6BE7,,,,,,PipingComp,,6D8BB49801DABF0F53249CDAD1D1A8C3
08E36EE99F4F9B705B2EF0445A61177D,S P_ Commissioning System(null) Is Not = S P_ Commissioning System(1001),SP_CommissioningSystem=SP_CommissioningSystem,1,1,1,5,4CC32D1A4B0ACD87A921C4FBB4A33FE5,EBA59C3B7BB539E7F9EFE3BA00111E41,3B8682232DF25642C75C4A7B37983B38,,,"8""-FG-U130-9491-A1","6""-SW-U130-5942-C1",PipeRun,PipeRun,A6E500CA1BC9D6D1043E4F2EE6CC6F78
4F11612AC96B733AC14EC21F6AC30ACA,Pipe Line F R O M(10) Is Not = Pipe Line F R O M(null),PipeLineFROM=PipeLineFROM,1,1,1,7,449CB82CD20B56161A65C465C756ECA9,4932FCE1CAF06D476D5B43E80B6D02C3,81708928F0E3020856D0D1D6672DED96,,,"2""-FG-U180-1304-B2","6""-SW-U180-4345-B2",PipeRun,PipeRun,416E154110ACCEDA4EB45835BCDF4E10
CA9BFD9856493D9547F7D8AC980BD1BE,Pipe Line F R O M(10) Is Not = Pipe Line F R O M(null),PipeLineFROM=PipeLineFROM,1,1,1,5,B895CE1C3B8F71B260A922BB8629A63D,BBB5A35EFD1C5CD41EA1F0E32E4E5B62,7F2360E62D964BB4B73F136AE3ACE080,,,"2""-CW-U190-3288-A1",,PipeRun,PipingComp,6D8BB49801DABF0F53249CDAD1D1A8C3
EB029EC4DDC427375755AB815D0BBBF3,The connect point is unattached.,,2,1,1,5,6B3A0DA91E99604DA5AD2D88D84CC2A6,C45FDC67373481AA484BD100B822500A,,,,,,PipingComp,,A6E500CA1BC9D6D1043E4F2EE6CC6F78
D71A1F47719F92B846631696CE9833AA,The connector endpoint is unattached,,5,1,1,5,5A76E455880BFA67A447D0C1E2BABA28,D16DB5AB7DFE3B41934A8BE25798ABCB,,,,"8""-P-U110-7553-C1",,PipeRun,,64BAF0523BD0EBA2719E81173A0AA56D
A6A587FFF9A08E049676F26BB21813DE,W B S N O(20) Is Not = W B S N O(25),WBSNO=WBSNO,1,1,1,5,4F55DA160C9B368A1736DBC18AF6BE90,39B03B9B9A7C83062EB344ACFA40CB87,09CA69649AFA0ED747C232A9CAC67548,,,N7,"4""-CW-U100-4506-C1",Nozzle,PipeRun,096059B5100DF4E1C33DE2437345E3F0
9FC2964389090D6CE59CD821DFAB90F7,Insul Purpose(A) Is Not = Insul Purpose(B),InsulPurpose=InsulPurpose,1,1,1,5,E15256FAA45EC091B655987D74573B3E,963A2545C40DCAA49D70A4F4814A4DF0,62C83B5B5AF4EFA0EB54E84D27C80A77,,,"2""-SW-U110-9331-A1",U110-PT-7411,PipeRun,Instrument,64BAF0523BD0EBA2719E81173A0AA56D
6E9C26581DD2CF669E574D1FB76B949D,Nominal Diameter(P) Is Not = Nominal Diameter(N),NominalDiameter=NominalDiameter,1,1,1,4,6291B69CCDBF5D0F638861CC79DA3744,48501CEB479D2970E57CF3342783B1AB,1BFE95856B364458454F5DD7E6C729C3,,,"2""-CW-U100-6053-B2",,PipeRun,PipingComp,096059B5100DF4E1C33DE2437345E3F0
C17DB03E9795A3B2483E0664CCF0A699,Piping Materials Class(P) Is Not = Piping Materials Class(N),PipingMaterialsClass=PipingMaterialsClass,1,1,1,5,1A309918F041827BE1FA5F5984EC1520,5B942951579B5661EEBC62C244C9C03D,707E100226C460838F1C2B3FC694D4A2,,,"3""-FG-U120-7419-C1","6""-N2-U120-5692-A1",PipeRun,PipeRun,C00FC3A0FFB871F69522C7C9D3CA4128
6994484E70A177E9BDE2FE5DE5016461,The connect point is unattached.,,2,2,1,4,398D2861A687D2248F8B7B269AB3F869,6ACC7787C0DBE885DE40444584700EF5,,,,,,PipingComp,,096059B5100DF4E1C33DE2437345E3F0
36E34C2EFE155047075DE24685920346,Nominal Diameter(10) Is Not = Nominal Diameter(null),NominalDiameter=NominalDiameter,1,1,1,5,FD17C4EE856A5A9FC879CF837029BC67,C122AE493399C884A00B9978634336A2,721583360A4BFD3973FF22140A58E267,,,U110-TT-3821,"8""-FG-U110-2606-B2",Instrument,PipeRun,64BAF0523BD0EBA2719E81173A0AA56D
8BB42AD0B552316EFEAA2EDFCBD507AF,Tag Sequence No(A) Is Not = Tag Sequence No(B),TagSequenceNo=TagSequenceNo,1,1,1,5,7E57DDE07CD80FA372A80C0659F4615D,8D8A8D0D40A60BE837FA61A08E4F2129,1EF2E59108A4AB9E2DC539FDBE3789BF,,,"3""-SW-U100-2990-B2","8""-N2-U100-8344-B2",PipeRun,PipeRun,096059B5100DF4E1C33DE2437345E3F0
E3CDABB3EFC7825E1D670074D8C293C8,Pipe Line T O(P) Is Not = Pipe Line T O(N),PipeLineTO=PipeLineTO,1,1,1,5,6151546FAEC5D02EC2BD91CBFCE85343,433F7A2AADE0A5C432C428A4B2C8B06C,391F6F4E74F25CE61D64728E4A0B3ED7,,,N11,,Nozzle,PipingComp,096059B5100DF4E1C33DE2437345E3F0
1BFFFCC5E5D432E95044CE640C0EA253,Stress Analysis Reqmts(A) Is Not = Stress Analysis Reqmts(B),StressAnalysisReqmts=StressAnalysisReqmts,1,1,1,5,216C0C87DC569318B5C4DD82C39DC932,89F77AEDA811B61ADF2A00FC627E52F4,C60C06869BE0B28738B5A9D70C492928,,,,U110-V-1701,PipingComp,Vessel,64BAF0523BD0EBA2719E81173A0AA56D
166E2E69CA01AED8F40B09CFAF8B5469,The connect point is unattached.,,2,1,1,6,79F1A8C9EBEDDCDF31BB2517FD95FBB1,431F6E8F54260E3E57314136EEAAAD47,,,,,,PipingComp,,096059B5100DF4E1C33DE2437345E3F0
3082604A5A7F410A9AB8504D4712B60B,The connect point is unattached.,,2,1,1,4,255FA027667D5CD05424BDA0F6F0F415,53A0772E68F3032C4AE59B6BC5A6BBF3,,,,,,PipingComp,,A6E500CA1BC9D6D1043E4F2EE6CC6F78
D5C9DF01EFD37DE2435FD4023CD02090,Tag Sequence No(A) Is Not = Tag Sequence No(B),TagSequenceNo=TagSequenceNo,1,1,1,5,449CB82CD20B56161A65C465C756ECA9,576265DA3D15BE38EA192E20954FF603,44B0DFCE3B5734E7084BFA9A9C9E3B47,,,"6""-P-U180-6531-A1","4""-P-U180-1460-A1",PipeRun,PipeRun,416E154110ACCEDA4EB45835BCDF4E10
88B28B62BFB4C00EF8AE45C3BFE498B4,Nominal Diameter(10) Is Not = Nominal Diameter(null),NominalDiameter=NominalDiameter,1,1,1,5,3617836BAAC586013A6529A833CE90E4,609F4694B8F9BF7A56DF71C418A6BDAA,82748030DB02F3041A677C0E117FAA14,,,"8""-CW-U120-9353-A1","3""-P-U120-3394-C1",PipeRun,PipeRun,C00FC3A0FFB871F69522C7C9D3CA4128
E88CBE3BC5AEC39EC6FEC0FCDA5EF2E2,The connector endpoint is unattached,,5,1,1,5,6151546FAEC5D02EC2BD91CBFCE85343,FEFE71746FFF1707B7132C4B4680C0B3,,,,U100-SIG-9304,,SignalRun,,096059B5100DF4E1C33DE2437345E3F0
5AD229A76D645EDD9E5362FA4C6E6322,The connector endpoint is unattached,,5,1,1,5,79F1A8C9EBEDDCDF31BB2517FD95FBB1,9EF9380423F90EDEAEC8FCC9C3B942E6,,,,"8""-FG-U100-3791-C1",,PipeRun,,096059B5100DF4E1C33DE2437345E3F0
B1B1AB3C93FD08E6C37D939414AF9438,The connector endpoint is unattached,,5,1,1,5,AFF7F726BE9ABBCE2765C2DD1E79B7EA,2F3DBBFB7304AD4F3EA2BE3B116F4357,,,,U100-SIG-7300,,SignalRun,,096059B5100DF4E1C33DE2437345E3F0
28F0580BA0DD072427D039BB32EDC569,S P_ Commissioning System(null) Is Not = S P_ Commissioning System(10),SP_CommissioningSystem=SP_CommissioningSystem,1,1,1,6,A25DF03839C936FE596C93845E564096,C76BB7AC41944F2F60F05BC421AAD4BF,0A48E972B3602E4FCF6E9A38014FA370,,,"6""-P-U100-3510-A1",N9,PipeRun,Nozzle,096059B5100DF4E1C33DE2437345E3F0
0A3AC78123F7EEB7E1D31392D958EE08,Insul Purpose(null) Is Not = Insul Purpose(1001),InsulPurpose=InsulPurpose,1,1,1,5,5BDD1E68CB7DF33559C65C4A568F3849,0179183B297AF3643500B58CD30BAF52,3C8B474E61CC48D660C33421DD0C1BB6,,,"3""-SW-U100-4497-C1","2""-SW-U100-6141-B2",PipeRun,PipeRun,096059B5100DF4E1C33DE2437345E3F0
8A43533F4E7ABD56D13798477A83E0D1,The connect point is unattached.,,2,1,1,5,33E233D68C42D2657953DB0EEF26D073,C10F3FE67610275C7ED9994870DAABC6,,,,,,PipingComp,,FEBE2715D378C22F880205573EA4893C
504F7A1AB326505BA036A01A5807C429,The connect point is unattached.,,2,1,1,5,B2B85521054FADE48E3FE7341D0D79BD,B6017FB6B79BD444E63F73C6A7223FAA,,,,,,PipingComp,,096059B5100DF4E1C33DE2437345E3F0
375F197FD0AF973F780806F19F2A6436,Nominal Diameter(20) Is Not = Nominal Diameter(25),NominalDiameter=NominalDiameter,1,2,1,5,F26EA8DCAC4FF2ADCAF98D70A22BDE36,9819F07288613F99DBE163150459E45B,BBDEB51D3EC95A0898DFEEB96403B700,,,"8""-FG-U100-2126-C1","4""-FG-U100-6895-C1",PipeRun,PipeRun,096059B5100DF4E1C33DE2437345E3F0
86C2168004A90DD004F2160F2B3AF7C2,Piping Materials Class(null) Is Not = Piping Materials Class(1001),PipingMaterialsClass=PipingMaterialsClass,1,1,1,5,6151546FAEC5D02EC2BD91CBFCE85343,62852EE8694543B6102BD4D65C6465E0,26B3D89B0ADD3EF4EAFBBA4DFA4795CC,,,"4""-CW-U100-9478-A1","4""-FG-U100-5875-B2",PipeRun,PipeRun,096059B5100DF4E1C33DE2437345E3F0
2539C333E23CA31256D78270C985B652,The connector endpoint is unattached,,5,1,1,5,536DA83BF14C40A7C114D5F543D481E0,50A196AE0FE4CEDD9F83ABE0D1575DCB,,,,U120-SIG-3816,,SignalRun,,C00FC3A0FFB871F69522C7C9D3CA4128
5A4366D236A470ED8F931B4A0F69D8C7,Cannot evaluate consistency,,6,1,1,4,F26EA8DCAC4FF2ADCAF98D70A22BDE36,26DA3F7B745CCF03D21A422CCB35AC45,,,,,,PipingComp,,096059B5100DF4E1C33DE2437345E3F0
1C40D23F4EC09DFB918A20A44E692E7A,Tag Sequence No(10) Is Not = Tag Sequence No(null),TagSequenceNo=TagSequenceNo,1,1,1,5,39AC202C5FADAB3D6A6DB0EC72C695F4,0EAE3360207D5CCA29EF30E963FC6B59,A7AD4DA8860375245CB2F249208581FD,,,"6""-FG-U110-8752-B2",U110-V-1738,PipeRun,Vessel,64BAF0523BD0EBA2719E81173A0AA56D
627B82744C3D1F379D2A21DE1FA2714E,Oper Fluid Code(null) Is Not = Oper Fluid Code(1001),OperFluidCode=OperFluidCode,1,1,1,4,6151546FAEC5D02EC2BD91CBFCE85343,0BADB48FB2EEA4395F71BD1EC9CEECA7,2FE480C16E67062796C9A25B0AFF65F7,,,"3""-N2-U100-7805-C1","2""-FG-U100-5880-B2",PipeRun,PipeRun,096059B5100DF4E1C33DE2437345E3F0
153F22DECDDE78EC7894AA845BED8BEE,Fluid System(null) Is Not = Fluid System(1001),FluidSystem=FluidSystem,1,1,1,5,4CC32D1A4B0ACD87A921C4FBB4A33FE5,E17C7D992F4A36A1B7D0DAE381FC8FDE,C6B8FEC5F784992D09B0F3921140C849,,,"2""-P-U130-7863-B2","4""-P-U130-4605-B2",PipeRun,PipeRun,A6E500CA1BC9D6D1043E4F2EE6CC6F78
6E10D8113AB7AAB2D19750E59DEDA15E,Piping Materials Class(null) Is Not = Piping Materials Class(1001),PipingMaterialsClass=PipingMaterialsClass,1,1,1,5,79F1A8C9EBEDDCDF31BB2517FD95FBB1,7FA9F72A5C211E6ED74867EEF4A58E98,16B61B0AB2E5552A5B5DF77ED3F7C352,,,"2""-P-U100-4235-A1","2""-CW-U100-7394-A1",PipeRun,PipeRun,096059B5100DF4E1C33DE2437345E3F0
09E847A0FD444381A3A8771F6EB9962A,The connect point is unattached.,,2,1,1,5,36D77441C22A97EC2FC6EDD0162AB160,3BE9D90E8D546F846318101E5DDA10F5,,OPC-6331,,,,,,64BAF0523BD0EBA2719E81173A0AA56D
BC4CE4734C6AA3A3E5E9277EB54149EE,Tag Sequence No(20) Is Not = Tag Sequence No(25),TagSequenceNo=TagSequenceNo,1,1,1,4,DECE41AFF321975732B0ECB8FD1DA38D,81E3E737D5696FA6FD2D653C9FDA6F03,96A19AF230B0B17BF6378ADEB9D60917,,,"4""-FG-U140-8913-C1","2""-FG-U140-6416-A1",PipeRun,PipeRun,D9F0C3193820468A97BD76260565103A
D4D518B1DE67E9ECED9BC5E8C4C281FB,Cannot evaluate consistency,,6,1,1,5,36D77441C22A97EC2FC6EDD0162AB160,F591D3A925484BEDB5E2F96831B951B9,,,,"8""-P-U110-4778-C1",,PipeRun,,64BAF0523BD0EBA2719E81173A0AA56D
4881E449D20A31DB5484ABE05C8CA269,Fluid System(20) Is Not = Fluid System(25),FluidSystem=FluidSystem,1,2,1,5,83E64D40A7A72B1B18B15C75E0806435,B736E3F7BA9AC96E93372AFD2FC96BC0,8C256E4417D9AB892D3A21C9651E6674,,,"4""-SW-U100-4918-C1","3""-CW-U100-2379-A1",PipeRun,PipeRun,096059B5100DF4E1C33DE2437345E3F0
8EC9FEDB8FACC9700623662D33D24B73,Oper Fluid Code(10) Is Not = Oper Fluid Code(null),OperFluidCode=OperFluidCode,1,1,1,5,91B3CEF29D8CA4ADC7CAEE80A0D21D62,A981DBB5CEF498A964CE581CBA91D824,3AD883C23C13B71B96C819B9859997AD,,,"2""-N2-U140-6753-A1","6""-FG-U140-5092-B2",PipeRun,PipeRun,D9F0C3193820468A97BD76260565103A
9A95D8052608C21D7272BE8C7B6C53D5,The connect point is unattached.,,2,1,1,5,6158E2B61D526CDCEF4BE5A4E1BADB5C,F4D393CBEE24E9E9915CC5C5C8F9BC7B,,,,,,PipingComp,,64BAF0523BD0EBA2719E81173A0AA56D
2F2BBDFC638F42F1A789EC6859DE096E,Tag Sequence No(10) Is Not = Tag Sequence No(null),TagSequenceNo=TagSequenceNo,1,1,1,5,AD20A92D054433ABB0EE40B5E810936C,D33E4A2387A48AAEAD8E9525B09FA4F6,64B990FCF40A73703B272F4A2961338B,,,"8""-FG-U100-6877-B2","4""-P-U100-5042-C1",PipeRun,PipeRun,096059B5100DF4E1C33DE2437345E3F0
D71421ECA87AEE08745F7F2BD866FE49,Fluid System(10) Is Not = Fluid System(null),FluidSystem=FluidSystem,1,2,1,8,255FA027667D5CD05424BDA0F6F0F415,8AFD89EFF40E03602945C5EF9C33531B,055BE37A839F6AB5D2D5D642EA704DB4,,,"6""-N2-U130-5445-C1","3""-FG-U130-2353-A1",PipeRun,PipeRun,A6E500CA1BC9D6D1043E4F2EE6CC6F78
602306F0B43E4D2DE3092950E2AFC910,The connect point is unattached.,,2,1,1,6,D0C901DDF31E7BEF10FE194B6901709E,3B32BE71AA43181267A7D68CFC844129,,,,,,PipingComp,,096059B5100DF4E1C33DE2437345E3F0
092F76B8F406E6A2D6178CBFFA7B65CB,Nominal Diameter(null) Is Not = Nominal Diameter(10),NominalDiameter=PipingPoint1.NominalDiameter,1,1,1,5,719EAA06B1374B09D338FE3656748482,F4954683D30412D42D101EC7284A7846,63BAA0390D92DD9450E5AC95B60D5A2B,,,"6""-FG-U110-3271-A1",N11,PipeRun,Nozzle,64BAF0523BD0EBA2719E81173A0AA56D
4B197DE5388C5B0CC39ACEB709B5EB6E,Tag Sequence No(P) Is Not = Tag Sequence No(N),TagSequenceNo=TagSequenceNo,1,1,1,6,8D9EA7A943C4B5E2EABAF8FD0FA8E4D0,2F29B9A48C68093075FE91B6C39D2B60,25F17155189D01AEECF2A290D9046619,,,"3""-CW-U100-5176-A1","8""-FG-U100-1011-A1",PipeRun,PipeRun,096059B5100DF4E1C33DE2437345E3F0
D580D6BA29E60566FC4DA4F0E90B1FCB,The connect point is unattached.,,2,1,1,4,5ACE2C5C7EC6D11D7B085151841A3EA9,417002EB76A2AD6CBA4CB7E2A2144F68,,,,,,PipingComp,,096059B5100DF4E1C33DE2437345E3F0
A2DFEB9ED92023ABD747F6E1AEE5CEBC,Tag Sequence No(null) Is Not = Tag Sequence No(1001),TagSequenceNo=TagSequenceNo,1,1,1,5,48ED1B18D83678C5AE1D0C63E17E0D06,BCE8D6429BD0DBB143DE9EB92F063A7E,A21777FADCAF654D9EE4E5855A646814,,,"3""-N2-U130-4117-A1","4""-FG-U130-5646-A1",PipeRun,PipeRun,A6E500CA1BC9D6D1043E4F2EE6CC6F78
AB2074F618986D6F65BDEA905F32C560,Temperature(null) Is Not = Temperature(1001),ProcessDesign.Min.Temperature=ProcessDesign.Min.Temperature,1,1,1,5,D7D41486D44896D32017AE359A727D6D,31B4F04C3E25FEFCD1DE026239026A67,09B4AE0633B3474CCE8472CF13585008,,,"4""-SW-U110-3385-C1","3""-CW-U110-7185-C1",PipeRun,PipeRun,64BAF0523BD0EBA2719E81173A0AA56D
F40F92257233782F46995BA2920B4912,Cannot evaluate consistency,,6,1,1,5,278193BC545CB1E30C860219320DC6B9,4960D0DBDDE1EB58ADB06480F38A71AE,,,,"3""-CW-U160-4506-A1",,PipeRun,,01D6B91D5D07C07D22E70FD0038D63D4
FE4D2E1A8188393DC5B94E4A66BCEB7C,The connect point is unattached.,,2,1,1,5,9DEE39D15FEDC88A61A9009654CCBDEB,7E72615F71AFDAA8FF1F1D3F12DE32C5,,,,,,PipingComp,,64BAF0523BD0EBA2719E81173A0AA56D
9D7EA5C3B3046F8391B50F36BFAA98E5,The connector endpoint is unattached,,5,1,1,5,2C40CF630AC632F98E96A0667C2F315B,1E589AB34E270AFCDF4037B7BDD76BEB,,,,U110-SIG-1046,,SignalRun,,64BAF0523BD0EBA2719E81173A0AA56D
72EE9984113EE8261DF8496D14F1FD6B,Inconsistent flow direction,FlowDirectionInlineComp.FlowDirection,3,1,1,5,C393C5CDE02B4F8045042EE065265D02,EFB4D7024C809FC59361FDB79CB0DC85,F4570C78FC8C10AB805147F1D6CA2DE5,,,"6""-SW-U120-6103-B2","2""-SW-U120-2437-C1",PipeRun,PipeRun,C00FC3A0FFB871F69522C7C9D3CA4128
7DCB4C4C06135FDDF926CCB1C7316E99,The connector endpoint is unattached,,5,1,1,6,09B849AEED982B62E9F3EE29EDEEC671,9A243D49DF43B3EAB9D2994BA6461A7D,,,,"4""-CW-U100-5440-C1",,PipeRun,,096059B5100DF4E1C33DE2437345E3F0
C8432EB51F81FBB98D47348B24843C43,The connector endpoint is unattached,,5,2,1,5,398D2861A687D2248F8B7B269AB3F869,D71CBA586F1D15CA7C30102E1EF2353F,,,,U100-SIG-6194,,SignalRun,,096059B5100DF4E1C33DE2437345E3F0
EAAAFE83A1FE3285476677881DCA27F2,Tag Sequence No(null) Is Not = Tag Sequence No(1001),TagSequenceNo=TagSequenceNo,1,1,1,5,C2DF5D56839629AFC8F152541A0C3236,BA3FE3B76CBEF9E0B3D39B86D4E73019,DD8BD6B64976B8DAD9BC6CB09D4B9186,,,"8""-CW-U120-6924-B2","8""-FG-U120-6058-B2",PipeRun,PipeRun,C00FC3A0FFB871F69522C7C9D3CA4128
D6195DAF430FE261DD8382BA12676213,Tag Sequence No(null) Is Not = Tag Sequence No(10),TagSequenceNo=TagSequenceNo,1,1,1,4,6158E2B61D526CDCEF4BE5A4E1BADB5C,0F1AB423B734C29D70B527BB1AE79362,F10BA4F22952AE4AD645E2C9DAA00315,,,"3""-N2-U110-6364-C1","2""-SW-U110-3651-A1",PipeRun,PipeRun,64BAF0523BD0EBA2719E81173A0AA56D
A6B79A62436ED7A5E8BBD144C4DACB87,Fluid System(null) Is Not = Fluid System(1001),FluidSystem=FluidSystem,1,2,1,5,3772B49BB519765241F4612A98859AFD,AEFEB9C12534D32479134E08132458CB,87F8285FD259DAB03D17BAFF321A6FC5,,,"2""-P-U110-4312-C1","2""-CW-U110-7633-B2",PipeRun,PipeRun,64BAF0523BD0EBA2719E81173A0AA56D
09BD4E72BDA999970C7ED78967F2B83A,Tag Sequence No(null) Is Not = Tag Sequence No(1001),TagSequenceNo=TagSequenceNo,1,1,1,6,7E57DDE07CD80FA372A80C0659F4615D,EB61647DA463B06894F171A2F62D5FD7,9AB1B67745C884D0788A8CF9F4ED16A3,,,"4""-N2-U100-4427-C1","3""-N2-U100-7583-C1",PipeRun,PipeRun,096059B5100DF4E1C33DE2437345E3F0
D73FDB53B1C91F9838C753C2D4717AA3,The connector endpoint is unattached,,5,1,1,5,B2B85521054FADE48E3FE7341D0D79BD,6C474F565DE89C5073BA2CD3CA52808C,,,,"8""-FG-U100-6517-A1",,PipeRun,,096059B5100DF4E1C33DE2437345E3F0
62A2825321B57772DA2F5855CEA01923,Tag Sequence No(10) Is Not = Tag Sequence No(null),TagSequenceNo=TagSequenceNo,1,1,1,4,D0C901DDF31E7BEF10FE194B6901709E,81F8BB06D6C6D125A4039D84D77D81BF,DFC816F4C8FCA873E921900A3609A807,,,,"3""-N2-U100-1355-A1",PipingComp,PipeRun,096059B5100DF4E1C33DE2437345E3F0
DEE640CEC461BC36D9037CACE6B2BF6D,The connect point is unattached.,,2,1,1,6,84881B6622C0E556382A2344B0D1A60A,939822475139965550AA59AD81A649AC,,,,,,PipingComp,,C00FC3A0FFB871F69522C7C9D3CA4128
88B008C1A29B16CE5EC37B99DF3E32AD,Insul Purpose(null) Is Not = Insul Purpose(10),InsulPurpose=InsulPurpose,1,2,1,5,5A76E455880BFA67A447D0C1E2BABA28,658759B03CE2E5590DA853284C1D314D,E931B0C958DC7843455407D70B135DB1,,,"6""-P-U110-5608-B2",U110-V-1655,PipeRun,Vessel,64BAF0523BD0EBA2719E81173A0AA56D
6A0935F3B942B6B986D77CFF0598B4A5,Temperature(20) Is Not = Temperature(25),ProcessDesign.Min.Temperature=ProcessDesign.Min.Temperature,1,1,1,5,6291B69CCDBF5D0F638861CC79DA3744,07B9E8C845D48BBA0932350788E983FF,C7D3BACF82B679CDD57944C2DCECA1C9,,,"2""-FG-U100-8954-B2","2""-FG-U100-4002-C1",PipeRun,PipeRun,096059B5100DF4E1C33DE2437345E3F0
271DF89C5B6D16862228805AADCBDC7C,Piping Materials Class(null) Is Not = Piping Materials Class(10),PipingMaterialsClass=PipingMaterialsClass,1,1,1,4,3772B49BB519765241F4612A98859AFD,B59C4113A98CDF06E3C6A0B9A708EA86,FD8AE96B4279B4B7A9FA092483319B34,OPC-6188,,,"3""-N2-U110-5996-B2",,PipeRun,64BAF0523BD0EBA2719E81173A0AA56D
DB99F6503315A184D73F9C8B4F0DBC60,The connector endpoint is unattached,,5,1,1,5,C67509544B54D5060A7EAE7CBB1667B1,10E6844AE56C91B8432F4A329C871772,,,,"6""-N2-U110-6027-C1",,PipeRun,,64BAF0523BD0EBA2719E81173A0AA56D
C8FC318B30577939EC9BF28606489A1B,The connector endpoint is unattached,,5,1,1,5,56ED0E2A32F2B6A131C77E86DE15A5CF,E85A9E14FCDA5E1926645E1FEBCC2C45,,,,U110-SIG-9883,,SignalRun,,64BAF0523BD0EBA2719E81173A0AA56D
D995A96E322CC2C05A001682CB6CC3D5,The connector endpoint is unattached,,5,1,1,5,9137D87671A897C3C0184D412B13110E,E77CF1808BB9D96764FB62F6D858F611,,,,"6""-CW-U150-7494-A1",,PipeRun,,01DE7FEE8D4CBFB143281F4BD48C69EC
670375FC380790064FA170D80A6038E2,W B S N O(null) Is Not = W B S N O(10),WBSNO=WBSNO,1,2,1,7,D7D41486D44896D32017AE359A727D6D,089298F8BDBDB1733B3DD05DC960F026,2578E416CA8DB14AD6A6C8664071E83B,,,"6""-FG-U110-4187-A1","4""-CW-U110-8022-B2",PipeRun,PipeRun,64BAF0523BD0EBA2719E81173A0AA56D
3B5313EA6A6CBD667CA112887F871EBC,Piping Materials Class(null) Is Not = Piping Materials Class(1001),PipingMaterialsClass=PipingMaterialsClass,1,1,1,5,BC1EB0F397920DFACFB05C10740478BB,F3F3E2A46CB70458E50CD185067BBB05,E5EE9B13F5EFCCE4D1D49F59A00F9256,,,U140-SIG-8202,"4""-SW-U140-1641-C1",SignalRun,PipeRun,D9F0C3193820468A97BD76260565103A
58C38A36C009DD59DA29E82B18C2B63D,Pressure(null) Is Not = Pressure(1001),ProcessDesign.Max.Pressure=ProcessDesign.Max.Pressure,1,1,1,5,51629E19B54AE62FCF3CDDC55AE9712C,52F9A55ACBDB5B2C8D591BCADB88BDF6,61007CB88D5F004BFC4C85B121C85BB9,,,"4""-FG-U110-3007-C1","8""-SW-U110-1132-B2",PipeRun,PipeRun,64BAF0523BD0EBA2719E81173A0AA56D
35B7015074B1D9C0BE1BE22DDC273FB2,Fluid Code(null) Is Not = Fluid Code(1001),FluidCode=OperFluidCode,1,1,1,6,C2DF5D56839629AFC8F152541A0C3236,479AFBA9C2236E010F96D3464F8AF34E,064F87364A54E4DBF1C041E1F71B5A3D,,,"3""-FG-U120-4851-C1","2""-FG-U120-4005-A1",PipeRun,PipeRun,C00FC3A0FFB871F69522C7C9D3CA4128
F445E16F60BD7B34B22541156EDA2756,Oper Fluid Code(null) Is Not = Oper Fluid Code(10),OperFluidCode=OperFluidCode,1,2,1,5,896875BBABFD351308237B9C75230C92,B72B26D401BD8C0B99F78454D4E3D209,9FCA2C32C4776F17067FB98A66DDA845,,,U130-FT-5035,"2""-CW-U130-1746-B2",Instrument,PipeRun,A6E500CA1BC9D6D1043E4F2EE6CC6F78
E36DE53B919183FA7543645B46686252,Pressure(null) Is Not = Pressure(10),ProcessDesign.Max.Pressure=ProcessDesign.Max.Pressure,1,2,1,5,F26EA8DCAC4FF2ADCAF98D70A22BDE36,3537CED20FF4C7B4EB8479AE978E7360,B1DF976C2F4B7E9981F5F432CC090338,,,"3""-SW-U100-1293-A1","8""-SW-U100-5833-C1",PipeRun,PipeRun,096059B5100DF4E1C33DE2437345E3F0
A9ECC79E279AE5B350145FA085279E86,The connector endpoint is unattached,,5,1,1,4,2C40CF630AC632F98E96A0667C2F315B,1A92712257AA68FC0418EAE96088E7DA,,,,U110-SIG-9464,,SignalRun,,64BAF0523BD0EBA2719E81173A0AA56D
E4A5EFE4EABFA3AFBA879D70DE96E4F4,The connect point is unattached.,,2,1,1,5,0F189CC773B3B551169C36E904073502,08ABB433310367F92FC14B2C4AAA62F5,,,,,,PipingComp,,64BAF0523BD0EBA2719E81173A0AA56D
38182843C190742BB8C1B63450FAB4F7,Cannot evaluate consistency,,6,1,1,5,CEB62D4CAAAF04F8A4912A5C1E201C48,97D69C5A68FBD7EAA603EF88C6E05543,,,,"3""-P-U100-3816-C1",,PipeRun,,096059B5100DF4E1C33DE2437345E3F0
D45BE48C7770D30968D53DDFE92C562B,H Trace Medium(10) Is Not = H Trace Medium(null),HTraceMedium=HTraceMedium,1,1,1,6,83E64D40A7A72B1B18B15C75E0806435,52934D35886B416345B49A707FAEA428,2A7D3B75872304C233169AFBE4997CB5,,,"6""-CW-U100-3254-C1","2""-N2-U100-9543-B2",PipeRun,PipeRun,096059B5100DF4E1C33DE2437345E3F0
9B6C12AF03141A1FCCFABBB0E2FCECCF,The connector endpoint is unattached,,5,1,1,5,3617836BAAC586013A6529A833CE90E4,6BD03BB9C89773FB3EBCB1025DB336C7,,,,"2""-CW-U120-6525-A1",,PipeRun,,C00FC3A0FFB871F69522C7C9D3CA4128
926330A65DBF27987A45535F71AA3705,Tag Sequence No(null) Is Not = Tag Sequence No(10),TagSequenceNo=TagSequenceNo,1,1,1,5,F8CAE444C3FB934DB7214A7B88D9F3C6,D699E794C2C12738509097E5E449845E,F96A72B3D426F0B24BA26996517BA046,,,,U160-TT-6868,PipingComp,Instrument,01D6B91D5D07C07D22E70FD0038D63D4
08025E8CF155624887454162B90C80FD,Tag Sequence No(P) Is Not = Tag Sequence No(N),TagSequenceNo=TagSequenceNo,1,1,1,6,B65DFD027E5BBC6123D0C26C2334C0AA,655B46023F918B28254EC4D26E4259C6,E881857053FCF44D0F8B5C354F464FB8,,,U120-TT-1162,,Instrument,PipingComp,C00FC3A0FFB871F69522C7C9D3CA4128
50BE80E836E6AAD8E4B57DE8971CFD46,The connector endpoint is unattached,,5,2,1,5,5A76E455880BFA67A447D0C1E2BABA28,CDE17E0B29D85DE18B9D6B6F5B9900B4,,,,U110-SIG-3540,,SignalRun,,64BAF0523BD0EBA2719E81173A0AA56D
3204E368D3DDE9936A1FA96B64A7781B,Tag Sequence No(10) Is Not = Tag Sequence No(null),TagSequenceNo=TagSequenceNo,1,1,1,5,6C98AAC7903FD017DAC559B0E9B9CCE5,1E8038B527A8BEAD9693A902F0E7A478,7ED554FD00CF75F8D552E719AF3AF631,,,N2,"4""-N2-U160-7490-A1",Nozzle,PipeRun,01D6B91D5D07C07D22E70FD0038D63D4
67D9AFCCC852C738FCF0349CC08356A7,S P_ Commissioning System(A) Is Not = S P_ Commissioning System(B),SP_CommissioningSystem=SP_CommissioningSystem,1,1,1,5,5A76E455880BFA67A447D0C1E2BABA28,A923DBC6D977E22C825C6B31AFA2B549,ED8B421AE9EE89CDC1AE05AB498616A4,,,"2""-N2-U110-9889-C1","3""-P-U110-3305-B2",PipeRun,PipeRun,64BAF0523BD0EBA2719E81173A0AA56D
41D3954C347C8A1C94A645126151F9E7,Insul Purpose(10) Is Not = Insul Purpose(null),InsulPurpose=InsulPurpose,1,1,1,5,E86EF5FADE3C81FC934431B783E44626,0E2A3A8E439D0D601EF1AB818ADFCFF1,481278B7C05F6A9916E5FCA3ADEAC6B2,,,"8""-P-U100-6195-A1","8""-CW-U100-6699-B2",PipeRun,PipeRun,096059B5100DF4E1C33DE2437345E3F0
CEFDA17490F6164C9D4561F1CAAED6A2,Cannot evaluate consistency,,6,1,1,4,601351B316B14DC2F37D75025FEF4ADC,6B7F6D6F863B5CEAC9AB4F73C06977CD,,,,,,PipingComp,,64BAF0523BD0EBA2719E81173A0AA56D
277C8C58C37B95A7CB5EAFED70E953F2,Inconsistent flow direction,FlowDirectionInlineComp.FlowDirection,3,1,1,6,FDE23B4165E28F0F5CCF76EA194FDFC1,BBF9B7D53AB94FF8DEACB0C05895B5C4,4F700FD1553F9062844B75C4CB0D53D4,,,"3""-SW-U120-5651-A1",,PipeRun,PipingComp,C00FC3A0FFB871F69522C7C9D3CA4128
FB1ABB97831FD4C0E3AA6BF71542BB5D,Cannot evaluate consistency,,6,1,1,5,09B849AEED982B62E9F3EE29EDEEC671,1B23DBC27DD4971909CACBDBCAFC8F6D,,,,"8""-CW-U100-4343-B2",,PipeRun,,096059B5100DF4E1C33DE2437345E3F0
65BD8EAAACBB74830CAD440FE40C1CC3,Inconsistent flow direction,FlowDirectionInlineComp.FlowDirection,3,1,1,5,51629E19B54AE62FCF3CDDC55AE9712C,50772AAB8A4BFAD2BE308B2FE413C4A0,05BDAAF2921E278A44303BFBB68F8B07,,,"3""-CW-U110-1470-B2","3""-CW-U110-7402-B2",PipeRun,PipeRun,64BAF0523BD0EBA2719E81173A0AA56D
AB0C8BF0FA9F901A7734547949EFD778,The connector endpoint is unattached,,5,1,1,5,601B1D430AA7723D7796BEA4B1BFD84E,441B54FA56DE8858AC0AC301D8C6D8FF,,,,U110-SIG-8204,,SignalRun,,64BAF0523BD0EBA2719E81173A0AA56D
98ABA56FD5D9E3DAE546E4C880800DF7,Cannot evaluate consistency,,6,1,1,5,09B849AEED982B62E9F3EE29EDEEC671,AC23C5CC3179150EFC6647CEE3E8D107,,,,,,PipingComp,,096059B5100DF4E1C33DE2437345E3F0
092AB2DEFC91276DCDA900A2BBB4584A,Piping Materials Class(P) Is Not = Piping Materials Class(N),PipingMaterialsClass=PipingMaterialsClass,1,1,1,5,C393C5CDE02B4F8045042EE065265D02,4D1E3740A95D085DC7914BA1E432E008,65C84804C1C96004696A7866B129023B,,,"3""-N2-U120-3289-A1",,PipeRun,PipingComp,C00FC3A0FFB871F69522C7C9D3CA4128
37A2D80B0E65CBDA06B5A395BB8D8DF8,Nominal Diameter(P) Is Not = Nominal Diameter(N),NominalDiameter=NominalDiameter,1,1,1,4,802EAA99A3004FC950D9B1E348DBF83A,9735C83EBA5350DC4A6B4D34995649F1,25A69A5AB8613FCF9004989BC8E4A043,,,"6""-FG-U120-5592-B2","3""-CW-U120-3866-B2",PipeRun,PipeRun,C00FC3A0FFB871F69522C7C9D3CA4128
236F3E08EA69FB73A57BFD7EFC90B82B,Piping Materials Class(P) Is Not = Piping Materials Class(N),PipingMaterialsClass=PipingMaterialsClass,1,1,1,8,0F189CC773B3B551169C36E904073502,12D0AA2101CA1B7CA6E532F83C5F10FB,09C505C785BACAEE6B3D97752D5FBEAB,,,,"3""-SW-U110-9374-C1",PipingComp,PipeRun,64BAF0523BD0EBA2719E81173A0AA56D
A804CFFF63193B5B38CCB595467177AF,Nominal Diameter(P) Is Not = Nominal Diameter(N),NominalDiameter=NominalDiameter,1,1,1,4,802EAA99A3004FC950D9B1E348DBF83A,E48332048B76DC1F95F623287F58033A,6B7FA2248DE8CED4B338F4879821F035,,,,"8""-FG-U120-3897-B2",PipingComp,PipeRun,C00FC3A0FFB871F69522C7C9D3CA4128
3472ADE2360C7F064F4A43EDA5F3064A,The connector endpoint is unattached,,5,1,1,5,E86EF5FADE3C81FC934431B783E44626,A35C73C8A3CA4DFD9DFE138C62D06F78,,,,U100-SIG-2354,,SignalRun,,096059B5100DF4E1C33DE2437345E3F0
91EB42DE84540430576F39D7A280B1A6,H Trace Reqmt(null) Is Not = H Trace Reqmt(10),HTraceReqmt=HTraceReqmt,1,1,1,5,5ACE2C5C7EC6D11D7B085151841A3EA9,1E0912DD80D29CB1949E547CD7259535,AFA68AB6A5A87729B5054CB657641956,,,U100-TT-1074,"4""-N2-U100-9309-C1",Instrument,PipeRun,096059B5100DF4E1C33DE2437345E3F0
B9BA39B856A58CACD7D297BEF170849D,Temperature(10) Is Not = Temperature(null),ProcessDesign.Max.Temperature=ProcessDesign.Max.Temperature,1,2,1,5,C2DF5D56839629AFC8F152541A0C3236,2D13198764A38345FB74FAC77B48BD28,544E8AE8FBECD8443794DD339B084AFC,,,"6""-P-U120-3586-C1","2""-CW-U120-3528-A1",PipeRun,PipeRun,C00FC3A0FFB871F69522C7C9D3CA4128
5AAF79FAA553F938210D2E2C0FDA0CD1,Fluid System(10) Is Not = Fluid System(null),FluidSystem=FluidSystem,1,1,1,4,B895CE1C3B8F71B260A922BB8629A63D,C3D766CF6C38E600B63589D5DD8E1F27,39747B395F5811BAF31D46641CEEC8EC,,,"8""-N2-U190-3499-B2",U190-V-3954,PipeRun,Vessel,6D8BB49801DABF0F53249CDAD1D1A8C3
66B154DC983C98AF429523128504AF66,Pressure(A) Is Not = Pressure(B),ProcessDesign.Max.Pressure=ProcessDesign.Max.Pressure,1,1,1,5,19960560F2DA3F110D29206C24EC49F4,70417B2CF771607D1FFFE8FABD2496C0,A945F7EED7870B1252647EC0C201AF69,,,U110-PT-7677,,Instrument,PipingComp,64BAF0523BD0EBA2719E81173A0AA56D
33BFCF13C2D8ECBB61C279CC935039C4,Tag Sequence No(null) Is Not = Tag Sequence No(1001),TagSequenceNo=TagSequenceNo,1,2,1,6,398D2861A687D2248F8B7B269AB3F869,3C11E3CF0DBA868D8C5AD538A97AC9BC,D7790E9F1E84913F6025441C3E5879D9,,,U100-SIG-9615,"8""-P-U100-8860-C1",SignalRun,PipeRun,096059B5100DF4E1C33DE2437345E3F0
DEED0448C7312CE0F3ED4CAAD434B412,Fluid System(null) Is Not = Fluid System(1001),FluidSystem=FluidSystem,1,2,1,7,C488662F969F34058A82ECE077975BE5,C9114D31CE855610F19828072B792CD3,68D0A6A6B56703348ACE48AE32FE2EF7,,,,"3""-N2-U100-2776-A1",PipingComp,PipeRun,096059B5100DF4E1C33DE2437345E3F0
CE12B05A7E7B8B43B2E6069CA2B6D788,Inconsistent flow direction,FlowDirectionInlineComp.FlowDirection,3,1,1,5,3617836BAAC586013A6529A833CE90E4,ECC93A31FBE0B1A3BF9CB64DBFBADA46,721D32C85808E6489949DE8F98EC69F4,,,"4""-SW-U120-4289-A1","6""-CW-U120-5404-A1",PipeRun,PipeRun,C00FC3A0FFB871F69522C7C9D3CA4128
1A588E01EB0D7A93FDE318BB4A60B3DA,Insul Purpose(20) Is Not = Insul Purpose(25),InsulPurpose=InsulPurpose,1,1,1,5,6158E2B61D526CDCEF4BE5A4E1BADB5C,175497B2F2EC405747A5926ADB05BE1A,73B9BDD55071EE35C3356A02B7B795E4,,,"4""-P-U110-7377-B2","4""-SW-U110-5562-A1",PipeRun,PipeRun,64BAF0523BD0EBA2719E81173A0AA56D
EC0593D3D90EB55EFECD1C203D8761C7,The connector endpoint is unattached,,5,1,1,5,601B1D430AA7723D7796BEA4B1BFD84E,B9E6209D6B4D3BC3B24266E24D84CCAA,,,,"8""-CW-U110-5461-A1",,PipeRun,,64BAF0523BD0EBA2719E81173A0AA56D
DBBC42FCF4BA8BE05793A24363F59819,Piping Materials Class(null) Is Not = Piping Materials Class(1001),PipingMaterialsClass=PipingMaterialsClass,1,2,1,5,6151546FAEC5D02EC2BD91CBFCE85343,F20CDB59DE2CB5CFF8B8B80F5502038B,3A2AB37487A7B53367FE62F4E83F8427,,,,"8""-SW-U100-2625-C1",PipingComp,PipeRun,096059B5100DF4E1C33DE2437345E3F0
6C54D5D834FEBFBC97A16E3F83E941E3,Nominal Diameter(P) Is Not = Nominal Diameter(N),NominalDiameter=PipingPoint1.NominalDiameter,1,1,1,5,6040BC346C6FDD3461209D95E733310F,5C8EE93247CBD7A5A5885083729F3359,E34F0080A4E10EA4CE17323EE3003703,,,"6""-FG-U120-5155-B2","3""-N2-U120-4603-C1",PipeRun,PipeRun,C00FC3A0FFB871F69522C7C9D3CA4128
C0C1E451EFE64FB691A170EF18702666,The connector endpoint is unattached,,5,1,1,5,5BDD1E68CB7DF33559C65C4A568F3849,EED31D71327E67681DB8C161AC591B4D,,,,U100-SIG-5685,,SignalRun,,096059B5100DF4E1C33DE2437345E3F0
6917FC2EBF23931D455FBB2C96E3C3AF,Temperature(10) Is Not = Temperature(null),ProcessDesign.Min.Temperature=ProcessDesign.Min.Temperature,1,1,1,4,289E25E4233EED9A2913FDF22C37FABF,B85CBCC0B7227C401B94C1722399323A,32136862241DF917961617A16E03DA11,,,"3""-CW-U120-2968-A1","6""-CW-U120-6881-B2",PipeRun,PipeRun,C00FC3A0FFB871F69522C7C9D3CA4128
4C61D6BB8B4939CB64BE6D99C58FFF80,Temperature(20) Is Not = Temperature(25),ProcessDesign.Min.Temperature=ProcessDesign.Min.Temperature,1,1,1,5,6291B69CCDBF5D0F638861CC79DA3744,26D917376D5D4AFE805DC8529E572310,2F05F4BF8399957586C0828E48E7E1B6,,,"6""-N2-U100-2040-A1","2""-SW-U100-3209-A1",PipeRun,PipeRun,096059B5100DF4E1C33DE2437345E3F0
3BDD3A5BA7C2511346903294066E7483,W B S N O(A) Is Not = W B S N O(B),WBSNO=WBSNO,1,1,1,5,F12F76029BAACE8FDD84CE7B4517354C,39772A41A8226ABB5938901379C838D6,DC68201E0E777B936FC95F84345D5E23,,,,U100-PT-9640,PipingComp,Instrument,096059B5100DF4E1C33DE2437345E3F0
9198ED19A2A34CFB30D8438D535D684E,Tag Sequence No(20) Is Not = Tag Sequence No(25),TagSequenceNo=TagSequenceNo,1,1,1,5,7A2DA80AC82E10C52551B5650E18A057,71FA8120A9A9EC89034D2A370572769D,0E6D5FFCA31B5FA1732579BB91399AAE,,,U110-TT-2553,N13,Instrument,Nozzle,64BAF0523BD0EBA2719E81173A0AA56D
5F774472A5AD3DDC301C89B868F2C4DC,Cannot evaluate consistency,,6,1,1,8,0DD2D6C442A8BB36EBC2C20897C58C6B,7C3903E0D58FCB0F6210CBF48C083AE8,,,,,,PipingComp,,096059B5100DF4E1C33DE2437345E3F0
991D09C5EDF53BA14E8C9D589D3A97C3,The connector endpoint is unattached,,5,1,1,5,09B849AEED982B62E9F3EE29EDEEC671,C7BE5B117AFA288C30547AC0F307880A,,,,U100-SIG-8460,,SignalRun,,096059B5100DF4E1C33DE2437345E3F0
07EC97775ED07DFFBE52BB42C3B08C52,Stream No(20) Is Not = Stream No(25),StreamNo=StreamNo,1,1,1,5,FE07C65A61D59412AAE09752635EED7F,F81B1DC60C739E9D2B0C5643741690CE,2864822FC66BDCC9031A9DF6E4838527,,,"6""-CW-U120-1544-B2","8""-N2-U120-5022-C1",PipeRun,PipeRun,C00FC3A0FFB871F69522C7C9D3CA4128
5638757734657639651C900D98D9ABC8,Temperature(P) Is Not = Temperature(N),ProcessDesign.Max.Temperature=ProcessDesign.Max.Temperature,1,1,1,5,95ED6C762967C74B3B9D5F02FA51CBF1,50E0A8A0F60472F59F584E426C06E7DA,13C6F047EC07E7E65751BE162A12234D,,,"3""-SW-U120-8263-B2","2""-P-U120-3349-B2",PipeRun,PipeRun,C00FC3A0FFB871F69522C7C9D3CA4128
EC7946A1731485AA06C87F1659BC5F77,Piping Materials Class(10) Is Not = Piping Materials Class(null),PipingMaterialsClass=PipingMaterialsClass,1,1,1,6,EB84C3ED6C98463BEE12F30D0B9F43DF,E4C6D44EEB370C867F596EC2F8E63D0C,0FAC0E7262D6A3C870A7F2867648E710,,,,"6""-CW-U100-7327-B2",PipingComp,PipeRun,096059B5100DF4E1C33DE2437345E3F0
1F5FE12BFD5EB26D89D477FA4DC00302,The connect point is unattached.,,2,1,1,5,96764103A71113E956028571BCD8CC15,47C7B08459300BE4D8238A7BFC18B4D2,,,,,,PipingComp,,64BAF0523BD0EBA2719E81173A0AA56D
D3CEB2D2B806825B0354065D8CEB8D53,The connect point is unattached.,,2,1,1,4,719EAA06B1374B09D338FE3656748482,C97C0371DD6918A8810466FB563A9BEC,,,,,,PipingComp,,64BAF0523BD0EBA2719E81173A0AA56D
096E3ED24A9A44006C174D8FA1CDE7F2,Tag Sequence No(null) Is Not = Tag Sequence No(1001),TagSequenceNo=TagSequenceNo,1,1,1,7,88CF47B80E7B23F78DB45AEAF7014E6D,97C41488BF699FAF5BFEBB57709B99C3,A958A7E6EEE3A8292A08D9A6134DF818,,,"4""-N2-U100-1585-B2","8""-CW-U100-9477-C1",PipeRun,PipeRun,096059B5100DF4E1C33DE2437345E3F0
963C6E8919331498C2529720D520DC8F,Vacuum Condition Pressure(A) Is Not = Vacuum Condition Pressure(B),VacuumConditionPressure=VacuumConditionPressure,1,1,1,5,216C0C87DC569318B5C4DD82C39DC932,5907D8A28BA03350B052CC9AA12167E2,43F337F24EB39590886F4EE6FC095794,,,U110-SIG-9441,N17,SignalRun,Nozzle,64BAF0523BD0EBA2719E81173A0AA56D
60EF971F2AECAD0030DE09202EC9E9B7,Nominal Diameter(P) Is Not = Nominal Diameter(N),NominalDiameter=NominalDiameter,1,1,1,5,AD30B5093008D7E1C969D33AAA9529CF,BDAC40CA407578C6C76B74C138F1CD16,6560AAD4B9181097D7A41C49D9283A3A,,,"8""-SW-U110-7152-B2","6""-P-U110-6301-B2",PipeRun,PipeRun,64BAF0523BD0EBA2719E81173A0AA56D
BEEADB47E448D65E610A32F750B5932C,Tag Sequence No(null) Is Not = Tag Sequence No(10),TagSequenceNo=TagSequenceNo,1,1,1,5,09B849AEED982B62E9F3EE29EDEEC671,0D7408E2DB9B374B09D9F0661D6DB441,FE2CCA6FA3EEA3E0E08759442A440518,,,"8""-N2-U100-1766-A1","4""-N2-U100-5346-B2",PipeRun,PipeRun,096059B5100DF4E1C33DE2437345E3F0
4066F965C1BE793C623D95F3CB56C5E4,W B S N O(20) Is Not = W B S N O(25),WBSNO=WBSNO,1,1,1,5,3530C7D7C93B98CF4F3E307F3A02F38C,40B31C6705C3DD747E08DC2A47C75669,5A87AFBD90A5CA3557919659B0B165B3,,,,,PipingComp,PipingComp,096059B5100DF4E1C33DE2437345E3F0
671E0B334C1E3F33670789582FC7EB36,The connector endpoint is unattached,,5,1,1,5,D6AECFEC394831D038B8A7AF9F0A72DB,851D60E5A8C4D1176104C59E2DD4E8CA,,,,U100-SIG-9619,,SignalRun,,096059B5100DF4E1C33DE2437345E3F0
68D1F46E5DA6AB85502E87471EE18F83,Nominal Diameter(P) Is Not = Nominal Diameter(N),NominalDiameter=NominalDiameter,1,1,1,6,CAA0E95F4CACCEAF189EA18045867A3D,E1D1C1A3BB65CED8319E5F07BC943014,B6B00FDF4920140FBE67A9D3C0C49A3F,,,U110-SIG-8426,"3""-P-U110-4074-A1",SignalRun,PipeRun,64BAF0523BD0EBA2719E81173A0AA56D
E72A8D1E4D97FAC97AE1FBDA3CE1F561,Nominal Diameter(10) Is Not = Nominal Diameter(null),NominalDiameter=NominalDiameter,1,1,1,5,DECE41AFF321975732B0ECB8FD1DA38D,8E2B05EEFC39DBC71111A7E5C7E1633B,1D59DCDCD47EAFE669830F4D8965189C,,,"4""-FG-U140-3556-C1",U140-P-6419,PipeRun,Mechanical,D9F0C3193820468A97BD76260565103A
903E7B3FDE2DBB1843823ED184011FAB,The connector endpoint is unattached,,5,1,1,5,9DEE39D15FEDC88A61A9009654CCBDEB,8000C80328C60AEF4FABA0B6099025FF,,,,U110-SIG-2171,,SignalRun,,64BAF0523BD0EBA2719E81173A0AA56D
67007532239B075B342BE49C508FDAF9,The connector endpoint is unattached,,5,1,1,5,216C0C87DC569318B5C4DD82C39DC932,F770F39DF71E698AAA7A8F42C5075566,,,,"2""-P-U110-2931-C1",,PipeRun,,64BAF0523BD0EBA2719E81173A0AA56D
5D8F81F7C5C9766C9C411B72C0BA5173,The connector endpoint is unattached,,5,1,1,5,5666596060ECE59F65B4EDF64AB413A3,0A612AC7BD7CE9A9C4AB92F25FFB0BBC,,,,"3""-CW-U120-7300-A1",,PipeRun,,C00FC3A0FFB871F69522C7C9D3CA4128
9560D26E2EE5748FC9BDFDB1FCD416CF,Nominal Diameter(20) Is Not = Nominal Diameter(25),NominalDiameter=NominalDiameter,1,1,1,5,84881B6622C0E556382A2344B0D1A60A,4B303F61458BC484E2703DE7085C856D,0D3C0F27D1B08A3D91D6B39720461321,,,"3""-N2-U120-4101-A1",,PipeRun,PipingComp,C00FC3A0FFB871F69522C7C9D3CA4128
A8227DC9F858DD0DDE3F45461111E2BF,The connect point is unattached.,,2,1,1,5,84881B6622C0E556382A2344B0D1A60A,B008C062FFC5A7148234C31A3CFD1D4A,,,,,,PipingComp,,C00FC3A0FFB871F69522C7C9D3CA4128
15FD50A9F3DB8886385DCDCDE89E6B68,The connect point is unattached.,,2,1,1,5,A25DF03839C936FE596C93845E564096,31CB3E69C3AA1CC4A0227B396DF3CD41,,,,,,PipingComp,,096059B5100DF4E1C33DE2437345E3F0
FEACA42FF103D5DF7CA0B93881BDC391,Piping Materials Class(null) Is Not = Piping Materials Class(1001),PipingMaterialsClass=PipingMaterialsClass,1,1,1,5,F56C6C5546336B45BF46D41F257BA3AF,37A6E8598E062574D93E7B0138DBD37D,71F16A010C90461666C2E522CE84D2B6,,,"8""-P-U190-1296-B2",,PipeRun,PipingComp,6D8BB49801DABF0F53249CDAD1D1A8C3
7F6C9CB74CF622C094FD055CF6799630,The connect point is unattached.,,2,2,1,5,79F1A8C9EBEDDCDF31BB2517FD95FBB1,B8097EBB31F5FAF328C4FCCB7E561854,,,,,,PipingComp,,096059B5100DF4E1C33DE2437345E3F0
E1DB53E54678E04321B3E06EDD7AB8E1,The connector endpoint is unattached,,5,2,1,5,CEB62D4CAAAF04F8A4912A5C1E201C48,95B495321824F7024EA7A2FDD6A558C7,,,,"4""-N2-U100-3836-B2",,PipeRun,,096059B5100DF4E1C33DE2437345E3F0
784C22833321E97AF128CB0C5BA5BC58,Nominal Diameter(null) Is Not = Nominal Diameter(1001),NominalDiameter=NominalDiameter,1,1,1,6,F080BF4D39D055F1BF81027E490635FB,A4AB34F3091DE8382C7270913CA59CCB,B79687E42CB41F90386F942BEA2CFB4B,,,"6""-CW-U110-1608-C1","3""-FG-U110-2986-C1",PipeRun,PipeRun,64BAF0523BD0EBA2719E81173A0AA56D
70BAD6528B49E73512B95F44B31951BF,S P_ Commissioning System(null) Is Not = S P_ Commissioning System(10),SP_CommissioningSystem=SP_CommissioningSystem,1,2,1,5,FDDCAA6B1CDC8331F1083F5F610A82D9,476FA505C3AAABA3251F6E8023682CAA,F830C4B6D4D664856F24E4FC2A268D93,,,"6""-SW-U100-8166-C1","2""-CW-U100-3593-C1",PipeRun,PipeRun,096059B5100DF4E1C33DE2437345E3F0
A9BE0B9097F4208DDE8476C2ABC7B72D,The connect point is unattached.,,2,1,1,5,0392DEA5879E192324B03DD24ABE0A4B,AA094A1C901F9D79C9500AC60937F2E5,,,,,,PipingComp,,096059B5100DF4E1C33DE2437345E3F0
6BD3A2F772E7126941C2288093BAD022,Temperature(20) Is Not = Temperature(25),ProcessDesign.Min.Temperature=ProcessDesign.Min.Temperature,1,1,1,5,6291B69CCDBF5D0F638861CC79DA3744,9484D60975C110A9A8E5C4FB639AEB08,C4E5177BBD2B147365C9BA1BD63828C8,,,U100-SIG-9756,"8""-SW-U100-1771-A1",SignalRun,PipeRun,096059B5100DF4E1C33DE2437345E3F0
9898EAA282698597FD5CB19E1A58BF81,H Trace Medium(20) Is Not = H Trace Medium(25),HTraceMedium=HTraceMedium,1,1,1,7,9980A0541A8FFBA17D024466F71C66B6,5BB5954A4C244B002455BAA0D9CA2127,835890C417EF60924BB2C23AEBAA0ED0,,,"2""-P-U130-2465-C1","4""-FG-U130-5719-B2",PipeRun,PipeRun,A6E500CA1BC9D6D1043E4F2EE6CC6F78
FDEB05C38EAA513D43D52A3B9CD4228F,Piping Materials Class(10) Is Not = Piping Materials Class(null),PipingMaterialsClass=PipingMaterialsClass,1,1,1,5,A76A7B4C083D5C2555830A6D0575A7C8,58F5B4AF461D888CCA929CDD9160CA09,03750B3D607F7B36695B5A57CCFE5D9E,,,"3""-SW-U120-8304-B2",N1,PipeRun,Nozzle,C00FC3A0FFB871F69522C7C9D3CA4128
9E7847373DB2FA0C8850DB81651C7909,Piping Materials Class(P) Is Not = Piping Materials Class(N),PipingMaterialsClass=PipingMaterialsClass,1,1,1,5,09B849AEED982B62E9F3EE29EDEEC671,7DA42AA47A3F29B592B4221FF5C15DF0,399B5B4E0F11A852D49FDFB5090D5B98,,,"8""-CW-U100-8086-C1",U100-PT-4820,PipeRun,Instrument,096059B5100DF4E1C33DE2437345E3F0
26F40DD4943690D53461308942FD95AB,Tag Sequence No(10) Is Not = Tag Sequence No(null),TagSequenceNo=TagSequenceNo,1,1,1,4,95ED6C762967C74B3B9D5F02FA51CBF1,915A16680243CBC3210419A3D4D9F6AC,D691F3C04EA43951A5DC00AC0507D825,,,,"2""-CW-U120-8140-A1",PipingComp,PipeRun,C00FC3A0FFB871F69522C7C9D3CA4128
0562BCAA45357D85E596CFB819D315F1,Cannot evaluate consistency,,6,1,1,7,6040BC346C6FDD3461209D95E733310F,B99B66A61ADF4BB837EB83BC5A738FA3,,,,,,PipingComp,,C00FC3A0FFB871F69522C7C9D3CA4128
5C79390297AC7E5687921740A2A78ADE,The connector endpoint is unattached,,5,1,1,4,F56C6C5546336B45BF46D41F257BA3AF,7C4C7A340EFFF27C1437C05876C936FC,,,,U190-SIG-3586,,SignalRun,,6D8BB49801DABF0F53249CDAD1D1A8C3
022A1FFD156881F0652C0E4038A01160,The connect point is unattached.,,2,1,1,5,B2E7EDD61174E8763991D6244E7B0DC9,F90DACCCD9CF9382DEB4AFE536FA9621,,,,,,PipingComp,,64BAF0523BD0EBA2719E81173A0AA56D
45A032FC92D077D2D1AD1E712115F028,Insul Purpose(null) Is Not = Insul Purpose(1001),InsulPurpose=InsulPurpose,1,1,1,4,0392DEA5879E192324B03DD24ABE0A4B,2BD7A24B5E88D35DABCB5933BDBEF1F1,B066419859CB9A64692F073B33133120,,,"2""-CW-U100-4261-B2","6""-CW-U100-5166-A1",PipeRun,PipeRun,096059B5100DF4E1C33DE2437345E3F0
41EBEC3F900AE05777CCB5E58D7D5D47,The connector endpoint is unattached,,5,1,1,8,F8CAE444C3FB934DB7214A7B88D9F3C6,4ACAD2D8EF1D8FC21BFD455D06A82232,,,,"3""-P-U160-2965-A1",,PipeRun,,01D6B91D5D07C07D22E70FD0038D63D4
3E391458D64C33D216BD03D4078FE925,Tag Sequence No(A) Is Not = Tag Sequence No(B),TagSequenceNo=TagSequenceNo,1,1,1,5,CEB62D4CAAAF04F8A4912A5C1E201C48,96B95C11E1F0CE3C7A0A5C8C50C2E199,2C11886A82D4FA6ED5E62F4C620C79F1,,,U100-PT-8325,"2""-SW-U100-8546-C1",Instrument,PipeRun,096059B5100DF4E1C33DE2437345E3F0
D5E9B4971300F65828461ABAA4997E6A,The connect point is unattached.,,2,1,1,5,79F1A8C9EBEDDCDF31BB2517FD95FBB1,4BCF4DC094F7B0FC872574246A5A3683,,,,,,PipingComp,,096059B5100DF4E1C33DE2437345E3F0
D8E5BE274EBE27EF9B35D620C2F3017D,Pressure(20) Is Not = Pressure(25),ProcessDesign.Max.Pressure=ProcessDesign.Max.Pressure,1,1,1,5,FAE380D0DE2CC9D64848CFEA05B01425,1D40FA53C6FE0348C0E5821B4D3F3C0C,EF99FEF5912DD00906120BD3C57300FA,,,"2""-P-U110-8107-B2","4""-P-U110-5514-C1",PipeRun,PipeRun,64BAF0523BD0EBA2719E81173A0AA56D
DAF276ADBC1F11264E76359047E35CA3,Fluid System(null) Is Not = Fluid System(1001),FluidSystem=FluidSystem,1,1,1,5,91EEA5772E67B7E9C5C69716C5642BEA,4EDA52657D33EE5386FC153EBAC6C572,0606EFE8EE2F3B1B0B59773DC1EC7D6E,,,,"6""-FG-U100-2725-B2",PipingComp,PipeRun,096059B5100DF4E1C33DE2437345E3F0
357EA2545F89FF88A5DF4E32595E291C,Tag Sequence No(P) Is Not = Tag Sequence No(N),TagSequenceNo=TagSequenceNo,1,1,1,5,C67509544B54D5060A7EAE7CBB1667B1,F90A0C4036C598909C22887763CBDFD2,EC3179081CB552332F14FB175C7BD279,,,"2""-P-U110-3031-B2","2""-FG-U110-6764-C1",PipeRun,PipeRun,64BAF0523BD0EBA2719E81173A0AA56D
FAB6E36A989D184EB861B890EEC464B5,Stream No(P) Is Not = Stream No(N),StreamNo=StreamNo,1,1,1,5,0392DEA5879E192324B03DD24ABE0A4B,FB4A1983A07D52A638DA0ED0A366090C,CC8F752A540F40AF4CB89AB5FBC6587A,,,,"8""-P-U100-9355-A1",PipingComp,PipeRun,096059B5100DF4E1C33DE2437345E3F0
C22854AC2C1CFB119097A687D08AEAA8,The connect point is unattached.,,2,2,1,5,216C0C87DC569318B5C4DD82C39DC932,984528C6ED1700416EBA43DA66BE26CB,,,,,,PipingComp,,64BAF0523BD0EBA2719E81173A0AA56D
6FC59B5473BF4417D15663E6A6BAD994,The connect point is unattached.,,2,1,1,5,FC14EF1DD2710425786CCE66BFF4081A,394925B1BEB39DEF91949E05AE5015E7,,,,,,PipingComp,,C00FC3A0FFB871F69522C7C9D3CA4128
5916A290DB16E6597893376C66BAE673,Tag Sequence No(P) Is Not = Tag Sequence No(N),TagSequenceNo=TagSequenceNo,1,1,1,5,0392DEA5879E192324B03DD24ABE0A4B,D76F6B4E8A485C2E99F60ECBF10A9653,2488752E944E3B2FAA837E51F5275504,,,"4""-N2-U100-3291-A1","8""-P-U100-9030-A1",PipeRun,PipeRun,096059B5100DF4E1C33DE2437345E3F0
36638364B6B813A678AB60474E939C12,The connect point is unattached.,,2,2,1,7,398D2861A687D2248F8B7B269AB3F869,BFDED6F78D7B9FCCA69C2CBB3E11DDD3,,,,,,PipingComp,,096059B5100DF4E1C33DE2437345E3F0
0C1D5E492619D14443F9E4350B5281FF,The connect point is unattached.,,2,1,1,4,398D2861A687D2248F8B7B269AB3F869,1EE39B64A22E20B7B98529E42C31B1AF,,,,,,PipingComp,,096059B5100DF4E1C33DE2437345E3F0
1B3CB2A777A5817C729F786DC291C3D2,Temperature(20) Is Not = Temperature(25),ProcessDesign.Min.Temperature=ProcessDesign.Min.Temperature,1,1,1,4,4D9F984D0ACCA97707860A010D4EB267,CB75B0F59F3B883A3B2ED7995C9C3106,EECCC19E41B5427EBC464FFD701EEB6C,,,U100-SIG-2017,"8""-CW-U100-4837-C1",SignalRun,PipeRun,096059B5100DF4E1C33DE2437345E3F0
F3681B6C979D92737D40B2245873AB8A,The connect point is unattached.,,2,1,1,6,773270B8D0D799071653A7C5AD80D6C4,EB09AD1BCC4EEB46FEFAE6A9500947C6,,,,,,PipingComp,,096059B5100DF4E1C33DE2437345E3F0
0869E8E7EA36835BCB087B772F510323,The connect point is unattached.,,2,1,1,5,0DD2D6C442A8BB36EBC2C20897C58C6B,4EEF09CEF373BE4C168DAC5D857AA4E2,,,,,,PipingComp,,096059B5100DF4E1C33DE2437345E3F0
00E4732116E3C94E75D0E2508D3327F3,Stream No(20) Is Not = Stream No(25),StreamNo=StreamNo,1,1,1,4,6B3A0DA91E99604DA5AD2D88D84CC2A6,00AD6970E2C93C3E5311EF0524C4787D,5C4FFA67A2D0A16AB3A272E9058DC677,,,,"2""-P-U130-8095-B2",PipingComp,PipeRun,A6E500CA1BC9D6D1043E4F2EE6CC6F78
809F924A0F574267A01BBC3B7D937B7C,The connector endpoint is unattached,,5,2,1,5,FCBF8FEA7A21695AAEDD995555D7C788,21F6AD3E53F7D5815F15C7479FA710CA,,,,"3""-N2-U110-1489-B2",,PipeRun,,64BAF0523BD0EBA2719E81173A0AA56D
646791FB4BB133ED00CACCB704CDC227,Fluid Code(20) Is Not = Fluid Code(25),FluidCode=OperFluidCode,1,1,1,5,982890CC69579D259766E1C1BD00C4BA,EE48E7AD8AF3C3944BB2D34A0B7CB80B,A901D625C913FABF78184A626472F748,,,"3""-FG-U100-3791-C1","4""-N2-U100-6779-C1",PipeRun,PipeRun,096059B5100DF4E1C33DE2437345E3F0
27F59760007B6F796DC72847326946BD,Piping Materials Class(null) Is Not = Piping Materials Class(10),PipingMaterialsClass=PipingMaterialsClass,1,1,1,5,09B849AEED982B62E9F3EE29EDEEC671,D9CA95EBA0182C9A8F0A04B7DAEAE4EA,EB3EFC306F4DA29E9E5A049BD87F7630,,,"8""-CW-U100-1352-C1","2""-N2-U100-5151-A1",PipeRun,PipeRun,096059B5100DF4E1C33DE2437345E3F0
FC72B0AD4C85F41D196BC2258523C08D,Stress Analysis Reqmts(20) Is Not = Stress Analysis Reqmts(25),StressAnalysisReqmts=StressAnalysisReqmts,1,1,1,5,18A21E6DEAED6CF69C7A0F693E18F8F6,7695214026657FD19D819B689AD2187B,75EF882DBC81B039DFD0D05D1DE72FCF,,,,"4""-CW-U120-2527-A1",PipingComp,PipeRun,C00FC3A0FFB871F69522C7C9D3CA4128
5847CB86EB797818EDCD3E5FCE0ED44D,Nominal Diameter(null) Is Not = Nominal Diameter(10),NominalDiameter=NominalDiameter,1,1,1,5,F8CAE444C3FB934DB7214A7B88D9F3C6,94FACF13BBB7E502F233E1AE5985DF80,E36660EEDD7B204CDD020FE632A02525,,,"3""-N2-U160-7891-B2","2""-N2-U160-7216-A1",PipeRun,PipeRun,01D6B91D5D07C07D22E70FD0038D63D4
87F0939E6D536A12195C67CE595374C5,Piping Materials Class(null) Is Not = Piping Materials Class(10),PipingMaterialsClass=PipingMaterialsClass,1,1,1,5,AD30B5093008D7E1C969D33AAA9529CF,D483152AEB1A94EE33C68F559D6E97B6,F9F7F6CE05A49B9208935E4D6C4FF366,,,"3""-N2-U110-1230-A1",U110-FT-7139,PipeRun,Instrument,64BAF0523BD0EBA2719E81173A0AA56D
D855B0FF7F03DC5879BC63C1ED93DB4E,Piping Materials Class(10) Is Not = Piping Materials Class(null),PipingMaterialsClass=PipingMaterialsClass,1,1,1,5,91EEA5772E67B7E9C5C69716C5642BEA,9D9D8CDC10642D48FBEB14EB217A533D,1B500C678DC295BBDEB63E0CBCFD9A45,,,"6""-FG-U100-3761-C1",N6,PipeRun,Nozzle,096059B5100DF4E1C33DE2437345E3F0
9535A12420CCFDCFC1DA84E79483787C,The connector endpoint is unattached,,5,1,1,6,D0C901DDF31E7BEF10FE194B6901709E,151CFD8CF2D464B356CF9AA5D6234FD4,,,,U100-SIG-7586,,SignalRun,,096059B5100DF4E1C33DE2437345E3F0
50BC1025F797D5C5861BFC270154D2C5,Cannot evaluate consistency,,6,2,1,5,B895CE1C3B8F71B260A922BB8629A63D,86FD183FC7D9B06806B71B0BFC969033,,,,"6""-CW-U190-8429-B2",,PipeRun,,6D8BB49801DABF0F53249CDAD1D1A8C3
C0492FBD01A26A3A1D42FC6A39EC20EB,H Trace Medium(10) Is Not = H Trace Medium(null),HTraceMedium=HTraceMedium,1,1,1,4,BC1EB0F397920DFACFB05C10740478BB,BDB10833D3C34209FF22B7BFC9206A82,F74DA9980CA65FE0D8D6E66388ED8672,,,U140-LT-2274,N2,Instrument,Nozzle,D9F0C3193820468A97BD76260565103A
974E85CCA5A2E8C50FDA3B68C7E93CCD,Nominal Diameter(A) Is Not = Nominal Diameter(B),NominalDiameter=NominalDiameter,1,1,1,5,B2E7EDD61174E8763991D6244E7B0DC9,2A5C683A00CEC23036187DBE3E2164B9,ACF49AF98AC96AC78BBA3E34EBEB6FB4,,,"3""-CW-U110-8417-B2","4""-SW-U110-9767-A1",PipeRun,PipeRun,64BAF0523BD0EBA2719E81173A0AA56D
B1BC425C2ED4044D2B64BEB4DCA13AB4,Stream No(20) Is Not = Stream No(25),StreamNo=StreamNo,1,1,1,4,4F55DA160C9B368A1736DBC18AF6BE90,00D4AA56FE7C8827E708E01BB2F86161,DDCA6857B9FB34C31540C42C897F4FC4,,,N1,"6""-N2-U100-7843-B2",Nozzle,PipeRun,096059B5100DF4E1C33DE2437345E3F0
91721A663B54103599DCD0E2C4BDC277,The connector endpoint is unattached,,5,1,1,5,216C0C87DC569318B5C4DD82C39DC932,8EBD660B2C92D7EEDA1758DB042F2F3A,,,,"4""-SW-U110-1896-C1",,PipeRun,,64BAF0523BD0EBA2719E81173A0AA56D
FA2FC7F437D26F20B5DBD55B3CC9D25E,Oper Fluid Code(null) Is Not = Oper Fluid Code(1001),OperFluidCode=FluidCode,1,1,1,5,398D2861A687D2248F8B7B269AB3F869,E61FC2D51782B9AA92EC7597E553B1DF,CDB11BE690CC038F6DACEB51120E223E,,,U100-PT-8855,"6""-FG-U100-1297-A1",Instrument,PipeRun,096059B5100DF4E1C33DE2437345E3F0
E2C97D2ABE564195D47F7BBE448E0BC6,Fluid System(null) Is Not = Fluid System(10),FluidSystem=FluidSystem,1,2,1,5,255FA027667D5CD05424BDA0F6F0F415,0DC8FC4277F927A5F9105D43399D3F6C,B5B8250F1318CE5CB6F988A4619CDEFC,,,"6""-N2-U130-7770-C1","3""-SW-U130-5219-A1",PipeRun,PipeRun,A6E500CA1BC9D6D1043E4F2EE6CC6F78
9F6A1BBC2817ED16F79F5BF64449993E,W B S N O(10) Is Not = W B S N O(null),WBSNO=WBSNO,1,1,1,5,AED5A2B3BDE999F4FBD39B4768585C9B,DB50060770153FEBC66CAC0A3CDEB3F7,1465E3AB956868F1034B2ED71F50A27F,,,"2""-SW-U100-9459-A1",,PipeRun,PipingComp,096059B5100DF4E1C33DE2437345E3F0
5E6BBAAE5969B7EA8B7FE51D94A0A2D1,S P_ Commissioning System(null) Is Not = S P_ Commissioning System(1001),SP_CommissioningSystem=SP_CommissioningSystem,1,1,1,5,D72F391F0BC698D26CF8D8211F881843,FC0FC23BE1CD031E665CD336DE766708,92DFE0C1F6BD690E6AF51C3A5A3E3366,,,"3""-SW-U130-2049-C1","6""-P-U130-2858-C1",PipeRun,PipeRun,A6E500CA1BC9D6D1043E4F2EE6CC6F78
7043B3FA8DF4BCF106BD423C4F0BF172,The connect point is unattached.,,2,1,1,5,F2DE2AE17F901C2864FF84814A155A7C,26419044CE5B7D8A4E26EB029910B06A,,,,,,PipingComp,,64BAF0523BD0EBA2719E81173A0AA56D
4F27C19BA4A26320EE1AF84AF80868C5,Temperature(null) Is Not = Temperature(1001),ProcessDesign.Min.Temperature=ProcessDesign.Min.Temperature,1,2,1,8,3772B49BB519765241F4612A98859AFD,1BDDF1F94F7674F5C4A5C7BC0A02C2D9,4C604AACD206AA35AB6CCFC0180D699D,,,"3""-N2-U110-3028-B2","3""-SW-U110-9964-A1",PipeRun,PipeRun,64BAF0523BD0EBA2719E81173A0AA56D
B9133154F34ABD095D5852A6DDC6E6DF,The connector endpoint is unattached,,5,1,1,4,8849EB9162837E2E0BCCA9869C4F150E,D794484D893485A090476ED0FC66A4E6,,,,U100-SIG-9670,,SignalRun,,096059B5100DF4E1C33DE2437345E3F0
89620F3F2EE396297327EA1D01CE5E55,Tag Sequence No(P) Is Not = Tag Sequence No(N),TagSequenceNo=TagSequenceNo,1,1,1,5,91B3CEF29D8CA4ADC7CAEE80A0D21D62,283BDAD020D130C1CB7BC0833F8A358F,7939BE1CCCD1A6E50148583B0F9458C1,,,,"3""-P-U140-5414-B2",PipingComp,PipeRun,D9F0C3193820468A97BD76260565103A
3D89EFB44B02553F82D7A99A889566B3,Temperature(null) Is Not = Temperature(10),ProcessDesign.Min.Temperature=ProcessDesign.Min.Temperature,1,1,1,5,79F1A8C9EBEDDCDF31BB2517FD95FBB1,36CAC2D7F4A3F01580C5B7B631354E7B,7715190BE439E4B5226CE9F2223796A5,,,"4""-N2-U100-3917-A1","2""-SW-U100-7869-A1",PipeRun,PipeRun,096059B5100DF4E1C33DE2437345E3F0
329C9D8AF105A891A9EC03FE0EC39F6D,Tag Sequence No(null) Is Not = Tag Sequence No(10),TagSequenceNo=TagSequenceNo,1,2,1,5,2BB50D1DBD2C9927FA72B10F09A4CEF2,98EA944D28FA03448DC50F0BD64CC4F6,6B72787923D502F1F31B68A7075CE4E4,,,,N4,PipingComp,Nozzle,64BAF0523BD0EBA2719E81173A0AA56D
13D0D6222026FF3ABC4C3406B3109358,Temperature(10) Is Not = Temperature(null),ProcessOperating.Min.Temperature=ProcessOperating.Min.Temperature,1,1,1,5,4D9F984D0ACCA97707860A010D4EB267,02C34B586BECAA2E7DE7666F23E2C3DE,FA166102CF0ADB81F96B784B2519ABB6,,,"2""-SW-U100-7088-B2",,PipeRun,PipingComp,096059B5100DF4E1C33DE2437345E3F0
2636BFD96818461C9EDBE90D8DF2FF29,Pipe Line F R O M(10) Is Not = Pipe Line F R O M(null),PipeLineFROM=PipeLineFROM,1,1,1,7,84881B6622C0E556382A2344B0D1A60A,D180718478E1E0EFA0F607DA3F625798,CD69712474D74BBF84E82579AEE664FA,,,"4""-CW-U120-7673-B2",,PipeRun,PipingComp,C00FC3A0FFB871F69522C7C9D3CA4128
62A0B0C06A6DC03DC0FB13A1E66579FE,The connector endpoint is unattached,,5,2,1,5,216C0C87DC569318B5C4DD82C39DC932,A94A2DB2A88BB8A8CB539847CD3FA4CD,,,,U110-SIG-8072,,SignalRun,,64BAF0523BD0EBA2719E81173A0AA56D
F3869D6A64A6F323EF92056D6CC1A564,Tag Sequence No(P) Is Not = Tag Sequence No(N),TagSequenceNo=TagSequenceNo,1,2,1,4,289E25E4233EED9A2913FDF22C37FABF,9CF948C0FC1DA5A4BF3D8D07B7A4761C,A6DEFC3AFB0BB8E63A2387ED4503FD25,,,N20,,Nozzle,PipingComp,C00FC3A0FFB871F69522C7C9D3CA4128
4433D39D1CD44F756BB57C07A098819E,The connector endpoint is unattached,,5,1,1,5,18A21E6DEAED6CF69C7A0F693E18F8F6,249BA93E5FD3DBFC4DF01E53F7E708D6,,,,U120-SIG-7782,,SignalRun,,C00FC3A0FFB871F69522C7C9D3CA4128
F862554E7DEBDA7EB85BF4EB6D5C8C37,Tag Sequence No(20) Is Not = Tag Sequence No(25),TagSequenceNo=TagSequenceNo,1,2,1,5,6040BC346C6FDD3461209D95E733310F,B845561B13B2304EAFB02258EF467F15,E049DEDDBEC510D9F54A90AB50BE4041,,,U120-SIG-7854,"3""-CW-U120-8448-C1",SignalRun,PipeRun,C00FC3A0FFB871F69522C7C9D3CA4128
0C64D1BDB0A604F979C4BBFF95322425,The connector endpoint is unattached,,5,2,1,5,F56C6C5546336B45BF46D41F257BA3AF,1845175D10B2D36EB03D0BA8BE397EBE,,,,"2""-P-U190-6374-B2",,PipeRun,,6D8BB49801DABF0F53249CDAD1D1A8C3
7F86F149C629547246816C35707535C1,Fluid System(20) Is Not = Fluid System(25),FluidSystem=FluidSystem,1,1,1,6,05E86AF50F66717F55FA31AA8FF77031,FFE339B8F5E4FB2182128F138F56D550,3B0A468AEC9348D88E22E5F0C90467B9,,,"2""-P-U110-7738-B2",N7,PipeRun,Nozzle,64BAF0523BD0EBA2719E81173A0AA56D
1A6230E79867110E0232781933EEFF78,The connect point is unattached.,,2,1,1,5,982890CC69579D259766E1C1BD00C4BA,60FC5C4B21DC44B520ED8D7D84A26C08,,,,,,PipingComp,,096059B5100DF4E1C33DE2437345E3F0
CC8A72903E7973A3D55B111452C3D1CF,The connect point is unattached.,,2,1,1,5,43CB2C01A0A70AE996698CC6C31ACF00,FCB86CDF93090058DA1CD0F0181D53C6,,,,,,PipingComp,,096059B5100DF4E1C33DE2437345E3F0
4F8198A704519530232A15AC79175860,Temperature(10) Is Not = Temperature(null),ProcessDesign.Max.Temperature=ProcessDesign.Max.Temperature,1,1,1,5,2BB50D1DBD2C9927FA72B10F09A4CEF2,8420B47129C9A528650291A381CC7681,255643161EA3129759C722BA541BA7A6,,,"6""-P-U110-6292-B2",N13,PipeRun,Nozzle,64BAF0523BD0EBA2719E81173A0AA56D
51708110809329106C66A24CA404BC9E,Temperature(null) Is Not = Temperature(1001),ProcessDesign.Min.Temperature=ProcessDesign.Min.Temperature,1,1,1,4,FC14EF1DD2710425786CCE66BFF4081A,B3A0E7DBBF08B51F6CC3495D71889252,55D44A35B10142F6832379074596133D,,,"2""-CW-U120-7391-B2","2""-P-U120-6667-C1",PipeRun,PipeRun,C00FC3A0FFB871F69522C7C9D3CA4128
56F6D3119C835D73A1E1AAEB8B5B6D94,Insul Purpose(null) Is Not = Insul Purpose(10),InsulPurpose=InsulPurpose,1,1,1,5,C654EAD9FBA277BBD42EE858E7F60070,A7015ED6581A9B5277A238F788790D8C,E9EE5303A9D046A903AD5445FF3726D0,,,"3""-CW-U140-3681-A1",U140-LT-3248,PipeRun,Instrument,D9F0C3193820468A97BD76260565103A
9343A05379D10A81511D5AD439E7A448,The connector endpoint is unattached,,5,1,1,5,2BB50D1DBD2C9927FA72B10F09A4CEF2,991A5593B6EC91DD9CE88FCA279D78AE,,,,"6""-P-U110-2583-A1",,PipeRun,,64BAF0523BD0EBA2719E81173A0AA56D
F9F7B47AAE44084F10EB629D31F5DB1A,The connect point is unattached.,,2,1,1,5,79F1A8C9EBEDDCDF31BB2517FD95FBB1,2746D194EE288645DFE5EC46EAE113A8,,,,,,PipingComp,,096059B5100DF4E1C33DE2437345E3F0
67554BF545B1748C65A26B5DE390DD8A,Piping Materials Class(10) Is Not = Piping Materials Class(null),PipingMaterialsClass=PipingMaterialsClass,1,1,1,5,AD30B5093008D7E1C969D33AAA9529CF,1E6B1ED1E589A7EB012580A1128F810C,8308C0016D942713B5A44F7CFC5FFC78,,,"6""-SW-U110-4148-A1",,PipeRun,PipingComp,64BAF0523BD0EBA2719E81173A0AA56D
4428AA3A618F9EDB5E69CC065890B4E9,Piping Materials Class(P) Is Not = Piping Materials Class(N),PipingMaterialsClass=PipingMaterialsClass,1,1,1,5,AED5A2B3BDE999F4FBD39B4768585C9B,3684FB3728740BCD224BDC32DEE78EAB,81C6F7651AE66FD2B7388BDC66DC1A0C,,,,"3""-N2-U100-9718-B2",PipingComp,PipeRun,096059B5100DF4E1C33DE2437345E3F0
F0A34E064ADDE6BF59B3F2ED015E138A,The connector endpoint is unattached,,5,1,1,5,F2DE2AE17F901C2864FF84814A155A7C,793D4ED283A616419031C77FD2E077A0,,,,"4""-N2-U110-2373-A1",,PipeRun,,64BAF0523BD0EBA2719E81173A0AA56D
B8D57D9F496B45F42FEF16A97B8176B9,The connector endpoint is unattached,,5,1,1,6,F26EA8DCAC4FF2ADCAF98D70A22BDE36,3A5A40B19399C0E9801F6EE61ABF6BAA,,,,"6""-CW-U100-5275-A1",,PipeRun,,096059B5100DF4E1C33DE2437345E3F0
6579E5057E692AD62A06CA34F7CF4758,The connector endpoint is unattached,,5,1,1,5,09B849AEED982B62E9F3EE29EDEEC671,A8065255C19F8C296F92CDFD392349F3,,,,"6""-N2-U100-7357-A1",,PipeRun,,096059B5100DF4E1C33DE2437345E3F0
FD474EDC8452194DCF1652DFA0521F55,Insul Purpose(null) Is Not = Insul Purpose(10),InsulPurpose=InsulPurpose,1,2,1,5,9137D87671A897C3C0184D412B13110E,92B3E29EBF535878EBF212FC69A573ED,2C4D5F46794601BCA1BFA1A161270AC4,,,"8""-FG-U150-4159-B2","3""-P-U150-8606-A1",PipeRun,PipeRun,01DE7FEE8D4CBFB143281F4BD48C69EC
E8CFC4150B7BA569D97F06ACFCC011F0,The connector endpoint is unattached,,5,1,1,5,95ED6C762967C74B3B9D5F02FA51CBF1,DBED6C98C5E40EA680E61982761650D2,,,,U120-SIG-2482,,SignalRun,,C00FC3A0FFB871F69522C7C9D3CA4128
7D64B821D4FABB1D9F424BAEE1730470,Temperature(null) Is Not = Temperature(1001),ProcessDesign.Min.Temperature=ProcessDesign.Min.Temperature,1,1,1,5,216C0C87DC569318B5C4DD82C39DC932,EAED7E71670FA3BB759D608F0B948CEA,99317741874021A3143C508F3AB298D2,,,"3""-FG-U110-2187-A1","3""-FG-U110-7286-C1",PipeRun,PipeRun,64BAF0523BD0EBA2719E81173A0AA56D
FB4D93B0BCEA17B152C7893DA5EC8EA9,Tag Sequence No(10) Is Not = Tag Sequence No(null),TagSequenceNo=TagSequenceNo,1,1,1,5,AD30B5093008D7E1C969D33AAA9529CF,6817BE21E04758411C3687C0DAF2BE2F,DE9357A9915EEB52FA848EAC570DED90,,,,"3""-CW-U110-7100-C1",PipingComp,PipeRun,64BAF0523BD0EBA2719E81173A0AA56D
3620B5ABD446680EA9AB025AA0622AA4,Tag Sequence No(null) Is Not = Tag Sequence No(10),TagSequenceNo=TagSequenceNo,1,1,1,5,CEB62D4CAAAF04F8A4912A5C1E201C48,BB7407E7253CE05AE80C7A3B7A552093,7FCBE12F36A22BA7E134C29BF9EC996B,,,"8""-FG-U100-7771-B2",,PipeRun,PipingComp,096059B5100DF4E1C33DE2437345E3F0
F8FFCB215A468CDA940DF85C764827DF,The connector endpoint is unattached,,5,1,1,5,C488662F969F34058A82ECE077975BE5,7EC998808BE4E94A33958F40D7DA47F1,,,,U100-SIG-7681,,SignalRun,,096059B5100DF4E1C33DE2437345E3F0
070B171EF1A2964B108DED5DE7CFA3F0,The connect point is unattached.,,2,1,1,5,B28529F9BDDAE996DC661E392493AA84,703B6C212E1471FE81B081C74688239D,,,,,,PipingComp,,096059B5100DF4E1C33DE2437345E3F0
D49026DB1C1CDA62253C7E3A98984F86,Temperature(A) Is Not = Temperature(B),ProcessDesign.Max.Temperature=ProcessDesign.Max.Temperature,1,1,1,8,AD30B5093008D7E1C969D33AAA9529CF,37D428647315C5B875F8399BC0C74439,743CC980416A0AF4AE3A499F65AD6C77,,,"6""-CW-U110-4959-A1",,PipeRun,PipingComp,64BAF0523BD0EBA2719E81173A0AA56D
22FE8ACCCEB26651C53CC31CC4078134,The connect point is unattached.,,2,1,1,5,C393C5CDE02B4F8045042EE065265D02,9C30195470FBC1D8E58E399E3FCC2D21,,,,,,PipingComp,,C00FC3A0FFB871F69522C7C9D3CA4128
4B3F2B8EB51E0C8F284682DCA498AFBE,The connect point is unattached.,,2,1,1,6,389D1D5CB5F8E22FCF57588453D88427,9F88D05347DFB22B8EDD6B1EDE6BA6FB,,,,,,PipingComp,,096059B5100DF4E1C33DE2437345E3F0
E696B6ABBF686B0C9714B8E407BF2F4E,The connect point is unattached.,,2,1,1,5,36D77441C22A97EC2FC6EDD0162AB160,D3D2D919AFC7BD15EE6F3E5AC8FCFBEA,,,,,,PipingComp,,64BAF0523BD0EBA2719E81173A0AA56D
506472221C2F08FEF04F4BA12CE60720,Piping Materials Class(20) Is Not = Piping Materials Class(25),PipingMaterialsClass=PipingMaterialsClass,1,1,1,5,6040BC346C6FDD3461209D95E733310F,06E79A215E8505E1E46871160157B47C,ED6D4B071E5BC5EA1DEAFC4A3F3A7344,,,"8""-P-U120-5654-B2",U120-P-7838,PipeRun,Mechanical,C00FC3A0FFB871F69522C7C9D3CA4128
B79F604EBBA379137C7A5912D532D77A,Nominal Diameter(null) Is Not = Nominal Diameter(1001),NominalDiameter=NominalDiameter,1,1,1,5,6040BC346C6FDD3461209D95E733310F,EB435EAD0A87915367A579C68126E2DC,9FB176575E50782C6695721A499A757A,,,U120-LT-9068,"3""-SW-U120-5546-B2",Instrument,PipeRun,C00FC3A0FFB871F69522C7C9D3CA4128
1F9513FA3C6FBE62366F7BA21E7A700E,Nominal Diameter(null) Is Not = Nominal Diameter(10),NominalDiameter=NominalDiameter,1,1,1,5,B207FB9B0DC46AB34E5ABE7C88AFB0DD,D755D188A13C429BF558663132E5CB06,6D8AA88B65B9E637160B2E7932ECF8A7,,,N11,"8""-SW-U120-1014-A1",Nozzle,PipeRun,C00FC3A0FFB871F69522C7C9D3CA4128
EE9FEC33A2A0E5F850ED6125F3A28FDF,The connect point is unattached.,,2,1,1,5,B65DFD027E5BBC6123D0C26C2334C0AA,C5A4E590A795BC8EBAECDBC1FEB622CE,,,,,,PipingComp,,C00FC3A0FFB871F69522C7C9D3CA4128
587C550842F4276364789D0ACA04C3B3,H Trace Medium(20) Is Not = H Trace Medium(25),HTraceMedium=HTraceMedium,1,1,1,5,0FF93C9F25A86D9862D3AE3A051BECA4,9DC4331AD7533E6E1F06EB66D2FAE5E2,A811B58F921E2FCFF5E7FF83D974EB7C,,,"6""-N2-U110-2985-A1",,PipeRun,PipingComp,64BAF0523BD0EBA2719E81173A0AA56D
62D0BF9E8F9389CF7D3378457B3F0B20,The connect point is unattached.,,2,1,1,5,1414C58300B531C882559B0BBC7E71CE,603B25B669AD45273B3A0BF78DA0AD0A,,,,,,PipingComp,,C00FC3A0FFB871F69522C7C9D3CA4128
362FE106F1BAC28E8D400F8E5169DDBC,Tag Sequence No(null) Is Not = Tag Sequence No(10),TagSequenceNo=TagSequenceNo,1,1,1,5,09B849AEED982B62E9F3EE29EDEEC671,1FEC038D450DAFD766218EAFD288CD13,E1439C25CC6314BF789115115EB6AAE6,,,"4""-FG-U100-6243-A1","8""-FG-U100-3420-B2",PipeRun,PipeRun,096059B5100DF4E1C33DE2437345E3F0
8EF0E079A7AB3F066B9E2D704B34E518,Fluid System(20) Is Not = Fluid System(25),FluidSystem=FluidSystem,1,1,1,4,AED5A2B3BDE999F4FBD39B4768585C9B,24D5E6BE19625979DE97710B3E61EC39,65AAC4F897D46BB9722DE103E7436CAC,,,N9,U100-PT-1303,Nozzle,Instrument,096059B5100DF4E1C33DE2437345E3F0
D2B5A2037B715821064B41A99A313661,Nominal Diameter(P) Is Not = Nominal Diameter(N),NominalDiameter=NominalDiameter,1,1,1,5,FCBF8FEA7A21695AAEDD995555D7C788,438E09D7E4305E183E0AA8621DEE9792,E6E4865187BD9F052F57B3DAC4FEB703,,,"3""-CW-U110-8629-B2","2""-N2-U110-5368-C1",PipeRun,PipeRun,64BAF0523BD0EBA2719E81173A0AA56D
F6E40215F20771184D06E32585CF4413,Fluid Code(20) Is Not = Fluid Code(25),FluidCode=OperFluidCode,1,1,1,4,6C98AAC7903FD017DAC559B0E9B9CCE5,DA165E50A40CA4DDFC7B157B4D1C51F1,7BD8C90DB8211E459A1F02214CAEF750,,,"4""-CW-U160-4779-C1","3""-N2-U160-5122-B2",PipeRun,PipeRun,01D6B91D5D07C07D22E70FD0038D63D4
B740D45F5FB14073B5D78E44394CF6C3,Piping Materials Class(10) Is Not = Piping Materials Class(null),PipingMaterialsClass=PipingMaterialsClass,1,1,1,5,802EAA99A3004FC950D9B1E348DBF83A,910DD6731C6AA33C9DCAB71CE45DC238,1FE0E0352FFD79D3456A686D189F864B,,,"3""-CW-U120-8514-B2","2""-N2-U120-4139-B2",PipeRun,PipeRun,C00FC3A0FFB871F69522C7C9D3CA4128
B0F674E9B700C5D245D61FE5A2E78BBE,Insul Purpose(A) Is Not = Insul Purpose(B),InsulPurpose=InsulPurpose,1,1,1,5,4D9F984D0ACCA97707860A010D4EB267,9D1907135CAF33BEA4B5A83357D39958,C2DCC9EA385D41F24C0600F70132B0A2,,,"6""-CW-U100-2957-A1","6""-P-U100-5497-C1",PipeRun,PipeRun,096059B5100DF4E1C33DE2437345E3F0
81FF3F7A7AF663ED437B4426040712FA,Slope Rise(null) Is Not = Slope Rise(10),SlopeRise=SlopeRise,1,1,1,5,FAE380D0DE2CC9D64848CFEA05B01425,731F9D58B7BD9C6C03939046537D9F89,1E435524C850F4059889D136F0017A1C,,,U110-PT-2292,"2""-P-U110-6176-A1",Instrument,PipeRun,64BAF0523BD0EBA2719E81173A0AA56D
884A56A220E3921E1A78A687F6DF2465,Insul Purpose(null) Is Not = Insul Purpose(1001),InsulPurpose=InsulPurpose,1,1,1,5,2B3958935C502A5BD6014003ADE8BF45,30D3450AD1FACAD11FB77B9D6E33C3E3,50C6D5994E56C00715029696204C1380,,,"3""-CW-U100-3959-C1",U100-TT-5154,PipeRun,Instrument,096059B5100DF4E1C33DE2437345E3F0
2B4A4215495FE27458E8696A13267263,Stream No(null) Is Not = Stream No(10),StreamNo=StreamNo,1,1,1,5,F26EA8DCAC4FF2ADCAF98D70A22BDE36,D1D4574DF738032380BB3A1721EEFF27,AEBD1F6B5BC0284E24435B6FF29DFB2E,,,U100-FT-1593,,Instrument,PipingComp,096059B5100DF4E1C33DE2437345E3F0
0CBE4463B9008DB77B3ED3325B1CD1C4,The connect point is unattached.,,2,1,1,5,0392DEA5879E192324B03DD24ABE0A4B,475E3DB5A1C7D05FC53CD7FA6FA6AA5B,,,,,,PipingComp,,096059B5100DF4E1C33DE2437345E3F0
F3C2C20C5B7853194F2947D6287F618A,Pipe Line T O(null) Is Not = Pipe Line T O(1001),PipeLineTO=PipeLineTO,1,1,1,4,C488662F969F34058A82ECE077975BE5,49CA9AAAD9E1EDAE316300DD9E43AB8A,6745F815B64BFD17DBD3C0A39E17C324,,,"6""-FG-U100-7269-B2","6""-P-U100-2301-A1",PipeRun,PipeRun,096059B5100DF4E1C33DE2437345E3F0
7255906498BCD6DDB212C25E9633987E,Tag Sequence No(10) Is Not = Tag Sequence No(null),TagSequenceNo=TagSequenceNo,1,1,1,5,8B085CA066E537966E96C4FA8A111B2A,E77D32920AEB62AA2F3CA39E95DCF8F4,D78859D4F5D92DD93ADBECB159B395F0,,,"6""-SW-U110-1548-A1","8""-SW-U110-6594-B2",PipeRun,PipeRun,64BAF0523BD0EBA2719E81173A0AA56D
C0B22D47C2C52ED334116B6D51DA8D22,The connector endpoint is unattached,,5,2,1,5,F8CAE444C3FB934DB7214A7B88D9F3C6,9874D78C1D544AE5C42EAFAC386D8C7D,,,,"4""-CW-U160-2905-A1",,PipeRun,,01D6B91D5D07C07D22E70FD0038D63D4
8C7F3872FDE7C1681F8FC0F052447089,Inconsistent flow direction,FlowDirectionFlowDirection,3,2,1,5,601B1D430AA7723D7796BEA4B1BFD84E,47040BC5BAE7AC9C1646C89B2FF2A553,3F80374376BD97DE9AA87AB352297D88,,,"2""-FG-U110-2815-C1",,PipeRun,PipingComp,64BAF0523BD0EBA2719E81173A0AA56D
65A3869897B82C27102FA240A7E0043A,The connector endpoint is unattached,,5,1,1,6,0E469E9DB82FD84C0313BAE4FE949FA2,01F8F2ACCB4C5DAD0685AEB618667042,,,,U140-SIG-6296,,SignalRun,,D9F0C3193820468A97BD76260565103A
ED9189D237F0E812F9A9204BFCD1381E,The connector endpoint is unattached,,5,1,1,4,D0C901DDF31E7BEF10FE194B6901709E,95C954CF24551F087AFB480398C834FD,,,,"3""-CW-U100-6353-A1",,PipeRun,,096059B5100DF4E1C33DE2437345E3F0
063B871B9424A610AADD4290F2C5361F,Piping Materials Class(10) Is Not = Piping Materials Class(null),PipingMaterialsClass=PipingMaterialsClass,1,1,1,5,D0C901DDF31E7BEF10FE194B6901709E,FB6335C9E465B7531DF1687FA2F4AD3A,97D99D146B2C9035D4945D0B3BCEE95E,,,N13,"3""-CW-U100-1541-A1",Nozzle,PipeRun,096059B5100DF4E1C33DE2437345E3F0
AC71A4CADCF383F443C96F8BE8B9DB29,Inconsistent flow direction,InlineComp.FlowDirectionFlowDirection,3,1,1,5,F370DC56EA1934EF8CF54DCF2025926E,C9034AC449CC1288FB4006DCCB7B6EBF,17C1C32E9A82B210E73D75AA4273F4CD,,,"8""-SW-U100-1728-A1",,PipeRun,PipingComp,096059B5100DF4E1C33DE2437345E3F0
44AC135D6C0B61946DFE85B617980D37,Oper Fluid Code(null) Is Not = Oper Fluid Code(10),OperFluidCode=OperFluidCode,1,1,1,5,E1DDA8ADB089448852586F3BD32EF577,15536170E6AFA70C759883ADCF64A706,6F4747779A2C0CA89C6EE4A3E66131C6,,,,"4""-N2-U170-8398-B2",PipingComp,PipeRun,FEBE2715D378C22F880205573EA4893C
AE7C3AB839F7D538A57449B9CC209067,The connect point is unattached.,,2,1,1,7,9DEE39D15FEDC88A61A9009654CCBDEB,C6900653D1180B36D1875239964DCC14,,,,,,PipingComp,,64BAF0523BD0EBA2719E81173A0AA56D
F18A25644C6C02F0F5A4E3FD2CC03539,Tag Sequence No(20) Is Not = Tag Sequence No(25),TagSequenceNo=TagSequenceNo,1,1,1,5,5CE832F931E8204D03655B818C0A3040,7EFE8D37C077BABBD619FA832D4F2BD7,8F4E187C6B0BB2E870A19F37B756452A,,,"2""-CW-U120-5518-B2","3""-SW-U120-3045-C1",PipeRun,PipeRun,C00FC3A0FFB871F69522C7C9D3CA4128
FB8E48E8179DF4E234367F318EC2BC16,The connector endpoint is unattached,,5,1,1,8,5A76E455880BFA67A447D0C1E2BABA28,6F835E575BF17BD9F165358931350A0A,,,,U110-SIG-6222,,SignalRun,,64BAF0523BD0EBA2719E81173A0AA56D
498026C05931BC8D5DABFBA496AFE0FF,The connector endpoint is unattached,,5,1,1,5,8849EB9162837E2E0BCCA9869C4F150E,93B7718A5701F667A3A8E36EEF2CE730,,,,U100-SIG-9016,,SignalRun,,096059B5100DF4E1C33DE2437345E3F0
EC5F4357ED857685F111371A7E5EA836,The connector endpoint is unattached,,5,1,1,5,216C0C87DC569318B5C4DD82C39DC932,96E32DA5FE4D8876E76E1AF984235687,,,,U110-SIG-1810,,SignalRun,,64BAF0523BD0EBA2719E81173A0AA56D
F39E8F39A26C0F312EE4E74B63977095,The connector endpoint is unattached,,5,1,1,8,1A309918F041827BE1FA5F5984EC1520,6C9EC1191F2835A64D35C9C3F3DC3A8F,,,,"4""-N2-U120-1129-C1",,PipeRun,,C00FC3A0FFB871F69522C7C9D3CA4128
D2E8D77DEEA7CE585F4AF7E78B4D4D33,Tag Sequence No(null) Is Not = Tag Sequence No(10),TagSequenceNo=TagSequenceNo,1,1,1,8,6291B69CCDBF5D0F638861CC79DA3744,43B55CFC558649075776D37493C2218A,B87E4706F58939D1FF23D1220D3BF304,,,"2""-CW-U100-9261-B2",N10,PipeRun,Nozzle,096059B5100DF4E1C33DE2437345E3F0
48AAE4E83E030925D4AB33D0963A4F44,The connector endpoint is unattached,,5,1,1,5,8D9EA7A943C4B5E2EABAF8FD0FA8E4D0,BFB28F157852FF97CE22AED653A41916,,,,"4""-FG-U100-7170-B2",,PipeRun,,096059B5100DF4E1C33DE2437345E3F0
BB0FA7F3B094BCC5D704A86D2F0D77C3,Pressure(20) Is Not = Pressure(25),ProcessDesign.Max.Pressure=ProcessDesign.Max.Pressure,1,1,1,7,836E6A85884EDA475926ABE1EE072B87,5A4A34963D7FC3F8F22F23AE8BAA09FA,3FEAC901A0AF134E2D9EE00B5567A2AE,,,"8""-SW-U100-3348-B2","2""-N2-U100-7710-B2",PipeRun,PipeRun,096059B5100DF4E1C33DE2437345E3F0
C5A92AD290B23FD4AA10A773AC9D7280,Piping Materials Class(20) Is Not = Piping Materials Class(25),PipingMaterialsClass=PipingMaterialsClass,1,1,1,6,F2C33F26034A081939818F17C4DB57E2,85A39CEAB8B02ABD6731930479BCA6EC,F2A80F46ED070B3198D7C41A5AF25C71,,,N4,"6""-CW-U110-8790-C1",Nozzle,PipeRun,64BAF0523BD0EBA2719E81173A0AA56D
2AD5D9AE276BAE17C2FE03E0270C1062,The connector endpoint is unattached,,5,1,1,5,3772B49BB519765241F4612A98859AFD,20F84C54F7C7F8D20CF4FDC8E4EF6203,,,,U110-SIG-2991,,SignalRun,,64BAF0523BD0EBA2719E81173A0AA56D
EF96E70B68FA1E1A8C393B07694934A5,Pipe Line T O(20) Is Not = Pipe Line T O(25),PipeLineTO=PipeLineTO,1,1,1,5,719EAA06B1374B09D338FE3656748482,E0C162AA9232061AE6FBE4B2127E54AD,C44EF857E5AAD29D81FFA26856210664,,,"8""-N2-U110-6318-A1",,PipeRun,PipingComp,64BAF0523BD0EBA2719E81173A0AA56D
7727A5B9725D228E9B266F86321D8E4E,The connect point is unattached.,,2,1,1,4,601B1D430AA7723D7796BEA4B1BFD84E,06F0EDB6F45FB22CCEF84AAC9215C0D7,,,,,,PipingComp,,64BAF0523BD0EBA2719E81173A0AA56D
E3B5F9CF0BAE091516672591962F2B07,Pipe Line T O(A) Is Not = Pipe Line T O(B),PipeLineTO=PipeLineTO,1,1,1,5,B895CE1C3B8F71B260A922BB8629A63D,720DA5EED6D9DD99F90089EDD24D3F3C,CC49E1F1DA8C17BE95A3A5D3C1973458,,,"3""-SW-U190-9322-B2","8""-N2-U190-6385-C1",PipeRun,PipeRun,6D8BB49801DABF0F53249CDAD1D1A8C3
AB552B1516CF9C93C94227F69A43F29C,Tag Sequence No(P) Is Not = Tag Sequence No(N),TagSequenceNo=TagSequenceNo,1,1,1,5,C488662F969F34058A82ECE077975BE5,4C34AF6E8B9CA5C962450E17A9EB62A3,E9F918FECBD578B8C4A635E8493D6F48,,,"6""-P-U100-2296-B2",N17,PipeRun,Nozzle,096059B5100DF4E1C33DE2437345E3F0
D882A9A691E02AEFC008E8F728D87FB7,The connector endpoint is unattached,,5,1,1,5,F26EA8DCAC4FF2ADCAF98D70A22BDE36,1023F8ED9BA1608D36AE2769908A8BCA,,,,U100-SIG-6501,,SignalRun,,096059B5100DF4E1C33DE2437345E3F0
EAFBDFC618B0BE587C89357BC4419EF7,The connector endpoint is unattached,,5,2,1,6,31F2B23DC0CB8E544F3DB51681E47C4B,5E573E0880667DDB320B8FAA0B72481C,,,,U110-SIG-4781,,SignalRun,,64BAF0523BD0EBA2719E81173A0AA56D
FAD35F1B9B5F44CA446DFA4A3D645C89,Insul Purpose(P) Is Not = Insul Purpose(N),InsulPurpose=InsulPurpose,1,1,1,5,9980A0541A8FFBA17D024466F71C66B6,D2E031620169FC5B24CED9D99358532F,EEAF74BE238D8CEF47FB5BABC7FC19EF,,,"4""-N2-U130-5295-B2","8""-P-U130-8587-B2",PipeRun,PipeRun,A6E500CA1BC9D6D1043E4F2EE6CC6F78
965617A4352963CCAA70079ABF9AAFB6,Temperature(A) Is Not = Temperature(B),ProcessDesign.Min.Temperature=ProcessDesign.Min.Temperature,1,1,1,7,536DA83BF14C40A7C114D5F543D481E0,294AD429AB5AECC3531D77C676A48E0B,797B0A1926C931D4930D1B85DCF1E02F,,,U120-SIG-5675,"3""-CW-U120-8395-A1",SignalRun,PipeRun,C00FC3A0FFB871F69522C7C9D3CA4128
7B7C2CB125CE0665F4828BAB60EB522D,Nominal Diameter(20) Is Not = Nominal Diameter(25),NominalDiameter=NominalDiameter,1,2,1,5,B895CE1C3B8F71B260A922BB8629A63D,D7617FC0A9D2ECCC80F669FE780B988E,DF81FB092A22357E8C3BAACB33E0D6F6,,,"2""-FG-U190-4109-C1","3""-SW-U190-7496-A1",PipeRun,PipeRun,6D8BB49801DABF0F53249CDAD1D1A8C3
03A8344D06D7F857EDD6CDE1BA514164,Tag Sequence No(A) Is Not = Tag Sequence No(B),TagSequenceNo=TagSequenceNo,1,1,1,5,3772B49BB519765241F4612A98859AFD,E34F0B295BA30561B433B04B785F183F,5441EB1EF59B58367FDCB55F2F2E5E40,,,,"4""-CW-U110-1776-C1",PipingComp,PipeRun,64BAF0523BD0EBA2719E81173A0AA56D
311B2DA2E73CD997C5DB7260CF434B83,The connector endpoint is unattached,,5,1,1,5,CEB62D4CAAAF04F8A4912A5C1E201C48,983B1D5E19E85D2B54E5E51253FC807C,,,,"6""-CW-U100-7675-B2",,PipeRun,,096059B5100DF4E1C33DE2437345E3F0
E641C96A4DEAA6F1CEDDE7263409DFF2,Fluid Code(20) Is Not = Fluid Code(25),FluidCode=OperFluidCode,1,1,1,5,4F55DA160C9B368A1736DBC18AF6BE90,BF6522EAC99729677BE28D736AC8C910,12780D1AC379FE70E14C50C5F5A96376,,,,,PipingComp,PipingComp,096059B5100DF4E1C33DE2437345E3F0
11AAAD81485DC86517745705C824D80C,Tag Sequence No(P) Is Not = Tag Sequence No(N),TagSequenceNo=TagSequenceNo,1,2,1,4,F2DE2AE17F901C2864FF84814A155A7C,5A18F7A7351935212B969C498010F3FD,E4AE5F702C05D8E2D7DF02671B370908,,,"4""-SW-U110-5323-C1","3""-N2-U110-6418-C1",PipeRun,PipeRun,64BAF0523BD0EBA2719E81173A0AA56D
E4117A59AA72A60AC9885989CC2D1E28,The connector endpoint is unattached,,5,2,1,8,B2B85521054FADE48E3FE7341D0D79BD,BD60BB27BED1F439BBE26ADC014B9BCD,,,,"2""-SW-U100-4398-A1",,PipeRun,,096059B5100DF4E1C33DE2437345E3F0
9DA3E9904725E4A13700E117D78F7419,The connect point is unattached.,,2,1,1,5,AD30B5093008D7E1C969D33AAA9529CF,D83CFA0F770CAEF300D42FBDC87940F9,,,,,,PipingComp,,64BAF0523BD0EBA2719E81173A0AA56D
E06491B5FF2ACC7D340908DD5D33676B,Supply By(P) Is Not = Supply By(N),SupplyBy=SupplyBy,1,1,1,5,32D5A7A0F8CB998262622F5EC3B3B801,7EE4D701BEA4C38D4ED4C941F68F939F,4D717CB4002CDA427DC193A4F7AD5C29,,,"2""-N2-U100-5366-A1","8""-P-U100-5041-A1",PipeRun,PipeRun,096059B5100DF4E1C33DE2437345E3F0
5015EA1F5CEB9A3EE89030BCB60DF7F6,Fluid System(null) Is Not = Fluid System(10),FluidSystem=FluidSystem,1,1,1,8,896875BBABFD351308237B9C75230C92,B662FBA5E5F67B8BED7772FE66E9FA96,A1D5530C5A14C12D074B30B68CF1A413,,,U130-PT-3474,"8""-CW-U130-3552-A1",Instrument,PipeRun,A6E500CA1BC9D6D1043E4F2EE6CC6F78
25962EFF5C291D880BBCA7C51181D4D7,Stream No(20) Is Not = Stream No(25),StreamNo=StreamNo,1,1,1,5,FAE380D0DE2CC9D64848CFEA05B01425,693437721A9F577CB162FE08E3DCF5A4,4307D077CDE582E051FDEC450966732B,,,"3""-P-U110-9480-A1",,PipeRun,PipingComp,64BAF0523BD0EBA2719E81173A0AA56D
4D5FC548670CDE76F414FC20A483B4ED,Temperature(10) Is Not = Temperature(null),ProcessDesign.Min.Temperature=ProcessDesign.Min.Temperature,1,1,1,5,3A476B6438F1402ED1D87A6E25E76E99,21388C6C99F9AB1F71B738B9328EBD67,0A5D55561B2C3CFC6828FF50439DD417,,,N5,"8""-N2-U150-7736-C1",Nozzle,PipeRun,01DE7FEE8D4CBFB143281F4BD48C69EC
404B49AB76B796C9C695BB8E86D3F43F,Insul Purpose(10) Is Not = Insul Purpose(null),InsulPurpose=InsulPurpose,1,1,1,5,84881B6622C0E556382A2344B0D1A60A,3B9E8AAD2AC0434700B7F7B60E04B12D,A97815FAE74F06C7BDD403B44789112A,,,"3""-CW-U120-2155-A1",,PipeRun,PipingComp,C00FC3A0FFB871F69522C7C9D3CA4128
2A838469945892CFCC14F7E6A3A3907B,Pressure(null) Is Not = Pressure(1001),ProcessDesign.Max.Pressure=ProcessDesign.Max.Pressure,1,1,1,5,33639FDC98AAF751C52F0A1670FC755E,178546EBFB5D191820E2EB2068FB718E,809DACD8886E828C2EB41E26D1230DBC,,,U120-SIG-2814,"2""-P-U120-5461-A1",SignalRun,PipeRun,C00FC3A0FFB871F69522C7C9D3CA4128
9EDD02F14A2126098D77463364B1036B,Pressure(20) Is Not = Pressure(25),ProcessDesign.Max.Pressure=ProcessDesign.Max.Pressure,1,1,1,5,F26EA8DCAC4FF2ADCAF98D70A22BDE36,7E7B6564C52EE7F995C2FE8A060200C3,D4F3D196C7E20F2FA50189AE819B0704,,,"8""-SW-U100-6388-A1","8""-CW-U100-1521-C1",PipeRun,PipeRun,096059B5100DF4E1C33DE2437345E3F0
B29C7F699A6A9B0FA0D081F97B2BE3A2,Fluid System(null) Is Not = Fluid System(10),FluidSystem=FluidSystem,1,1,1,5,449CB82CD20B56161A65C465C756ECA9,9B5786159DB1CD49769C7B6921F3757F,228F815CA83D7CD421B982CD99A42FB8,,,"6""-N2-U180-6670-B2","2""-N2-U180-5708-A1",PipeRun,PipeRun,416E154110ACCEDA4EB45835BCDF4E10
0757F062F325C2F09C8FC9DBAA19D12C,The connect point is unattached.,,2,1,1,5,C488662F969F34058A82ECE077975BE5,CED405E371B479D8FC52C251D09653FE,,,,,,PipingComp,,096059B5100DF4E1C33DE2437345E3F0
2FBEC31DB91A6F4795AC3E7672C2680E,Tag Sequence No(A) Is Not = Tag Sequence No(B),TagSequenceNo=TagSequenceNo,1,1,1,4,C393C5CDE02B4F8045042EE065265D02,18E1C2F0C16BAF74B9F5657B6E8036DD,B8A84D22378826F36DC371D7E20BFCB5,,,"8""-FG-U120-6711-C1","6""-CW-U120-1209-A1",PipeRun,PipeRun,C00FC3A0FFB871F69522C7C9D3CA4128
277E139FD4B5F66D179553938A6D3697,The connect point is unattached.,,2,1,1,5,3772B49BB519765241F4612A98859AFD,8B9716FB2019F9812CBDBA1A521CCE54,,,,,,PipingComp,,64BAF0523BD0EBA2719E81173A0AA56D
E21BA214C4B36038E7AB879598CE5651,The connect point is unattached.,,2,2,1,5,C17051500E11127721BC90AA1D5E74AA,BF26376C15C147D19FB4817F9F559458,,,,,,PipingComp,,01DE7FEE8D4CBFB143281F4BD48C69EC
A33306EE7C43928D37028C40F1202E40,Stream No(null) Is Not = Stream No(1001),StreamNo=StreamNo,1,2,1,5,DCDA1BE450F5E80C3409718F053DD006,C0D4A694DFB0F0B70E827CA9DE171CC8,F085A1EB56DC06465731067B212CDDF1,,,"3""-N2-U100-2929-A1","2""-N2-U100-4346-B2",PipeRun,PipeRun,096059B5100DF4E1C33DE2437345E3F0
957D77A5DB58BCFFA9E3A451E3A5C919,Oper Fluid Code(null) Is Not = Oper Fluid Code(10),OperFluidCode=OperFluidCode,1,1,1,5,4D9F984D0ACCA97707860A010D4EB267,35888E3791E3C112EFAFE11CD0F01A62,6F24E4CD4E7ADCA5F6BF25D96D7EC8A4,,,"3""-P-U100-4569-C1","8""-SW-U100-5284-A1",PipeRun,PipeRun,096059B5100DF4E1C33DE2437345E3F0
9C997CC92A44E81E3608AD45AC9D7B38,Temperature(null) Is Not = Temperature(1001),ProcessDesign.Min.Temperature=ProcessDesign.Min.Temperature,1,1,1,5,6B3A0DA91E99604DA5AD2D88D84CC2A6,8561CDF43FC9977F27DC614442113763,5391EEAA2CD7402A83CAFE4499451EC9,,,"6""-N2-U130-7882-A1","2""-N2-U130-1652-C1",PipeRun,PipeRun,A6E500CA1BC9D6D1043E4F2EE6CC6F78
2F2439399FF102E0BB269CF6D2745853,S P_ Commissioning System(P) Is Not = S P_ Commissioning System(N),SP_CommissioningSystem=SP_CommissioningSystem,1,1,1,5,2C40CF630AC632F98E96A0667C2F315B,43CD0D2966EC695CEC18C768C97F679E,6DDFB94CF76A13597694DA11D8544246,,,U110-SIG-4114,"3""-CW-U110-3093-B2",SignalRun,PipeRun,64BAF0523BD0EBA2719E81173A0AA56D
30ED7E093448A46F911C3805C10A7474,Piping Materials Class(null) Is Not = Piping Materials Class(1001),PipingMaterialsClass=PipingMaterialsClass,1,1,1,5,2B3958935C502A5BD6014003ADE8BF45,C54375C852E43EA297DBA1E6A996B2F4,C1C61913ED0156E54566DF98D528E4D9,,,U100-LT-2401,,Instrument,PipingComp,096059B5100DF4E1C33DE2437345E3F0
F100CFDF9B7EB157B1D490558EC1AA66,Tag Sequence No(null) Is Not = Tag Sequence No(10),TagSequenceNo=TagSequenceNo,1,1,1,5,FCBF8FEA7A21695AAEDD995555D7C788,220E013428B8AC5EFCFDF442B6B051E3,C486120AEAE7C6A355FCB8F35F874945,,,"8""-P-U110-7745-B2",N16,PipeRun,Nozzle,64BAF0523BD0EBA2719E81173A0AA56D
551688D0842420AEF6497A26E7A747B5,Nominal Diameter(null) Is Not = Nominal Diameter(10),NominalDiameter=PipingPoint1.NominalDiameter,1,1,1,5,51629E19B54AE62FCF3CDDC55AE9712C,D89A53CF050EB79115236D5D99EF7981,8B02674A2FB618A2E9213AA3A44F4DC2,,,"2""-N2-U110-2351-A1","8""-P-U110-5039-C1",PipeRun,PipeRun,64BAF0523BD0EBA2719E81173A0AA56D
1098949EEE6A60CF805918817FF03533,Inconsistent flow direction,FlowDirectionFlowDirection,3,1,1,5,773270B8D0D799071653A7C5AD80D6C4,42CBDB29FDF8F2830391D4FB77C7BE9B,D4B8DA9201BE584C61EA7C813E6A1B08,,,"8""-FG-U100-1596-A1",,PipeRun,PipingComp,096059B5100DF4E1C33DE2437345E3F0
694FB87CCB50875B9A74565AC246877F,Nominal Diameter(null) Is Not = Nominal Diameter(10),NominalDiameter=NominalDiameter,1,1,1,8,7A2DA80AC82E10C52551B5650E18A057,EE51DECE99D7393D11DCB8E166E3EF4B,A6229E821A1BEAC9F5ADC8A135C517CB,,,"6""-N2-U110-9812-C1","3""-CW-U110-7878-C1",PipeRun,PipeRun,64BAF0523BD0EBA2719E81173A0AA56D
7B66925D5EC59CF38DD0B93E53193124,Pipe Line F R O M(20) Is Not = Pipe Line F R O M(25),PipeLineFROM=PipeLineFROM,1,2,1,5,3772B49BB519765241F4612A98859AFD,2C1A87181B747BFAAF5DBDF91A30FED4,A4554D4463010E7C05914BECA2C4C2FB,,,"3""-P-U110-8364-B2",N14,PipeRun,Nozzle,64BAF0523BD0EBA2719E81173A0AA56D
73F59959B71AA7DC6383110B452FA70F,The connector endpoint is unattached,,5,1,1,5,802EAA99A3004FC950D9B1E348DBF83A,CD5EB74947DDDBE23F4322CBA9F62C06,,,,"8""-CW-U120-6198-C1",,PipeRun,,C00FC3A0FFB871F69522C7C9D3CA4128
E735EB7B6D3E11016E3F67E1FF1A2530,Piping Materials Class(10) Is Not = Piping Materials Class(null),PipingMaterialsClass=PipingMaterialsClass,1,1,1,5,DECE41AFF321975732B0ECB8FD1DA38D,4DE0BDC816EBC2F0469235E9B071B38C,52FA4B7E81AA6FD0FEBC551A6D45BCF2,,,"8""-FG-U140-5430-C1","6""-SW-U140-5361-A1",PipeRun,PipeRun,D9F0C3193820468A97BD76260565103A
B0A876930BD8ED2CD0EA3A73B58DB44E,Temperature(null) Is Not = Temperature(10),ProcessDesign.Max.Temperature=ProcessDesign.Max.Temperature,1,1,1,5,79F1A8C9EBEDDCDF31BB2517FD95FBB1,896BDE4CD5F6193ED6C2C7D45277297E,5B29F68FAF631BA59A532F2C3ADBB959,,,"3""-SW-U100-9093-C1",,PipeRun,PipingComp,096059B5100DF4E1C33DE2437345E3F0
B5CAD052F4EB653D9A0C6B871BCCF4CE,Pressure(A) Is Not = Pressure(B),ProcessDesign.Min.Pressure=ProcessDesign.Min.Pressure,1,1,1,5,BC1EB0F397920DFACFB05C10740478BB,8EDE9FEFCDC7D7FA360298F2B7875E76,3A6C5E716CD2948AF892B3B1D960B5AF,,,"8""-P-U140-8707-A1",N13,PipeRun,Nozzle,D9F0C3193820468A97BD76260565103A
A15A78342B6A1CE59AD9C9777D65A28F,Cannot evaluate consistency,,6,1,1,6,3617836BAAC586013A6529A833CE90E4,5B85A4420BD0F8026467E1E115789899,,,,"3""-FG-U120-1787-B2",,PipeRun,,C00FC3A0FFB871F69522C7C9D3CA4128
D673F28BE2396EEC8C2673FAB3E81B10,The connect point is unattached.,,2,1,1,5,2B3958935C502A5BD6014003ADE8BF45,AA3EF9C40EC02F42897A3DFF7B4D8290,,OPC-2840,,,,,,096059B5100DF4E1C33DE2437345E3F0
4EFC302827062F16BA856A78CFA06B7E,Fluid System(10) Is Not = Fluid System(null),FluidSystem=FluidSystem,1,1,1,5,51629E19B54AE62FCF3CDDC55AE9712C,3B6ECF815B39BE3C01A91E8336568912,F6A0487A8BF0ED6B8B94778B8EB738D4,,,"2""-P-U110-4068-A1","2""-CW-U110-1374-B2",PipeRun,PipeRun,64BAF0523BD0EBA2719E81173A0AA56D
C775B5368B8C404FBAB8D8236DDDBEA7,The connect point is unattached.,,2,1,1,5,F7420B7B394FA160BA6FCD82B8DBE0A7,97E138CF85C4D25B2CD83E724F91340F,,,,,,PipingComp,,096059B5100DF4E1C33DE2437345E3F0
68E740D46114EEABF1C46D052647F065,Piping Materials Class(null) Is Not = Piping Materials Class(1001),PipingMaterialsClass=PipingMaterialsClass,1,2,1,6,C75DC22605917A4D32B3DA9F3C48A796,9767AAF50C241B35248D6E14E5E6C644,87BB241A84508F73EAD244463DA6CBBC,,,U110-SIG-9574,,SignalRun,PipingComp,64BAF0523BD0EBA2719E81173A0AA56D
5749A18CE80C33D9F4FB28816BF5C241,S P_ Commissioning System(A) Is Not = S P_ Commissioning System(B),SP_CommissioningSystem=SP_CommissioningSystem,1,1,1,5,66F48B4ADF18024CCCA1094DB63EB67C,2F89EC108D14E36D4009878A3D4F84EC,694A8337CDD8E288BF2802D53F19243F,,,"2""-CW-U100-4202-A1","4""-P-U100-9969-B2",PipeRun,PipeRun,096059B5100DF4E1C33DE2437345E3F0
4EFE852A463A48E1D3CB1B30C015BEC7,Insul Purpose(null) Is Not = Insul Purpose(10),InsulPurpose=InsulPurpose,1,2,1,6,83E64D40A7A72B1B18B15C75E0806435,BD6E433D45F793C23A1BE8709161EF70,3BB58ED8D52D39B357CB538EDFF5A138,,,"4""-FG-U100-8087-A1",,PipeRun,PipingComp,096059B5100DF4E1C33DE2437345E3F0
58764EA42536BD848BC104E56536D936,Nominal Diameter(null) Is Not = Nominal Diameter(1001),NominalDiameter=PipingPoint1.NominalDiameter,1,1,1,5,1414C58300B531C882559B0BBC7E71CE,F7DFBA144120CA4959F158E510D557EB,532DB8FC311D10A902C664836945682A,,,"4""-SW-U120-2296-B2","6""-P-U120-1680-A1",PipeRun,PipeRun,C00FC3A0FFB871F69522C7C9D3CA4128
7C653BA45CC64DA6E27DE1010E3F0617,Cannot evaluate consistency,,6,1,1,5,F56C6C5546336B45BF46D41F257BA3AF,B32F505B0CC4EEDD049DA7BF49D1A334,,,,"8""-CW-U190-5896-C1",,PipeRun,,6D8BB49801DABF0F53249CDAD1D1A8C3
13E0F5F9F4036A0F8AB2ACE5C0C051FC,The connector endpoint is unattached,,5,1,1,5,FE07C65A61D59412AAE09752635EED7F,87DC0C3A5501B212359121906C9061D2,,,,"3""-SW-U120-9964-B2",,PipeRun,,C00FC3A0FFB871F69522C7C9D3CA4128
E3B97926C3F2EF4BF27BE7D2FEAA626B,Fluid System(20) Is Not = Fluid System(25),FluidSystem=FluidSystem,1,1,1,5,2B3958935C502A5BD6014003ADE8BF45,BC3DBF352279F28E374308ADFA5DBDEC,1BE7D25D3E497FFEF7FDE0C91B9FF813,,,U100-SIG-5677,,SignalRun,PipingComp,096059B5100DF4E1C33DE2437345E3F0
0049838FA43D79B066CC8627E695BD10,Piping Materials Class(20) Is Not = Piping Materials Class(25),PipingMaterialsClass=PipingMaterialsClass,1,1,1,6,FD17C4EE856A5A9FC879CF837029BC67,AD7A57BFF780BE61F8203F82751FFF8A,60CF5325483F61AB1D1AE9D2318F67FB,,,"8""-CW-U110-4557-A1","8""-SW-U110-2054-A1",PipeRun,PipeRun,64BAF0523BD0EBA2719E81173A0AA56D
125B16415A4C6BA866D0771D869BA044,Tag Sequence No(20) Is Not = Tag Sequence No(25),TagSequenceNo=TagSequenceNo,1,2,1,7,B895CE1C3B8F71B260A922BB8629A63D,DA087565AC92482876DF1C79CF04C2C5,CF9CE9C1F857B4153BD0F918218A0310,,,,"6""-SW-U190-4425-B2",PipingComp,PipeRun,6D8BB49801DABF0F53249CDAD1D1A8C3
24E5D0D430155381841CFB9EC5926E23,The connect point is unattached.,,2,1,1,5,3A476B6438F1402ED1D87A6E25E76E99,85EEC34ED67F2428023253EF39B45BED,,,,,,PipingComp,,01DE7FEE8D4CBFB143281F4BD48C69EC
5BF85305B94E013D169AF7B6F1725A41,Nominal Diameter(20) Is Not = Nominal Diameter(25),PipingPoint1.NominalDiameter=NominalDiameter,1,1,1,5,DECE41AFF321975732B0ECB8FD1DA38D,5986106B53AA8BDC8EF219E794938E5A,7205415073E20330AC444F4042D4B0D3,,,"3""-CW-U140-6272-C1",,PipeRun,PipingComp,D9F0C3193820468A97BD76260565103A
0887E34CF0905BF4683941D094BA67D5,The connect point is unattached.,,2,1,1,5,C67509544B54D5060A7EAE7CBB1667B1,1CE4D496B0B549A8E774CBBA9496C13A,,,,,,PipingComp,,64BAF0523BD0EBA2719E81173A0AA56D
3D94874CD1CC4705009390B9BD405639,Pressure(20) Is Not = Pressure(25),ProcessDesign.Max.Pressure=ProcessDesign.Max.Pressure,1,1,1,5,EC292D560DA82ACD6C847FF28CA7BFD2,B01E328742A3686555F8B86A6E5395EC,FB7F4F36DA1B546B296812BBFF87D95F,,,"8""-FG-U170-5044-A1","4""-CW-U170-6309-B2",PipeRun,PipeRun,FEBE2715D378C22F880205573EA4893C
6C4418333DDD3A095DADA9F009F23ED2,Pipe Line T O(A) Is Not = Pipe Line T O(B),PipeLineTO=PipeLineTO,1,1,1,5,C654EAD9FBA277BBD42EE858E7F60070,F5CD23D57A02FC98C147DCFB4E3A3741,F4E514766EC7AE286BF2A474B274A381,OPC-5246,,,"6""-CW-U140-7494-B2",,PipeRun,D9F0C3193820468A97BD76260565103A
19819F40DB1650E5E187BBAD65CAADCF,Cannot evaluate consistency,,6,2,1,5,CEB62D4CAAAF04F8A4912A5C1E201C48,C6273D0B65E711F86E2BF44488EBFDFA,,,,,,PipingComp,,096059B5100DF4E1C33DE2437345E3F0
DAA79ED8D33EDFAB9D0628603B62DC12,Cannot evaluate consistency,,6,1,1,5,AD30B5093008D7E1C969D33AAA9529CF,3172210EBC8D1EEBC8373CEE769F44B7,,,,"3""-SW-U110-6117-C1",,PipeRun,,64BAF0523BD0EBA2719E81173A0AA56D
46264AA56CAE4A4E09CD2A299389E9BC,The connect point is unattached.,,2,1,1,5,B28529F9BDDAE996DC661E392493AA84,8B8DBB3F3D1DF9BE542A5350461276A0,,,,,,PipingComp,,096059B5100DF4E1C33DE2437345E3F0
FCBF81DE05446BC585B721579D9DC694,Nominal Diameter(A) Is Not = Nominal Diameter(B),NominalDiameter=NominalDiameter,1,1,1,5,A31D08ECA435F7F0C91AE9A1FB1D53A9,2F10301ECEF389C37F2CC0A6BEF82042,DB7E76F15C747F6F45BA505B3F3ABCBA,,,"2""-FG-U100-7561-B2","6""-P-U100-9172-A1",PipeRun,PipeRun,096059B5100DF4E1C33DE2437345E3F0
D6060BB22E5396E0B35DA4668E17F35F,Nominal Diameter(null) Is Not = Nominal Diameter(10),NominalDiameter=NominalDiameter,1,1,1,6,83E64D40A7A72B1B18B15C75E0806435,A5A37487B50DB4032ECE97DD4F9FFC27,5FE43C7DC43DE4AD76EB0EC23BC77824,,,"2""-FG-U100-2033-C1",N13,PipeRun,Nozzle,096059B5100DF4E1C33DE2437345E3F0
5516E852933B2AA85DE7110F64599AC5,Supply By(20) Is Not = Supply By(25),SupplyBy=SupplyBy,1,1,1,5,B2B85521054FADE48E3FE7341D0D79BD,49435E3F6BB783C2FC611C4A29C2B0BC,42922EFC1B2ED487D838D20D8D2D93C8,,,,"4""-SW-U100-8871-B2",PipingComp,PipeRun,096059B5100DF4E1C33DE2437345E3F0
0D9290C4B4A45E7B234D2CF106C606BC,W B S N O(20) Is Not = W B S N O(25),WBSNO=WBSNO,1,2,1,5,6151546FAEC5D02EC2BD91CBFCE85343,06E55DD8A33AEDB8DECDEE3956AF8372,C2460F3951D73C9584B2ACFD86D1D65D,,,"3""-CW-U100-7930-A1","3""-FG-U100-7695-C1",PipeRun,PipeRun,096059B5100DF4E1C33DE2437345E3F0
C6A9134C88F581E0F6659DAF132D50BD,Stream No(null) Is Not = Stream No(1001),StreamNo=StreamNo,1,1,1,5,E1DDA8ADB089448852586F3BD32EF577,CDE264E89B29F2D91A4CE7361727C070,491F973B6DEAAD69072DF7AF40A53B1E,,,"4""-P-U170-7377-A1","2""-SW-U170-3498-A1",PipeRun,PipeRun,FEBE2715D378C22F880205573EA4893C
36A4BA54C42DD0BC1A43B6411D1A74CE,The connect point is unattached.,,2,1,1,5,331E6C2270DCE687D4EA54A3CDA45B66,83A37D8970439395A77C4FB4078C7AB4,,,,,,PipingComp,,64BAF0523BD0EBA2719E81173A0AA56D
0A92EFE7DBE81BA1F8AEC46283CC2667,Nominal Diameter(P) Is Not = Nominal Diameter(N),PipingPoint1.NominalDiameter=NominalDiameter,1,2,1,5,91EEA5772E67B7E9C5C69716C5642BEA,608D903E55C0AB47FF5097E507971390,890AA58CB845E99988217FFA4D41EE90,,,"8""-CW-U100-9359-A1","8""-N2-U100-1610-C1",PipeRun,PipeRun,096059B5100DF4E1C33DE2437345E3F0
4A7F76BD5442AD21144E79E9260F3C52,Pipe Line T O(P) Is Not = Pipe Line T O(N),PipeLineTO=PipeLineTO,1,1,1,5,18A21E6DEAED6CF69C7A0F693E18F8F6,B7E939E70F0679F42DA0AA06E3B30AF3,EF6DA90475DA87E16FC70FA256B3C476,,,,"2""-P-U120-7111-A1",PipingComp,PipeRun,C00FC3A0FFB871F69522C7C9D3CA4128
A857A130341DE1AA8C157B624D9F6EE8,Cannot evaluate consistency,,6,1,1,5,6291B69CCDBF5D0F638861CC79DA3744,14B1D71A5B0E83A04FACB2C5F78013A8,,,,,,PipingComp,,096059B5100DF4E1C33DE2437345E3F0
33D3E2BD36B81648A615F90713D2E59F,Nominal Diameter(null) Is Not = Nominal Diameter(10),PipingPoint1.NominalDiameter=NominalDiameter,1,1,1,5,83E64D40A7A72B1B18B15C75E0806435,6BBB8E0438352E54B95A34D444306197,B30A1696D68AB66E6025F4B62FF6E21C,,,"2""-SW-U100-6975-B2","2""-FG-U100-9927-C1",PipeRun,PipeRun,096059B5100DF4E1C33DE2437345E3F0
E77517CE10E50CC3FBABAB833D98DDB9,Fluid System(null) Is Not = Fluid System(10),FluidSystem=FluidSystem,1,1,1,5,B895CE1C3B8F71B260A922BB8629A63D,3308E783EF0065B42F1BB5A5B90B96AA,EE34FA5754047C49894E59C1DD4613AB,,,U190-SIG-4419,"2""-P-U190-5572-B2",SignalRun,PipeRun,6D8BB49801DABF0F53249CDAD1D1A8C3
B4546B31DFF86236B86198AAA855EA59,Fluid System(null) Is Not = Fluid System(10),FluidSystem=FluidSystem,1,1,1,5,C67509544B54D5060A7EAE7CBB1667B1,0A1C6BB784282A6943DC8003F0440CC1,CA7A7FFBA2C108257278A4204C92160A,,,U110-PT-4652,"3""-P-U110-4673-B2",Instrument,PipeRun,64BAF0523BD0EBA2719E81173A0AA56D
B2F230127DC36E45AB566F3CAE684F48,Pipe Line F R O M(10) Is Not = Pipe Line F R O M(null),PipeLineFROM=PipeLineFROM,1,1,1,5,F12F76029BAACE8FDD84CE7B4517354C,6F883CCC6E451F54CA7E870749ECA0D1,6F3B03A2748AF5A7513529ECD1E63FCD,,,"4""-FG-U100-7335-A1","8""-FG-U100-6278-A1",PipeRun,PipeRun,096059B5100DF4E1C33DE2437345E3F0
3CD65EB9F85FB4873D3B5A244A4E6355,Tag Sequence No(A) Is Not = Tag Sequence No(B),TagSequenceNo=TagSequenceNo,1,2,1,5,0392DEA5879E192324B03DD24ABE0A4B,EED3D5A857BE6881CBD5D123D4F7822D,926CC0154CB3224A192E6C3BAC9A4D7C,,,U100-FT-9082,"4""-FG-U100-4799-C1",Instrument,PipeRun,096059B5100DF4E1C33DE2437345E3F0
12C6616FE30062EE1FCC9FEDE97F1388,Temperature(A) Is Not = Temperature(B),ProcessDesign.Max.Temperature=ProcessDesign.Max.Temperature,1,1,1,6,88CF47B80E7B23F78DB45AEAF7014E6D,E2550C5F0E16E7C37AA491570C04A8FF,A965331BBC44E9F15CA7A75C468DDB7A,,,"8""-SW-U100-3301-C1",,PipeRun,PipingComp,096059B5100DF4E1C33DE2437345E3F0
9672BA26FAF9E0D63695A846215C751F,The connector endpoint is unattached,,5,1,1,5,C2DF5D56839629AFC8F152541A0C3236,D4A50691D7BE4A29EB0FBB3B266B7A08,,,,U120-SIG-3932,,SignalRun,,C00FC3A0FFB871F69522C7C9D3CA4128
1B84BADEF34ECC31393FBFB87BA95C6A,The connector endpoint is unattached,,5,1,1,4,91EEA5772E67B7E9C5C69716C5642BEA,57EFE462654A727B32A5FD6ED44FC512,,,,U100-SIG-6299,,SignalRun,,096059B5100DF4E1C33DE2437345E3F0
62587543CB5289272C395E644F1E282E,The connector endpoint is unattached,,5,1,1,6,A25DF03839C936FE596C93845E564096,1CA07538FB24A5894CE2FBBD2A0770D9,,,,U100-SIG-6746,,SignalRun,,096059B5100DF4E1C33DE2437345E3F0
CB3B304E9D56509907B1C4939881017C,Cannot evaluate consistency,,6,1,1,5,AD30B5093008D7E1C969D33AAA9529CF,B635954572ED3ABFB56713F50F0B8142,,OPC-8026,,,,,,64BAF0523BD0EBA2719E81173A0AA56D
A503C584B68145E308AE2A24D7C4C992,Pressure(P) Is Not = Pressure(N),ProcessDesign.Max.Pressure=ProcessDesign.Max.Pressure,1,1,1,5,51629E19B54AE62FCF3CDDC55AE9712C,F3B0AE8DFAA2660AC0CD4A488D798BD4,F73012E01C5AC5C9E578073AA13BAA51,,,U110-FT-3083,"2""-P-U110-3049-C1",Instrument,PipeRun,64BAF0523BD0EBA2719E81173A0AA56D
259B8426F29C5F69522F39C724D432C5,The connect point is unattached.,,2,1,1,4,F2DE2AE17F901C2864FF84814A155A7C,E70E6EF694AF0C8906BF9F902FC3C322,,,,,,PipingComp,,64BAF0523BD0EBA2719E81173A0AA56D
0CB88D1D7117027A7ADE1BCEAE9946D0,Tag Sequence No(A) Is Not = Tag Sequence No(B),TagSequenceNo=TagSequenceNo,1,2,1,5,83E64D40A7A72B1B18B15C75E0806435,9544B57F8197E4652662FD67A241985A,1A59C0C237090CA97B109F822FF2B457,,,,"3""-SW-U100-3398-A1",PipingComp,PipeRun,096059B5100DF4E1C33DE2437345E3F0
7856F699339E48664AB951A3DE8D08D7,Stream No(20) Is Not = Stream No(25),StreamNo=StreamNo,1,1,1,5,F370DC56EA1934EF8CF54DCF2025926E,23BA6DAD5C6A917CD7A711B1C5BD6276,21995D0FF20A97BE58DEA3A8CB360DB5,,,N6,"8""-SW-U100-3230-A1",Nozzle,PipeRun,096059B5100DF4E1C33DE2437345E3F0
DCA46851D301ADEE5A72ABBC98D9830C,Oper Fluid Code(10) Is Not = Oper Fluid Code(null),OperFluidCode=OperFluidCode,1,1,1,5,CAA0E95F4CACCEAF189EA18045867A3D,E3C1256517519A64BF50BE7F6C59222B,2F4E0ADD902E4F74E8049FD04C124A3B,,,"3""-SW-U110-9690-A1",N8,PipeRun,Nozzle,64BAF0523BD0EBA2719E81173A0AA56D
CA52354CAD18213B4BE733C57F451E42,The connect point is unattached.,,2,1,1,5,31F2B23DC0CB8E544F3DB51681E47C4B,880AD5CDF78B2D7176FA8141C5009AD9,,,,,,PipingComp,,64BAF0523BD0EBA2719E81173A0AA56D
393529E7BFD9B14A2A3FD39A1A3736AC,Supply By(10) Is Not = Supply By(null),SupplyBy=SupplyBy,1,1,1,5,FC14EF1DD2710425786CCE66BFF4081A,1F1EA2BD2FE84C7058D55F2767FB7065,87178EEBB42A67093CF2637601A0D3A9,,,"3""-SW-U120-5743-B2",N2,PipeRun,Nozzle,C00FC3A0FFB871F69522C7C9D3CA4128
DDFA5970FD9972180924614024C56E38,The connector endpoint is unattached,,5,1,1,5,5666596060ECE59F65B4EDF64AB413A3,C7D45FB906F80ECDAFA9D2286830BAA6,,,,U120-SIG-2701,,SignalRun,,C00FC3A0FFB871F69522C7C9D3CA4128
2691F9F2AA3E5AB74559C69F13436274,The connect point is unattached.,,2,1,1,6,91B3CEF29D8CA4ADC7CAEE80A0D21D62,EC7816FB023929577943349C1BE842EC,,,,,,PipingComp,,D9F0C3193820468A97BD76260565103A
68EE84ED8C4BD30611DBB0E8B6DC3F74,Temperature(A) Is Not = Temperature(B),ProcessDesign.Max.Temperature=ProcessDesign.Max.Temperature,1,2,1,5,601351B316B14DC2F37D75025FEF4ADC,92ED67218AE2DD0AEE6C8F889EED80D5,5AB4920B9BC59CE60A77A8544F6D9AA8,,,"8""-FG-U110-4205-C1","4""-SW-U110-7222-C1",PipeRun,PipeRun,64BAF0523BD0EBA2719E81173A0AA56D
79A070F68B1D6C09D888B8C1483B1644,The connect point is unattached.,,2,1,1,7,CDD400CD096C474D65570ECB7DF03B90,8CE32BD0812EA74046F7415009ECE4E0,,,,,,PipingComp,,64BAF0523BD0EBA2719E81173A0AA56D
565990C562D52B293B77F289439642DD,Oper Fluid Code(null) Is Not = Oper Fluid Code(1001),OperFluidCode=OperFluidCode,1,1,1,8,F080BF4D39D055F1BF81027E490635FB,864E22D83DB55319418F9596DC2947CD,E7C93163AB9C7442B3BF8A886286685D,,,"4""-CW-U110-9471-A1","2""-CW-U110-5073-B2",PipeRun,PipeRun,64BAF0523BD0EBA2719E81173A0AA56D
8FA4A7DF97D59AD21957211764057CDC,The connector endpoint is unattached,,5,1,1,4,51629E19B54AE62FCF3CDDC55AE9712C,2BC795CF2D6FE0AF26284A3437E28172,,,,"8""-SW-U110-2079-B2",,PipeRun,,64BAF0523BD0EBA2719E81173A0AA56D
67240AED7ACCD721F0BB96A6A3A1D8B3,Fluid System(null) Is Not = Fluid System(1001),FluidSystem=FluidSystem,1,1,1,5,E15256FAA45EC091B655987D74573B3E,613BBF48B1DF8C73F0AFACBC7D4C4BEF,E5B6A766640B07FA008195811B684C6B,,,"2""-SW-U110-7250-C1",U110-LT-9924,PipeRun,Instrument,64BAF0523BD0EBA2719E81173A0AA56D
B14C642E676142ACFB036165235BBC32,Cannot evaluate consistency,,6,1,1,5,48ED1B18D83678C5AE1D0C63E17E0D06,72BB43DDCBB00CB42052A5ADB1884FBD,,,,,,PipingComp,,A6E500CA1BC9D6D1043E4F2EE6CC6F78
E31FDD7EFD53536F12EF9351EA614FBA,Stress Analysis Reqmts(20) Is Not = Stress Analysis Reqmts(25),StressAnalysisReqmts=StressAnalysisReqmts,1,1,1,5,F370DC56EA1934EF8CF54DCF2025926E,9334917DAC7C0DD829070918B98C0C9B,86EB5310417933A8DA3D32009B06BB65,,,"6""-SW-U100-2731-C1","2""-P-U100-2074-A1",PipeRun,PipeRun,096059B5100DF4E1C33DE2437345E3F0
A744CEB70E5088A38D5B61B00B637159,The connect point is unattached.,,2,1,1,5,836E6A85884EDA475926ABE1EE072B87,3BAB9BAE4B735C92355A3070DE236CF2,,,,,,PipingComp,,096059B5100DF4E1C33DE2437345E3F0
F85461D8CE3BCDBAD68E6BA7F8F7B9C6,The connect point is unattached.,,2,2,1,6,09B849AEED982B62E9F3EE29EDEEC671,46EFB6E2D787FF99B1B878F76E3DA0D9,,,,,,PipingComp,,096059B5100DF4E1C33DE2437345E3F0
50BA04044C3137362BA53694600C517A,The connect point is unattached.,,2,2,1,5,E1DDA8ADB089448852586F3BD32EF577,A00008695B982895F043872B74026DB5,,,,,,PipingComp,,FEBE2715D378C22F880205573EA4893C
95252E85B0B79FEAD081BDEB2233CA11,The connector endpoint is unattached,,5,1,1,5,5666596060ECE59F65B4EDF64AB413A3,5918CF6C6C8C2F88753C43930AAFDDEC,,,,"3""-CW-U120-7425-B2",,PipeRun,,C00FC3A0FFB871F69522C7C9D3CA4128
7A59A5FD2C51D919B092E8730FF5DBB7,The connect point is unattached.,,2,2,1,5,6040BC346C6FDD3461209D95E733310F,0F1516BD45CA4252CCD233FEB03DC08B,,,,,,PipingComp,,C00FC3A0FFB871F69522C7C9D3CA4128
D9F536F3B93BC01F2970BF21C6B79CE9,Tag Sequence No(10) Is Not = Tag Sequence No(null),TagSequenceNo=TagSequenceNo,1,1,1,5,F26EA8DCAC4FF2ADCAF98D70A22BDE36,0FB58CD219BF1DDE70FD8AE145C66B9F,7525BE4092A622880BDB98906E6E74C7,,,"2""-N2-U100-6838-A1","6""-N2-U100-9603-C1",PipeRun,PipeRun,096059B5100DF4E1C33DE2437345E3F0
6207D912B76ACED19CEDD1B14E8E29B1,Supply By(10) Is Not = Supply By(null),SupplyBy=SupplyBy,1,1,1,5,AED5A2B3BDE999F4FBD39B4768585C9B,D787DA6108F3857CC2FA2958FFC27CC4,AB66D7D6A9193CB3DA19D54EEFF28D92,,,"6""-CW-U100-2091-A1","8""-N2-U100-1525-B2",PipeRun,PipeRun,096059B5100DF4E1C33DE2437345E3F0
B2EA87CD54B630B127B85A80EF9213BC,Oper Fluid Code(10) Is Not = Oper Fluid Code(null),OperFluidCode=OperFluidCode,1,2,1,5,1A309918F041827BE1FA5F5984EC1520,36E769F70EF00E70D82453F922E3A025,04392755A4DE1FC0E631899506CDE350,,,U120-PT-6163,"4""-SW-U120-9336-C1",Instrument,PipeRun,C00FC3A0FFB871F69522C7C9D3CA4128
464B5210212DF213EE2FD78E969CE63E,Insul Purpose(null) Is Not = Insul Purpose(1001),InsulPurpose=InsulPurpose,1,1,1,5,C17051500E11127721BC90AA1D5E74AA,337AF50D2ABA9C3CAD62E9F21F40C428,D33BD262FE0F9FAEB12B498F90D1C8F5,,,"4""-N2-U150-1492-A1",,PipeRun,PipingComp,01DE7FEE8D4CBFB143281F4BD48C69EC
08D8AF577B4F8E424C6A1678C363C644,The connector endpoint is unattached,,5,1,1,5,7D71DEDB49CC172EDC86477D5C65FF76,CF4B8FEBD65942BD7AB171419C6350F6,,,,"2""-N2-U100-4429-C1",,PipeRun,,096059B5100DF4E1C33DE2437345E3F0
11CE165BC04D1428E5956EC664DCA33C,The connector endpoint is unattached,,5,1,1,5,C67509544B54D5060A7EAE7CBB1667B1,579BAEB932B6C34F3042A2F19222D506,,,,"2""-SW-U110-6976-C1",,PipeRun,,64BAF0523BD0EBA2719E81173A0AA56D
FF4C399A53BAB807DA9B56C3DA4CC108,The connector endpoint is unattached,,5,1,1,6,C2DF5D56839629AFC8F152541A0C3236,31221F48EFCBEAFE1218F93DABAFD435,,,,"3""-P-U120-4357-A1",,PipeRun,,C00FC3A0FFB871F69522C7C9D3CA4128
D46C6713C7940D2CEEAC06E7D9E9A819,Tag Sequence No(A) Is Not = Tag Sequence No(B),TagSequenceNo=TagSequenceNo,1,1,1,6,0513CF21984165B8C06AAF0261AFC036,0092E3192FD8CFDF94D77368DB0864BA,C4C52B31EE22D58A46FDF61A9229AEA1,,,"8""-SW-U100-3921-B2","3""-CW-U100-8457-C1",PipeRun,PipeRun,096059B5100DF4E1C33DE2437345E3F0
B27E2715F9F228CAC45967DB8D72DB8A,Cannot evaluate consistency,,6,1,1,6,F56C6C5546336B45BF46D41F257BA3AF,1AA43D0DAAC970CE5ADE7781D3EC488F,,OPC-3960,,,,,,6D8BB49801DABF0F53249CDAD1D1A8C3
B2E3B777871FF37477BF2601B4D920BB,Pipe Line T O(20) Is Not = Pipe Line T O(25),PipeLineTO=PipeLineTO,1,1,1,8,B895CE1C3B8F71B260A922BB8629A63D,CD301B5C637F29C48653A8414A3F2965,99EA8BFD2581AA4B904E988ABA99933E,,,"8""-P-U190-6874-A1","3""-FG-U190-9479-C1",PipeRun,PipeRun,6D8BB49801DABF0F53249CDAD1D1A8C3
77795EC409209E635415B9FDFE4DBAB3,Tag Sequence No(20) Is Not = Tag Sequence No(25),TagSequenceNo=TagSequenceNo,1,1,1,5,C2DF5D56839629AFC8F152541A0C3236,DE581DAE93C6C5FCF77684515B58EFDB,8784595537A5108927933369157CC313,,,"4""-N2-U120-9170-A1","3""-FG-U120-9021-C1",PipeRun,PipeRun,C00FC3A0FFB871F69522C7C9D3CA4128
1A9E2BEC2C24836859C11CE909F312C7,Nominal Diameter(null) Is Not = Nominal Diameter(1001),PipingPoint1.NominalDiameter=NominalDiameter,1,1,1,8,FC14EF1DD2710425786CCE66BFF4081A,122F53D27AEE2D1F2A9F90A6DE57D28E,DB350B0CF130C2157D4A872D1A40CA55,,,"4""-N2-U120-6906-B2","3""-FG-U120-5525-A1",PipeRun,PipeRun,C00FC3A0FFB871F69522C7C9D3CA4128
0ABFE8379363E4B7047F3750CB9DA5F7,Piping Materials Class(20) Is Not = Piping Materials Class(25),PipingMaterialsClass=PipingMaterialsClass,1,1,1,7,A31D08ECA435F7F0C91AE9A1FB1D53A9,85E1FD173A7FF8E40E153BC74775DBFD,3F837FC2CF646DC931152730A6CCB42E,,,"2""-P-U100-8035-A1","4""-P-U100-3443-B2",PipeRun,PipeRun,096059B5100DF4E1C33DE2437345E3F0
E1CF6C0C550F35212937640300D94ED4,The connect point is unattached.,,2,1,1,5,1414C58300B531C882559B0BBC7E71CE,4C1DF58363C046CBFCBCE73F5C473058,,,,,,PipingComp,,C00FC3A0FFB871F69522C7C9D3CA4128
F0D4836BA9906BBCD28F2DCAD456ECE4,The connect point is unattached.,,2,1,1,5,7A2DA80AC82E10C52551B5650E18A057,8F96B44B651C4D4772547ED5D47EB22E,,,,,,PipingComp,,64BAF0523BD0EBA2719E81173A0AA56D
81D2695D49456DFEBD74B66557B6A6AD,Pressure(10) Is Not = Pressure(null),ProcessDesign.Max.Pressure=ProcessDesign.Max.Pressure,1,1,1,6,5BDD1E68CB7DF33559C65C4A568F3849,08518FC7B564FF9744473921B4B2A136,3DFF8372C68756316CF424DFDA2512A2,,,"4""-N2-U100-9082-A1","4""-CW-U100-3567-A1",PipeRun,PipeRun,096059B5100DF4E1C33DE2437345E3F0
1BFC4E3817955011E5C74A42B3274943,Oper Fluid Code(null) Is Not = Oper Fluid Code(1001),OperFluidCode=OperFluidCode,1,1,1,7,6C98AAC7903FD017DAC559B0E9B9CCE5,96C215BA38F161F2366C62D841165061,938C6D23B373D412106A140E94DF9121,,,"6""-CW-U160-4109-C1","4""-P-U160-1867-C1",PipeRun,PipeRun,01D6B91D5D07C07D22E70FD0038D63D4
DCF2A8923EA383C0DADD3548814083FC,The connect point is unattached.,,2,1,1,5,4CC32D1A4B0ACD87A921C4FBB4A33FE5,536BA8D1583C69FE8A19B2322595B1EB,,,,,,PipingComp,,A6E500CA1BC9D6D1043E4F2EE6CC6F78
284F2AD77A69DE390F926BAA832097A2,The connect point is unattached.,,2,1,1,8,C654EAD9FBA277BBD42EE858E7F60070,4F34607EF49ED6F991385A834FB5FAC0,,OPC-5685,,,,,,D9F0C3193820468A97BD76260565103A
C129723E4F174EF15561AB943F224AF5,Tag Sequence No(null) Is Not = Tag Sequence No(10),TagSequenceNo=TagSequenceNo,1,1,1,5,4D9F984D0ACCA97707860A010D4EB267,1BAAA93F2E86A77BC6CD4062EC7CE504,9BA137F6A38D62F63A7BE8A9D679FC6D,OPC-6479,,,,,PipingComp,096059B5100DF4E1C33DE2437345E3F0
2B9D4D791C205FEFCDAD97942F2B312E,The connector endpoint is unattached,,5,1,1,7,F26EA8DCAC4FF2ADCAF98D70A22BDE36,8F0DEAAF87228EDEBD7AC9ECB488383F,,,,U100-SIG-5327,,SignalRun,,096059B5100DF4E1C33DE2437345E3F0
5C4449D2082F8A11C30D8A71338915DB,The connector endpoint is unattached,,5,1,1,5,802EAA99A3004FC950D9B1E348DBF83A,A454D2A9D7998F3BC9B1FD4D21AE99D3,,,,"2""-SW-U120-9901-C1",,PipeRun,,C00FC3A0FFB871F69522C7C9D3CA4128
E4CB7655EE85DEDC9FA426721C6CC6DA,The connect point is unattached.,,2,2,1,5,C17051500E11127721BC90AA1D5E74AA,134CED1D0A7171FB178ECC2D581C5064,,,,,,PipingComp,,01DE7FEE8D4CBFB143281F4BD48C69EC
48D49EC63F22777C221BD132AE257D00,W B S N O(null) Is Not = W B S N O(10),WBSNO=WBSNO,1,1,1,4,FC14EF1DD2710425786CCE66BFF4081A,FB0F14F07D68BFA95F65A673710684F2,E183DF6A35A1BBE31773E25B86A3ABBD,,,"4""-CW-U120-8020-B2",U120-FT-8096,PipeRun,Instrument,C00FC3A0FFB871F69522C7C9D3CA4128
7867879D3146CB948C3B9ECAE8080786,The connector endpoint is unattached,,5,1,1,6,AED5A2B3BDE999F4FBD39B4768585C9B,18999658C35501516420B01AC0C2906E,,,,"4""-CW-U100-5237-C1",,PipeRun,,096059B5100DF4E1C33DE2437345E3F0
A0715FE597DEBE8C06C81E687C8693EC,Fluid System(P) Is Not = Fluid System(N),FluidSystem=FluidSystem,1,1,1,5,C488662F969F34058A82ECE077975BE5,02A62A7212AEE693EE57FD216091F2B7,D054FF4B2FE6CBE7E0F33F94EC779738,,,"8""-P-U100-1089-B2",U100-P-1619,PipeRun,Mechanical,096059B5100DF4E1C33DE2437345E3F0
5315D2784757E79DD635030641D21D9A,Piping Materials Class(A) Is Not = Piping Materials Class(B),PipingMaterialsClass=PipingMaterialsClass,1,1,1,5,8D9EA7A943C4B5E2EABAF8FD0FA8E4D0,35A718CD01709FC410C47088B28F71C7,9764B8E26F815038D341C5737FEE41F9,,,"6""-SW-U100-8812-A1","4""-P-U100-2223-A1",PipeRun,PipeRun,096059B5100DF4E1C33DE2437345E3F0
1BE755EBA8DF866A6275BAEDA377FA53,Temperature(P) Is Not = Temperature(N),ProcessDesign.Max.Temperature=ProcessDesign.Max.Temperature,1,1,1,5,FD17C4EE856A5A9FC879CF837029BC67,26914CEBED923F86DD28AC9054AF057B,CFB1F1B5B5EE9BB88748EC5D23674204,,,"4""-SW-U110-5720-A1",,PipeRun,PipingComp,64BAF0523BD0EBA2719E81173A0AA56D
768E13F015EE7B86F1D374AB683A13D9,Tag Sequence No(20) Is Not = Tag Sequence No(25),TagSequenceNo=TagSequenceNo,1,1,1,5,2B3958935C502A5BD6014003ADE8BF45,A1E31AC10A517A1D60859F115DD3DCE3,6A729FD51422A51D39D9E4C58B6D95E5,,,"6""-SW-U100-6060-A1","6""-SW-U100-6652-A1",PipeRun,PipeRun,096059B5100DF4E1C33DE2437345E3F0
0808F0E8DFD1CCEF292507D5B7733FD6,The connector endpoint is unattached,,5,1,1,6,5CE832F931E8204D03655B818C0A3040,EB94C35A370A3F58635AAC3C3F3ECBDD,,,,U120-SIG-5297,,SignalRun,,C00FC3A0FFB871F69522C7C9D3CA4128
281A593062103AE3A70EAF16158BCD82,Fluid Code(A) Is Not = Fluid Code(B),FluidCode=OperFluidCode,1,1,1,5,F7420B7B394FA160BA6FCD82B8DBE0A7,21026D324734EF202DBF3C6E1FD3339F,7DD8826EE2726474AA46C50D5BAA9A8D,,,U100-SIG-3458,U100-P-4413,SignalRun,Mechanical,096059B5100DF4E1C33DE2437345E3F0
735B3EBEB3FE4B2BA54E716B6E0ADD0C,Tag Sequence No(10) Is Not = Tag Sequence No(null),TagSequenceNo=TagSequenceNo,1,1,1,7,B4B5465F032446E39CAF2FC0618AB582,8A9FF297EAC97BBF867F7110BA462486,13954F5D2F5A625602A40BCA4C9AD5C0,,,"2""-SW-U110-7139-C1","4""-CW-U110-8937-B2",PipeRun,PipeRun,64BAF0523BD0EBA2719E81173A0AA56D
FFC0858B2888109396C6A84C227BB163,The connector endpoint is unattached,,5,1,1,5,39AC202C5FADAB3D6A6DB0EC72C695F4,FA3C62CD5A3432D5E3A69EAF796D259D,,,,U110-SIG-5886,,SignalRun,,64BAF0523BD0EBA2719E81173A0AA56D
36F61FB666CBF4902C17C74ED45FA5FF,The connector endpoint is unattached,,5,1,1,5,F2C33F26034A081939818F17C4DB57E2,A90B42859E3993DAF443D52ABBFF4263,,,,"2""-FG-U110-3403-B2",,PipeRun,,64BAF0523BD0EBA2719E81173A0AA56D
249C859DCFDAFEB1156E62C2BA9A0A7F,Piping Materials Class(10) Is Not = Piping Materials Class(null),PipingMaterialsClass=PipingMaterialsClass,1,1,1,5,09B849AEED982B62E9F3EE29EDEEC671,46A72B9F9DFFB9B9FCA44D27A5DE1E67,C285BD126EB638B110D5B349EB3BCAD5,,,U100-FT-4962,"6""-SW-U100-4377-A1",Instrument,PipeRun,096059B5100DF4E1C33DE2437345E3F0
F12AD23BBF97E2586D6E60432ADF0CC3,Pressure(A) Is Not = Pressure(B),ProcessDesign.Max.Pressure=ProcessDesign.Max.Pressure,1,2,1,5,CAA0E95F4CACCEAF189EA18045867A3D,3B7B5F9B78B87C2C1DE2E1EA49DC8289,070B466E1B9777F37E8185C06BB0D61A,,,U110-TT-5297,"3""-P-U110-6808-B2",Instrument,PipeRun,64BAF0523BD0EBA2719E81173A0AA56D
05CED0830C0E8177549C96048BDEE70C,The connector endpoint is unattached,,5,1,1,5,FC14EF1DD2710425786CCE66BFF4081A,0F6EC0132332374ED94A010F205F7967,,,,U120-SIG-9029,,SignalRun,,C00FC3A0FFB871F69522C7C9D3CA4128
D5B46B861BCDC7371FC161A51434CD76,Tag Sequence No(10) Is Not = Tag Sequence No(null),TagSequenceNo=TagSequenceNo,1,1,1,5,B4B5465F032446E39CAF2FC0618AB582,C09A24C3A7271A98C8FAD353167A4758,98529269B29497485B6B2F85BA24C5FB,,,U110-PT-8677,"3""-CW-U110-8290-B2",Instrument,PipeRun,64BAF0523BD0EBA2719E81173A0AA56D
7478EC98FB238C9F79368BCB0F7A648A,Supply By(A) Is Not = Supply By(B),SupplyBy=SupplyBy,1,1,1,7,2C40CF630AC632F98E96A0667C2F315B,29CE3449CA7B324D47AC6968BB9BA515,F0B8D8454C1A7DACDB80FE3B594207E8,,,"4""-FG-U110-1442-A1","3""-CW-U110-4379-A1",PipeRun,PipeRun,64BAF0523BD0EBA2719E81173A0AA56D
E03481EF17904B9A452D3138536EE1F1,Fluid System(20) Is Not = Fluid System(25),FluidSystem=FluidSystem,1,1,1,7,DECE41AFF321975732B0ECB8FD1DA38D,06B5C668700C025C687759FCDEA26E3D,E87B25A767F8A04A0131A501C31BD6A8,,,"4""-P-U140-7524-A1",N19,PipeRun,Nozzle,D9F0C3193820468A97BD76260565103A
9349C55227D288E931A3201E403FD35E,Tag Sequence No(null) Is Not = Tag Sequence No(1001),TagSequenceNo=TagSequenceNo,1,2,1,5,F2C33F26034A081939818F17C4DB57E2,52543135A2923FB8B0E8DC671B78FE9A,3CCA74452041E1AC4AA51F462C45FFFA,,,,,PipingComp,PipingComp,64BAF0523BD0EBA2719E81173A0AA56D
C2269765E33C5289AF429823D9BE16CE,Tag Sequence No(A) Is Not = Tag Sequence No(B),TagSequenceNo=TagSequenceNo,1,1,1,5,6291B69CCDBF5D0F638861CC79DA3744,D49875B6765D829BE711A48DD8A70C2F,49B13DC0470CB9C30F47C373399DD3BB,,,U100-SIG-5153,U100-FT-7284,SignalRun,Instrument,096059B5100DF4E1C33DE2437345E3F0
91D88A773D8EBA6F60CCA5C496A11ADE,Insul Purpose(P) Is Not = Insul Purpose(N),InsulPurpose=InsulPurpose,1,1,1,6,9DEE39D15FEDC88A61A9009654CCBDEB,FC1B22206663634DDD52C4F5B3B1EC4D,6529B60F4A509DA48DDA53CF32C2FE00,,,"4""-FG-U110-3785-C1","3""-FG-U110-7016-C1",PipeRun,PipeRun,64BAF0523BD0EBA2719E81173A0AA56D
CD68013A6C5BDFD593779374FAD0E178,Piping Materials Class(10) Is Not = Piping Materials Class(null),PipingMaterialsClass=PipingMaterialsClass,1,1,1,5,F2C33F26034A081939818F17C4DB57E2,562F89392E926F76E3987757CE92D563,D6CD44E658CDF9EFAD13A6F3D8560A18,,,"8""-FG-U110-3063-A1","4""-N2-U110-7674-B2",PipeRun,PipeRun,64BAF0523BD0EBA2719E81173A0AA56D
E20032E86EDB008463DE377417435123,Fluid System(P) Is Not = Fluid System(N),FluidSystem=FluidSystem,1,1,1,4,AD30B5093008D7E1C969D33AAA9529CF,5AB7BE6807801C28FCEE413C00104980,939492B7EC1E17BCCA23AF697D6CB634,,,"6""-CW-U110-9028-C1","6""-N2-U110-9038-C1",PipeRun,PipeRun,64BAF0523BD0EBA2719E81173A0AA56D
86979962006D86850E0A82C2C2D4DF46,The connect point is unattached.,,2,1,1,5,2BB50D1DBD2C9927FA72B10F09A4CEF2,EFA30085D6F8C0355B385D78F0E07EDD,,,,,,PipingComp,,64BAF0523BD0EBA2719E81173A0AA56D
5A071222A72BF91E7F99DA0F92AFC75F,The connector endpoint is unattached,,5,1,1,5,F2DE2AE17F901C2864FF84814A155A7C,0A151E1006713A630C2113CCAC1485A0,,,,"3""-P-U110-7808-A1",,PipeRun,,64BAF0523BD0EBA2719E81173A0AA56D
599BA2502E4452FADB4FE7D07DEDA86D,The connector endpoint is unattached,,5,1,1,4,A9058D04C51DCEE9A160B1C6F5571F86,26BF943F0282A1439602C7317AC1AE31,,,,U100-SIG-8743,,SignalRun,,096059B5100DF4E1C33DE2437345E3F0
6F876811F521D7667D049BBFAD34DD43,Temperature(P) Is Not = Temperature(N),ProcessDesign.Max.Temperature=ProcessDesign.Max.Temperature,1,1,1,6,255FA027667D5CD05424BDA0F6F0F415,706621839946B918B945CB4437EE80C5,3955B60675962C131E30E95A6FFC669B,,,"6""-SW-U130-8507-A1","4""-CW-U130-6150-A1",PipeRun,PipeRun,A6E500CA1BC9D6D1043E4F2EE6CC6F78
D91BB0FDC72342336638DC3E9FE9284C,Temperature(A) Is Not = Temperature(B),ProcessDesign.Min.Temperature=ProcessDesign.Min.Temperature,1,1,1,5,3617836BAAC586013A6529A833CE90E4,FC4E73838256A5BB43858C15D475CEE2,4B3377591313CF4F03914C9AE6CC9677,,,"4""-P-U120-6468-A1","6""-P-U120-6059-C1",PipeRun,PipeRun,C00FC3A0FFB871F69522C7C9D3CA4128
824A002CD6B99D9423816D436EF8E1A0,The connect point is unattached.,,2,1,1,8,B2E7EDD61174E8763991D6244E7B0DC9,0EC96703272A5094FDD9D78A36E765B1,,,,,,PipingComp,,64BAF0523BD0EBA2719E81173A0AA56D
089BDFF69F42BE9A5F0ADB3CF5AD13A3,Insul Purpose(null) Is Not = Insul Purpose(10),InsulPurpose=InsulPurpose,1,1,1,6,3772B49BB519765241F4612A98859AFD,08CD07E9171E90C3B0DA53EFB13D2A58,B3541AF4374CD58BB3416EA719507C31,,,U110-SIG-1691,"8""-N2-U110-2467-B2",SignalRun,PipeRun,64BAF0523BD0EBA2719E81173A0AA56D
EC670CDA98511A98624416956D9AE358,Nominal Diameter(A) Is Not = Nominal Diameter(B),NominalDiameter=PipingPoint1.NominalDiameter,1,1,1,8,DECE41AFF321975732B0ECB8FD1DA38D,66489493E45AA90C8A961032C2769D79,583DD50AB23D00A3176DBC86E52B5625,,,N11,,Nozzle,PipingComp,D9F0C3193820468A97BD76260565103A
A421A551C7F19B556F20C852463DFC9E,Temperature(null) Is Not = Temperature(10),ProcessDesign.Min.Temperature=ProcessDesign.Min.Temperature,1,1,1,5,F080BF4D39D055F1BF81027E490635FB,CF9B71FFB9477A4EFD97D53A0331D0E8,1D594E1D86FE450001EBFDB45A42F493,,,N19,"6""-N2-U110-5286-C1",Nozzle,PipeRun,64BAF0523BD0EBA2719E81173A0AA56D
D9B99A0C14293DF13016B086080C8617,Oper Fluid Code(A) Is Not = Oper Fluid Code(B),OperFluidCode=OperFluidCode,1,1,1,5,B895CE1C3B8F71B260A922BB8629A63D,FBA162121AB6877FEC41700397D7D0E7,1EB6E8D8F8FE2A45AA3C0B4182F0AB34,,,"8""-N2-U190-9079-B2","4""-N2-U190-6189-B2",PipeRun,PipeRun,6D8BB49801DABF0F53249CDAD1D1A8C3
40451D08BA97E39BAA339D7314FF44DB,Tag Sequence No(null) Is Not = Tag Sequence No(1001),TagSequenceNo=TagSequenceNo,1,2,1,5,39AC202C5FADAB3D6A6DB0EC72C695F4,915BBC21D7FBD6842CA71BA273D807A9,A83FA5BEF9A8D620CBF3F429E560D2DB,,,,"6""-N2-U110-9372-C1",PipingComp,PipeRun,64BAF0523BD0EBA2719E81173A0AA56D
A845DB7492B34AD2E5234B42769F495F,The connect point is unattached.,,2,1,1,6,36D77441C22A97EC2FC6EDD0162AB160,5205B0E85894144456D25E962488C6C6,,,,,,PipingComp,,64BAF0523BD0EBA2719E81173A0AA56D
0E5D990AA97BE1BB711E8EA49ABF216C,Cannot evaluate consistency,,6,1,1,5,896875BBABFD351308237B9C75230C92,4612ED66E278A0372908F940F459B21D,,,,"8""-N2-U130-1764-B2",,PipeRun,,A6E500CA1BC9D6D1043E4F2EE6CC6F78
D875228E65B84B773255F816BE1327B4,Piping Materials Class(null) Is Not = Piping Materials Class(1001),PipingMaterialsClass=PipingMaterialsClass,1,2,1,5,536DA83BF14C40A7C114D5F543D481E0,37BEA0C820E93C0C9ABAC8B3AA1DECC4,F54A2C5C13C67D69B01437979E15FA05,,,,"6""-N2-U120-5130-A1",PipingComp,PipeRun,C00FC3A0FFB871F69522C7C9D3CA4128
39A694DC59FC7446CDECE6F03B783369,Stream No(null) Is Not = Stream No(1001),StreamNo=StreamNo,1,1,1,6,A31D08ECA435F7F0C91AE9A1FB1D53A9,24A36FB91BB09611455FE7B04C35047B,E8580DC649CC192FBC49C0DD15ABE402,,,"8""-FG-U100-9403-C1","8""-N2-U100-1143-B2",PipeRun,PipeRun,096059B5100DF4E1C33DE2437345E3F0
13B83BE04A5DEAECA02ABAFADBF4DDEA,Oper Fluid Code(null) Is Not = Oper Fluid Code(10),OperFluidCode=OperFluidCode,1,1,1,4,601B1D430AA7723D7796BEA4B1BFD84E,02F2E51DBD580F38444412AB4F3C923E,466902863A97306923C65625A4CE4CE0,,,"2""-CW-U110-7109-B2","4""-FG-U110-3863-C1",PipeRun,PipeRun,64BAF0523BD0EBA2719E81173A0AA56D
BDD3498E026B62EE681EB87F99256A27,Piping Materials Class(A) Is Not = Piping Materials Class(B),PipingMaterialsClass=PipingMaterialsClass,1,1,1,5,1A309918F041827BE1FA5F5984EC1520,787FF9BCA8558B457E6B6A1720812790,E7F1F6DA1D6A3168F0562B141EB3F36C,,,"8""-SW-U120-4220-B2",U120-LT-9570,PipeRun,Instrument,C00FC3A0FFB871F69522C7C9D3CA4128
379116DEE323EC9FF20AB6574D508996,Temperature(A) Is Not = Temperature(B),ProcessDesign.Max.Temperature=ProcessDesign.Max.Temperature,1,1,1,5,5ACE2C5C7EC6D11D7B085151841A3EA9,78D412C597025DBABFAE86C894173FD9,E3BF5CDE6FDEA62AA5A194718E39FCB2,,,U100-FT-5676,"8""-FG-U100-5194-A1",Instrument,PipeRun,096059B5100DF4E1C33DE2437345E3F0
A9E78EB0896510EF571D802796C781C8,The connector endpoint is unattached,,5,2,1,5,F56C6C5546336B45BF46D41F257BA3AF,B617BCE7597E774AC8753867484DEAAF,,,,U190-SIG-5170,,SignalRun,,6D8BB49801DABF0F53249CDAD1D1A8C3
2DEBDC92A06C0813C505A0B0D8F0EF75,Pressure(null) Is Not = Pressure(10),ProcessDesign.Max.Pressure=ProcessDesign.Max.Pressure,1,1,1,5,F2DE2AE17F901C2864FF84814A155A7C,8DFAAA0711016ACEAD99235754F8D515,1466A7D215D0EE61D17BD57D7DD61467,,,"2""-P-U110-3605-C1",,PipeRun,PipingComp,64BAF0523BD0EBA2719E81173A0AA56D
1478E7F08F51C2B5D02AF2935AF003C6,The connector endpoint is unattached,,5,1,1,5,8849EB9162837E2E0BCCA9869C4F150E,56AFF5FD347E3212094DBC392A7AFBFF,,,,U100-SIG-4703,,SignalRun,,096059B5100DF4E1C33DE2437345E3F0
4A2681D3BC5F43896E93DD0B0FB043FE,Tag Sequence No(P) Is Not = Tag Sequence No(N),TagSequenceNo=TagSequenceNo,1,1,1,5,D39E239F866C2881A2B4A48AEE92B227,6C78F5FECC8B2F34B72458AC36C7F686,17C7717FF4F1DBF7F04D6852E1558AA8,,,"8""-SW-U110-9728-B2",,PipeRun,PipingComp,64BAF0523BD0EBA2719E81173A0AA56D
F231AE2D0D8BABDD8A6CB19C9900414D,Fluid System(10) Is Not = Fluid System(null),FluidSystem=FluidSystem,1,1,1,4,A31D08ECA435F7F0C91AE9A1FB1D53A9,A18EC9D8392B2DB140BBC1E879F15B88,29E5BDAC337D406F87F6F4372740ED83,,,"2""-N2-U100-3472-A1",U100-TT-3621,PipeRun,Instrument,096059B5100DF4E1C33DE2437345E3F0
A649E6EADCAAD2787BCD221FC8C8EB9E,Cannot evaluate consistency,,6,1,1,5,9DEE39D15FEDC88A61A9009654CCBDEB,3DC64F1C99D6FC8CE8E2794CF5D03BB6,,,,"8""-FG-U110-7253-C1",,PipeRun,,64BAF0523BD0EBA2719E81173A0AA56D
79BDC21D14C295DF761A55A6E04E065F,The connector endpoint is unattached,,5,1,1,5,C2DF5D56839629AFC8F152541A0C3236,116A35525BB73DA310CC0BA8CDA3ADF3,,,,"6""-SW-U120-4128-A1",,PipeRun,,C00FC3A0FFB871F69522C7C9D3CA4128
400A0A4D9794F473DE21CB4920C6035E,Cannot evaluate consistency,,6,1,1,5,773270B8D0D799071653A7C5AD80D6C4,1D9BF4100E21D5E2CB93D6D693CD4158,,,,"4""-SW-U100-3245-C1",,PipeRun,,096059B5100DF4E1C33DE2437345E3F0
57DB110551F473F7E4A86C41CF2C6213,Pressure(20) Is Not = Pressure(25),ProcessDesign.Max.Pressure=ProcessDesign.Max.Pressure,1,1,1,4,91EEA5772E67B7E9C5C69716C5642BEA,AFD3ED7CE476966D9E2753E1F582EE45,071A2F3020BAABFB998C29A663E810FD,,,"8""-N2-U100-5819-A1","2""-SW-U100-2420-A1",PipeRun,PipeRun,096059B5100DF4E1C33DE2437345E3F0
130FB46431038DBE929D10A2AA933125,Nominal Diameter(null) Is Not = Nominal Diameter(10),NominalDiameter=PipingPoint1.NominalDiameter,1,1,1,5,216C0C87DC569318B5C4DD82C39DC932,36F06C25C48A8F1A3F1E59D8EB8BD8D7,34DA831B9156F3E085D6C5947009AFE3,,,"3""-SW-U110-4063-C1",U110-V-2002,PipeRun,Vessel,64BAF0523BD0EBA2719E81173A0AA56D
8ABE0463953372CB5244661E1E6B58FC,Pressure(20) Is Not = Pressure(25),ProcessDesign.Max.Pressure=ProcessDesign.Max.Pressure,1,1,1,7,982890CC69579D259766E1C1BD00C4BA,1397B5FBDED1D2EE61F99DE4FBD7B71A,3D938E33B93214CB03A6FE851B56A0C2,,,U100-SIG-8129,N9,SignalRun,Nozzle,096059B5100DF4E1C33DE2437345E3F0
FF4335E870332ED703B85ADFE18A380D,The connect point is unattached.,,2,1,1,8,4CC32D1A4B0ACD87A921C4FBB4A33FE5,12FFF8FE7D0CCCC76D781CA1C3CE9AF7,,,,,,PipingComp,,A6E500CA1BC9D6D1043E4F2EE6CC6F78
18B48C053DF65F52EA35EB8D1626F660,Tag Sequence No(P) Is Not = Tag Sequence No(N),TagSequenceNo=TagSequenceNo,1,1,1,5,F56C6C5546336B45BF46D41F257BA3AF,70398944446C482ACD095AFA66E98A0A,ED6635DB95AA4353F4274500371F3A87,,,N6,N15,Nozzle,Nozzle,6D8BB49801DABF0F53249CDAD1D1A8C3
9B88A0FCABEDACA329A3518F27212D3E,Fluid System(10) Is Not = Fluid System(null),FluidSystem=FluidSystem,1,1,1,5,B3B218B39C0CFD8903048193366FC450,ABB87F6B201F4204838C4F10BB9CE721,A30C22E75688ECE228C977DF05967199,,,"6""-SW-U120-9841-A1","3""-SW-U120-4177-B2",PipeRun,PipeRun,C00FC3A0FFB871F69522C7C9D3CA4128
FBB8C042E66170A40EB52A72289A7159,L E T H A L S E R V I C E(null) Is Not = L E T H A L S E R V I C E(10),LETHALSERVICE=LETHALSERVICE,1,1,1,6,F2C33F26034A081939818F17C4DB57E2,BF9E9F2B3CF997C2AE81B2831CD681AF,79708CE9859CE3D307B3CB171C30DCFD,,,U110-SIG-8300,"6""-CW-U110-3314-A1",SignalRun,PipeRun,64BAF0523BD0EBA2719E81173A0AA56D
634699A6E1B6F0126D6C3907C5BE4B90,The connect point is unattached.,,2,1,1,5,AED5A2B3BDE999F4FBD39B4768585C9B,B9C37AF714CA5C02FD7CDB277C73E680,,,,,,PipingComp,,096059B5100DF4E1C33DE2437345E3F0
323C5818BBA0478BCDDEF30C5C525A3F,The connector endpoint is unattached,,5,2,1,5,6158E2B61D526CDCEF4BE5A4E1BADB5C,E01D6E362084BAFB4D41884C5B672A21,,,,U110-SIG-2928,,SignalRun,,64BAF0523BD0EBA2719E81173A0AA56D
276E52C029915C7F7D668627900A8642,Temperature(null) Is Not = Temperature(1001),ProcessDesign.Max.Temperature=ProcessDesign.Max.Temperature,1,1,1,5,C488662F969F34058A82ECE077975BE5,004AB971B4BE700D6EF7A1C28100B23E,503436ADE12F639AC120F0203FE0EA6D,,,"2""-P-U100-8741-B2","3""-N2-U100-8068-A1",PipeRun,PipeRun,096059B5100DF4E1C33DE2437345E3F0
31C359148C2B4A8092CCA18C643F0FC1,W B S N O(10) Is Not = W B S N O(null),WBSNO=WBSNO,1,1,1,7,0F189CC773B3B551169C36E904073502,B2D56DBD97B9F69FBDCB9C95BD00A2B3,011D24894A71245BD98AAEB7A5B31B41,,,"4""-P-U110-7125-A1","6""-CW-U110-6650-C1",PipeRun,PipeRun,64BAF0523BD0EBA2719E81173A0AA56D
514B6F73BD66FF1BA252B3EFB88A4965,Tag Sequence No(20) Is Not = Tag Sequence No(25),TagSequenceNo=TagSequenceNo,1,1,1,5,AD30B5093008D7E1C969D33AAA9529CF,B63E14CA1471435422F7A2F36DA4E851,72084E5C17F15CB49A3625880E9339C6,,,"4""-N2-U110-7086-B2",U110-PT-4118,PipeRun,Instrument,64BAF0523BD0EBA2719E81173A0AA56D
B391EA514D2E7C8CEBE9EFC76D39C59A,Nominal Diameter(20) Is Not = Nominal Diameter(25),NominalDiameter=PipingPoint1.NominalDiameter,1,2,1,5,D39E239F866C2881A2B4A48AEE92B227,F88C671C24BE993B2CDF73A956B8C435,7393ECF6CB72D822B6CE1C28A725A537,,,"4""-N2-U110-9114-A1","3""-P-U110-7373-C1",PipeRun,PipeRun,64BAF0523BD0EBA2719E81173A0AA56D
77F8BEB175893462BFEC26242DD9FC9D,Tag Sequence No(A) Is Not = Tag Sequence No(B),TagSequenceNo=TagSequenceNo,1,2,1,6,18A21E6DEAED6CF69C7A0F693E18F8F6,80ADD84EC1461669426B55EEA20706C5,0BD516745970303E7ACEAB12E1CF38F8,,,,U120-TT-8733,PipingComp,Instrument,C00FC3A0FFB871F69522C7C9D3CA4128
99018808D318841870F6450B5D3270A6,Tag Sequence No(null) Is Not = Tag Sequence No(1001),TagSequenceNo=TagSequenceNo,1,1,1,4,FC14EF1DD2710425786CCE66BFF4081A,68F793BA3A9092CBD6CC522781230636,B21EAF27548784C5ADD74CC7F0663CB4,,,"3""-SW-U120-1375-B2","8""-N2-U120-5363-A1",PipeRun,PipeRun,C00FC3A0FFB871F69522C7C9D3CA4128
AFD3E35C14B7D95FDF13D0A0C79A471C,The connector endpoint is unattached,,5,2,1,8,9980A0541A8FFBA17D024466F71C66B6,82136D351E73B24212A2CAB773A1C7FF,,,,"6""-P-U130-5937-B2",,PipeRun,,A6E500CA1BC9D6D1043E4F2EE6CC6F78
57F8470116776048AE72D4F6F06BA59A,Fluid System(null) Is Not = Fluid System(1001),FluidSystem=FluidSystem,1,1,1,5,2C40CF630AC632F98E96A0667C2F315B,518DDB4B6BA4E486EF9DFEC68565FFDC,95DCEA5CBBC1EAEC293213906826E406,,,"8""-SW-U110-6810-A1","3""-N2-U110-5952-A1",PipeRun,PipeRun,64BAF0523BD0EBA2719E81173A0AA56D
011ABF4EF5ED04B593675C724DE324BF,Nominal Diameter(20) Is Not = Nominal Diameter(25),NominalDiameter=PipingPoint1.NominalDiameter,1,1,1,4,91B3CEF29D8CA4ADC7CAEE80A0D21D62,8BA51992E52D94393DD222A329A16F8B,F7FA2228DB5D43D567740E883908A4AA,,,"6""-N2-U140-3226-A1","6""-P-U140-1728-C1",PipeRun,PipeRun,D9F0C3193820468A97BD76260565103A
088CFC269D4B870F02917882AD48664D,The connect point is unattached.,,2,1,1,5,79F1A8C9EBEDDCDF31BB2517FD95FBB1,9916D5074E773381EE4F05189CD4A1BA,,,,,,PipingComp,,096059B5100DF4E1C33DE2437345E3F0
BDBDB4FAB7814FA681242916A9C528FE,Oper Fluid Code(20) Is Not = Oper Fluid Code(25),OperFluidCode=OperFluidCode,1,1,1,5,934DEBBD764EEE932EEB1036A99D497D,1FB81BDD2D2AC7EE3611402A6C9054D6,A5AB0680DE270C3986547C5EFD7383DF,,,"6""-CW-U170-2912-A1","3""-FG-U170-2466-B2",PipeRun,PipeRun,FEBE2715D378C22F880205573EA4893C
24010724B1C2B15B9DC7A9DD89CFDB06,Insul Purpose(P) Is Not = Insul Purpose(N),InsulPurpose=InsulPurpose,1,1,1,5,6151546FAEC5D02EC2BD91CBFCE85343,ADEC9996B2CF3CD4209B54B592684229,B3BC7451629D627AC7557650022E01C2,,,"3""-SW-U100-5932-A1","2""-CW-U100-5382-A1",PipeRun,PipeRun,096059B5100DF4E1C33DE2437345E3F0
79EE81F54D5264FAA0EA0255B3074F1B,Tag Sequence No(10) Is Not = Tag Sequence No(null),TagSequenceNo=TagSequenceNo,1,1,1,6,9137D87671A897C3C0184D412B13110E,B49306AB9848F6B6E94F9408CB4726D1,D4DBAD55E97D2649A5051E62BDF0345F,,,"8""-FG-U150-9928-C1","6""-FG-U150-7502-A1",PipeRun,PipeRun,01DE7FEE8D4CBFB143281F4BD48C69EC
E7390D693789C9BED165E665AA007CFF,The connect point is unattached.,,2,1,1,5,398D2861A687D2248F8B7B269AB3F869,FB177DF084D0FB67DAECAE272C383F05,,,,,,PipingComp,,096059B5100DF4E1C33DE2437345E3F0
93B7FD2751FDDCBB63551EABC43DE593,Cannot evaluate consistency,,6,1,1,5,AD30B5093008D7E1C969D33AAA9529CF,62F782D97B7B77945AF099AEA841CE41,,,,"8""-N2-U110-3769-B2",,PipeRun,,64BAF0523BD0EBA2719E81173A0AA56D
FD8068D00EB6B31D26F65AD643246176,The connector endpoint is unattached,,5,1,1,5,84881B6622C0E556382A2344B0D1A60A,467AD5F149CB22187D73D355E9B43A7E,,,,"3""-SW-U120-1303-A1",,PipeRun,,C00FC3A0FFB871F69522C7C9D3CA4128
03D4DD7CD640142DC9E4D011E816AC2F,Cannot evaluate consistency,,6,1,1,4,6040BC346C6FDD3461209D95E733310F,CCC4076F2B1DBE9269AD4FDDBB19BC52,,,,,,PipingComp,,C00FC3A0FFB871F69522C7C9D3CA4128
053F783494F1293F8C933E231CB5BDD4,The connect point is unattached.,,2,2,1,7,F8CAE444C3FB934DB7214A7B88D9F3C6,65D8D9DA1EF24C6B60874AD057988F92,,,,,,PipingComp,,01D6B91D5D07C07D22E70FD0038D63D4
91E9DB2094B73CE91865855F03B2FB68,The connector endpoint is unattached,,5,1,1,8,6040BC346C6FDD3461209D95E733310F,2A40FB0F28EBAE72A74ACF94DEECA52D,,,,"2""-P-U120-3692-A1",,PipeRun,,C00FC3A0FFB871F69522C7C9D3CA4128
31C75A4AE29F224270F22F775D60D697,Nominal Diameter(A) Is Not = Nominal Diameter(B),NominalDiameter=NominalDiameter,1,1,1,5,3527AD6A10D975ABB83E11A13953CC6A,CADC6AC4B83771A26273FB1D723BA624,1E089995E58EA5956923497B7F43438C,,,U100-FT-9132,"4""-FG-U100-2185-C1",Instrument,PipeRun,096059B5100DF4E1C33DE2437345E3F0
B7B30B751295C80FF5A7BF55AC3B11B6,Pressure(A) Is Not = Pressure(B),ProcessDesign.Max.Pressure=ProcessDesign.Max.Pressure,1,1,1,4,6151546FAEC5D02EC2BD91CBFCE85343,EA864C5AF781186A34BF08CDA0716178,6C10D6E3BF6D527622850364DF03DF39,,,"8""-FG-U100-7478-B2","3""-CW-U100-2653-A1",PipeRun,PipeRun,096059B5100DF4E1C33DE2437345E3F0
4314E6CD4F23B3D6D9725830C2012907,Nominal Diameter(20) Is Not = Nominal Diameter(25),NominalDiameter=NominalDiameter,1,1,1,5,9DEE39D15FEDC88A61A9009654CCBDEB,98D7DCDEFDA5C67179C79863CB010D90,BD7964A49F32D77564B9C97DEA82B749,,,"6""-SW-U110-1553-A1","8""-N2-U110-8266-B2",PipeRun,PipeRun,64BAF0523BD0EBA2719E81173A0AA56D
D01EED730CB35F3D609383D9E0545193,S P_ Commissioning System(P) Is Not = S P_ Commissioning System(N),SP_CommissioningSystem=SP_CommissioningSystem,1,1,1,4,D72F391F0BC698D26CF8D8211F881843,6043BA704D333A2C90D22E75945F6429,9036ED2D6401600FC28F09053CCEAF7B,,,"2""-FG-U130-9684-B2",N9,PipeRun,Nozzle,A6E500CA1BC9D6D1043E4F2EE6CC6F78
9C1678B1F07A0DBFD2749873A9E7FE68,Temperature(10) Is Not = Temperature(null),ProcessDesign.Max.Temperature=ProcessDesign.Max.Temperature,1,1,1,5,FDE23B4165E28F0F5CCF76EA194FDFC1,F213E5F7A8641E75BD9EB06DACB8DBFD,E09942BEC9755361FBC298F40C5790D6,,,"2""-CW-U120-4050-B2",U120-FT-1152,PipeRun,Instrument,C00FC3A0FFB871F69522C7C9D3CA4128
151D898CB4AD4B06C4854BD4843C854C,The connector endpoint is unattached,,5,1,1,8,B4B5465F032446E39CAF2FC0618AB582,9B4B70A9632C6E231C99AC13F49C48C4,,,,"2""-SW-U110-5234-C1",,PipeRun,,64BAF0523BD0EBA2719E81173A0AA56D
C7A9C2C47FBBD795DEB1F38AB7184781,Pipe Line F R O M(A) Is Not = Pipe Line F R O M(B),PipeLineFROM=PipeLineFROM,1,1,1,6,398D2861A687D2248F8B7B269AB3F869,B73DA2A768F781D77FC799B015B654DD,936CB495A01C9F7076C1F270E9CBDEBA,,,"4""-N2-U100-7486-C1","3""-N2-U100-6545-C1",PipeRun,PipeRun,096059B5100DF4E1C33DE2437345E3F0
383DE5889EF72BC346D9C9DA402AC910,The connect point is unattached.,,2,1,1,5,05E86AF50F66717F55FA31AA8FF77031,239092D59EC30F48AAEE6EF7D5887C6C,,,,,,PipingComp,,64BAF0523BD0EBA2719E81173A0AA56D
740CB0F625BF0215D2F1DF222063413E,The connect point is unattached.,,2,2,1,5,B895CE1C3B8F71B260A922BB8629A63D,BFA5C889F694D9957FE1096936A544D0,,,,,,PipingComp,,6D8BB49801DABF0F53249CDAD1D1A8C3
4DE89C6CD8314D878A4B77106217744D,Stress Analysis Reqmts(A) Is Not = Stress Analysis Reqmts(B),StressAnalysisReqmts=StressAnalysisReqmts,1,1,1,6,0FF93C9F25A86D9862D3AE3A051BECA4,B46DE30089B1C976BD9042BFE18AA01C,35C1CB2BC198DC7079233FF6D8CF03BD,,,,"2""-SW-U110-3701-B2",PipingComp,PipeRun,64BAF0523BD0EBA2719E81173A0AA56D
D002E747BD562AA5C455DF7602607D8E,Cannot evaluate consistency,,6,1,1,4,96764103A71113E956028571BCD8CC15,C412E8C97758C9AA405BCB89D990850D,,,,"6""-FG-U110-6337-B2",,PipeRun,,64BAF0523BD0EBA2719E81173A0AA56D
6EE4E1423E373DDEF93D7E87D93B42BE,Fluid System(10) Is Not = Fluid System(null),FluidSystem=FluidSystem,1,1,1,5,3530C7D7C93B98CF4F3E307F3A02F38C,CAFFEB380511A6E8FAA3A388CF9A706F,22E0857DE732537CBA5532EE4B181C7F,,,"4""-FG-U100-3828-B2","2""-P-U100-4992-B2",PipeRun,PipeRun,096059B5100DF4E1C33DE2437345E3F0
1E68FF0E68452484BC8CD6A753642E8B,Pipe Line F R O M(A) Is Not = Pipe Line F R O M(B),PipeLineFROM=PipeLineFROM,1,1,1,5,6291B69CCDBF5D0F638861CC79DA3744,85FB1EB525954605B0233A29F9244D41,C3133A3238DCABEA746BC50C1D948C4C,,,N18,"3""-N2-U100-3161-A1",Nozzle,PipeRun,096059B5100DF4E1C33DE2437345E3F0
C0E538F1B3A08F8E84EE02EE961567FC,Inconsistent flow direction,FlowDirectionFlowDirection,3,1,1,5,8849EB9162837E2E0BCCA9869C4F150E,873E1EA57C41101B79E2C218839E5808,7CF4ADB5B22EBD6CD86AF46BA1734972,,,"4""-SW-U100-3007-A1",,PipeRun,PipingComp,096059B5100DF4E1C33DE2437345E3F0
F5FCFB34101914E7B37E6579376C9039,Nominal Diameter(10) Is Not = Nominal Diameter(null),PipingPoint1.NominalDiameter=NominalDiameter,1,1,1,5,2BB50D1DBD2C9927FA72B10F09A4CEF2,1B0F3E561EDFA1DBA69A657C4AF56DED,7AD79CA2DD4D2FC5964D60D49E2DB684,,,"2""-P-U110-6211-B2","2""-CW-U110-8411-A1",PipeRun,PipeRun,64BAF0523BD0EBA2719E81173A0AA56D
642CD2A78E300B49E3CA7FC30244A5BC,Temperature(10) Is Not = Temperature(null),ProcessDesign.Min.Temperature=ProcessDesign.Min.Temperature,1,1,1,6,CEB62D4CAAAF04F8A4912A5C1E201C48,E8103D399AF08AE90AD0A3A3F59E56E0,47AFAFE484CDB300AD67AC49ED13182F,,,"2""-N2-U100-8058-C1",U100-V-8137,PipeRun,Vessel,096059B5100DF4E1C33DE2437345E3F0
F25618965DEDFA45EBA816D368F34939,Piping Materials Class(20) Is Not = Piping Materials Class(25),PipingMaterialsClass=PipingMaterialsClass,1,1,1,5,F56C6C5546336B45BF46D41F257BA3AF,DE0FBC0697AD4BFAA7EB6AD9F925967D,1FC47306F9B4E9C68E2A3A8329D001A1,,,"2""-N2-U190-5969-A1","8""-SW-U190-7970-C1",PipeRun,PipeRun,6D8BB49801DABF0F53249CDAD1D1A8C3
70A128D44C0B7092DE7CD65B7AA6CDDB,Tag Sequence No(A) Is Not = Tag Sequence No(B),TagSequenceNo=TagSequenceNo,1,1,1,5,C17051500E11127721BC90AA1D5E74AA,A7080DC043F93E50E148DC9BACEA4825,D3DF71FF9B1468E2A2BD5D75D332663E,,,"3""-SW-U150-9657-A1","4""-SW-U150-1629-C1",PipeRun,PipeRun,01DE7FEE8D4CBFB143281F4BD48C69EC
90D0A4D87755391F05EBC4340137CA44,Stress Analysis Reqmts(20) Is Not = Stress Analysis Reqmts(25),StressAnalysisReqmts=StressAnalysisReqmts,1,1,1,5,FCBF8FEA7A21695AAEDD995555D7C788,9F521D721D9EEED2BCBBB9A2D79D3E36,3CEA684EBCC93EBC92B111CF6DEC93D1,,,"6""-CW-U110-5105-B2",,PipeRun,PipingComp,64BAF0523BD0EBA2719E81173A0AA56D
F03E141D2CB156D844E22E5801FC3FC3,The connector endpoint is unattached,,5,1,1,5,C67509544B54D5060A7EAE7CBB1667B1,535ED294F72CDB5EF913D62FA9CCF5EF,,,,"3""-FG-U110-9785-B2",,PipeRun,,64BAF0523BD0EBA2719E81173A0AA56D
35BB57D06A1521D8FFC086C037650A4A,The connector endpoint is unattached,,5,2,1,5,601B1D430AA7723D7796BEA4B1BFD84E,59B2120E9773EF98F05A296EE1C91163,,,,U110-SIG-1462,,SignalRun,,64BAF0523BD0EBA2719E81173A0AA56D
66926E23EBC03196FC559014E91BE66C,Tag Sequence No(null) Is Not = Tag Sequence No(10),TagSequenceNo=TagSequenceNo,1,1,1,5,FCBF8FEA7A21695AAEDD995555D7C788,F51A3D27E324B201D331F32DF0405099,EC441D32A86CFF85E87A05B778D6F7D6,,,"8""-P-U110-3750-C1","8""-SW-U110-5567-B2",PipeRun,PipeRun,64BAF0523BD0EBA2719E81173A0AA56D
48396DC974288356DD8244D00B6A97BB,Fluid System(20) Is Not = Fluid System(25),FluidSystem=FluidSystem,1,1,1,7,79F1A8C9EBEDDCDF31BB2517FD95FBB1,991D67068DDD92F62120EFEDADDBEAF1,C2C29AA97D9BCF4E24037AADA947268A,,,"4""-N2-U100-5643-B2","6""-CW-U100-6079-C1",PipeRun,PipeRun,096059B5100DF4E1C33DE2437345E3F0
EA12873136C42D1DC9C9DB66B3A88D27,Piping Materials Class(P) Is Not = Piping Materials Class(N),PipingMaterialsClass=PipingMaterialsClass,1,1,1,6,9137D87671A897C3C0184D412B13110E,FC48798B780D68B6CFACE84E51DD44EF,26909EA85D4DDDF09BF7A0C3D2301734,,,"6""-SW-U150-8309-B2","6""-SW-U150-2188-A1",PipeRun,PipeRun,01DE7FEE8D4CBFB143281F4BD48C69EC
CD8317EF901D1CA50B6A13C2701D496E,Fluid Code(10) Is Not = Fluid Code(null),FluidCode=OperFluidCode,1,1,1,5,FC14EF1DD2710425786CCE66BFF4081A,C467856920FF31A39ED294784D2DF694,996FA1BDEB5B34BA42B96D116540F456,,,"4""-FG-U120-9596-C1","8""-P-U120-1725-B2",PipeRun,PipeRun,C00FC3A0FFB871F69522C7C9D3CA4128
B4BFEDB62B5126382DF2298C71F5BA1E,Fluid System(null) Is Not = Fluid System(10),FluidSystem=FluidSystem,1,1,1,5,84881B6622C0E556382A2344B0D1A60A,D2872B7350561D9CBEE5E2E1DAB14A10,2B3B9221A59F04B403D034DDE008E8EE,,,"3""-CW-U120-5853-B2","6""-P-U120-5588-B2",PipeRun,PipeRun,C00FC3A0FFB871F69522C7C9D3CA4128
375A42F0511DD69B168C46817DDCB2BD,The connect point is unattached.,,2,1,1,5,0DD2D6C442A8BB36EBC2C20897C58C6B,0698D6F702017E574C0375EA76575D52,,,,,,PipingComp,,096059B5100DF4E1C33DE2437345E3F0
FBB434E7EFEFAB4A7449BDB7BA4DB497,The connect point is unattached.,,2,2,1,5,C488662F969F34058A82ECE077975BE5,7B9E0A0AFCB6C9831155FD89FDB26F75,,,,,,PipingComp,,096059B5100DF4E1C33DE2437345E3F0
5AD716271E91393251C9AAC1FBFF3B9F,Pressure(null) Is Not = Pressure(10),ProcessDesign.Max.Pressure=ProcessDesign.Max.Pressure,1,1,1,5,88CF47B80E7B23F78DB45AEAF7014E6D,A067C1BB43A1E4F99AF227768AA556D1,0992411BA178C998BC26D76301A54435,,,"4""-FG-U100-8014-B2","6""-SW-U100-7662-C1",PipeRun,PipeRun,096059B5100DF4E1C33DE2437345E3F0
79BED684BD2363C9440C736E2DBA9A1B,W B S N O(null) Is Not = W B S N O(10),WBSNO=WBSNO,1,1,1,5,2F388CF8AB68D2B7CFDF0C8F238F9834,5C59BB4D3451E68D141FB5A83EFFC889,D47C6AC0F6E297D7AB30955923F29A2F,,,"2""-SW-U100-2344-A1","8""-FG-U100-4883-C1",PipeRun,PipeRun,096059B5100DF4E1C33DE2437345E3F0
DD33D19B840CC72AD083EF1FD8825A8E,Temperature(P) Is Not = Temperature(N),ProcessDesign.Min.Temperature=ProcessDesign.Min.Temperature,1,1,1,5,6291B69CCDBF5D0F638861CC79DA3744,6294BF8569C7663E04E05609821A8C82,B64F988A0F6F93E84F74A038D2817BB2,,,"3""-SW-U100-8297-C1","2""-CW-U100-6883-C1",PipeRun,PipeRun,096059B5100DF4E1C33DE2437345E3F0
1DAD6BBFE20EB886A6423BC41B9583E6,Nominal Diameter(null) Is Not = Nominal Diameter(10),PipingPoint1.NominalDiameter=NominalDiameter,1,1,1,5,FCBF8FEA7A21695AAEDD995555D7C788,443438FC5C1D4C615116938992A25E71,5B191DECA5558380C9E49A09E3EE9031,,,"2""-CW-U110-7705-A1","6""-N2-U110-9994-A1",PipeRun,PipeRun,64BAF0523BD0EBA2719E81173A0AA56D
CB2C37062E853E4BCEE991C66554EA87,The connector endpoint is unattached,,5,1,1,8,8D9EA7A943C4B5E2EABAF8FD0FA8E4D0,74AC7D3D2FC332E9812D45646289B340,,,,"6""-FG-U100-2311-A1",,PipeRun,,096059B5100DF4E1C33DE2437345E3F0
383347F11181CA1D5479DCFEE2942843,Temperature(P) Is Not = Temperature(N),ProcessDesign.Min.Temperature=ProcessDesign.Min.Temperature,1,1,1,4,01E6B904BDBA8DCE3D67DD9CBDB2626E,B95EBC806073E763E012CC286930A122,59B466A74FCA635756771D177A142F34,,,,"2""-N2-U180-3977-B2",PipingComp,PipeRun,416E154110ACCEDA4EB45835BCDF4E10
8EFE540C8425A702C31DA1FD3E118D13,The connect point is unattached.,,2,1,1,5,C488662F969F34058A82ECE077975BE5,C54ECC2B84422BA911D7F435E7004090,,,,,,PipingComp,,096059B5100DF4E1C33DE2437345E3F0
F944A8AA9FF2B96F49224528F8E9A4FF,The connector endpoint is unattached,,5,2,1,5,255FA027667D5CD05424BDA0F6F0F415,717896C4CBC58C0CAE1275594C377126,,,,U130-SIG-3700,,SignalRun,,A6E500CA1BC9D6D1043E4F2EE6CC6F78
1E0E4EE9E74ECC87EE6ADBA5B2518C80,Piping Materials Class(P) Is Not = Piping Materials Class(N),PipingMaterialsClass=PipingMaterialsClass,1,1,1,5,802EAA99A3004FC950D9B1E348DBF83A,2BC8F4E683277B67F83420ECDF32BC79,A76259936BE9B5A07B99C9CF7DC0A39F,,,,"6""-SW-U120-2908-B2",PipingComp,PipeRun,C00FC3A0FFB871F69522C7C9D3CA4128
44626BB8475DC516BFD83DB000E013DE,The connect point is unattached.,,2,1,1,5,F080BF4D39D055F1BF81027E490635FB,7A1D270DE4655C8A4FB59B674BC5CE89,,,,,,PipingComp,,64BAF0523BD0EBA2719E81173A0AA56D
61840797B49DF6B90E80EA3AEFF3819F,The connect point is unattached.,,2,1,1,5,F370DC56EA1934EF8CF54DCF2025926E,8E88DD862997EC39C630E186FA466DF0,,,,,,PipingComp,,096059B5100DF4E1C33DE2437345E3F0
774DDD8E31B31C4859EB651A0611C92D,Fluid System(10) Is Not = Fluid System(null),FluidSystem=FluidSystem,1,1,1,5,3A476B6438F1402ED1D87A6E25E76E99,A9841C63C8662F70F2F30B264734E2AF,346DA8407B9FAF2C301C71DDA238956B,,,"2""-FG-U150-5735-A1",U150-P-7074,PipeRun,Mechanical,01DE7FEE8D4CBFB143281F4BD48C69EC
9C1A1F8486E789CDF20E4405EC86F8DE,The connector endpoint is unattached,,5,1,1,5,0E469E9DB82FD84C0313BAE4FE949FA2,823EB184BF5BEADF4A6692CC9962F29D,,,,"2""-CW-U140-6233-A1",,PipeRun,,D9F0C3193820468A97BD76260565103A
C858AF5DC47001109551BDAF4418D23C,The connect point is unattached.,,2,1,1,5,C488662F969F34058A82ECE077975BE5,E90DBC96CF58A8715DD5F1BD3F134C17,,,,,,PipingComp,,096059B5100DF4E1C33DE2437345E3F0
1DD49712E2AA1FB928268A53A92C641C,The connector endpoint is unattached,,5,1,1,5,FC14EF1DD2710425786CCE66BFF4081A,5E1DF6AD44FF11901967CF8C2D681269,,,,U120-SIG-9742,,SignalRun,,C00FC3A0FFB871F69522C7C9D3CA4128
7C5E43501912085F83665484B2195994,Tag Sequence No(null) Is Not = Tag Sequence No(1001),TagSequenceNo=TagSequenceNo,1,2,1,5,18A21E6DEAED6CF69C7A0F693E18F8F6,254AB5B21CBA2440B760FBEE92B4F15C,CCD18CA837C2346A2CAFCAA5F03EE10B,,,U120-TT-2315,"8""-N2-U120-6732-C1",Instrument,PipeRun,C00FC3A0FFB871F69522C7C9D3CA4128
57D96369FC4E80FE16F475D83F8AEA33,Fluid System(null) Is Not = Fluid System(10),FluidSystem=FluidSystem,1,2,1,5,DECE41AFF321975732B0ECB8FD1DA38D,30FC367F3739F2D8F6ABF2319B8506B8,E1A333C24E19872054CABD69483882B6,,,"3""-P-U140-3974-A1",N6,PipeRun,Nozzle,D9F0C3193820468A97BD76260565103A
D1B5EFE526A252E223A81369A17847B0,The connector endpoint is unattached,,5,1,1,5,6C98AAC7903FD017DAC559B0E9B9CCE5,081185E47945A50508290A985610384F,,,,"6""-P-U160-4652-B2",,PipeRun,,01D6B91D5D07C07D22E70FD0038D63D4
89ACCBBC8BDF10640A7BA090A8E944D4,The connect point is unattached.,,2,1,1,4,36D77441C22A97EC2FC6EDD0162AB160,FEE591DB14C316F809825E3CA3238B81,,,,,,PipingComp,,64BAF0523BD0EBA2719E81173A0AA56D
28AAFF4A2DB3DEF33AEADC180CCBB4A3,Piping Materials Class(20) Is Not = Piping Materials Class(25),PipingMaterialsClass=PipingMaterialsClass,1,1,1,4,84881B6622C0E556382A2344B0D1A60A,05C640FBEAAD7FB410A3897703EE0AD2,7E6DF6710BEB3C5832A0BF0DD1237675,,,"6""-CW-U120-1189-C1","2""-P-U120-5407-C1",PipeRun,PipeRun,C00FC3A0FFB871F69522C7C9D3CA4128
EBBAC65D347A768DCAB66BE0F89AAFC1,Pipe Line F R O M(P) Is Not = Pipe Line F R O M(N),PipeLineFROM=PipeLineFROM,1,1,1,5,802EAA99A3004FC950D9B1E348DBF83A,B96583F390FAC3F1B765723BB0ED8198,97FFC15CC3C571CFF9F3DB28BFFD3C0C,,,"3""-P-U120-6719-C1","2""-SW-U120-4536-A1",PipeRun,PipeRun,C00FC3A0FFB871F69522C7C9D3CA4128
675404AFAAACF5961CEC907EFD4FDCE9,The connect point is unattached.,,2,1,1,5,09B849AEED982B62E9F3EE29EDEEC671,057AC9B52F0F2A2DFD06EF40495AD7CB,,,,,,PipingComp,,096059B5100DF4E1C33DE2437345E3F0
D1DE05D8467AB6C7ADBA958FCA6553A5,The connector endpoint is unattached,,5,1,1,6,2B3958935C502A5BD6014003ADE8BF45,3F693565F3CD19AE8A03F1F3B039635E,,,,"8""-P-U100-6861-A1",,PipeRun,,096059B5100DF4E1C33DE2437345E3F0
071CA3EA88C4452414CC197320ABAD7D,Pressure(10) Is Not = Pressure(null),ProcessDesign.Max.Pressure=ProcessDesign.Max.Pressure,1,2,1,5,DECE41AFF321975732B0ECB8FD1DA38D,80141DD1B330A8C467413DE0D78DA710,BBAF9C8E7BF481A108E9D34A5D2515E8,,,"3""-N2-U140-4860-C1","2""-CW-U140-3068-A1",PipeRun,PipeRun,D9F0C3193820468A97BD76260565103A
C5FC88C2289337DA96C06E0A639BD86F,Insul Purpose(20) Is Not = Insul Purpose(25),InsulPurpose=InsulPurpose,1,1,1,5,F2DE2AE17F901C2864FF84814A155A7C,648D3CB88B00A96C3403921EA3ECB3AD,3A37B844612036BC64255D4FAB5B2872,,,"3""-P-U110-5062-C1","6""-P-U110-5545-A1",PipeRun,PipeRun,64BAF0523BD0EBA2719E81173A0AA56D
1BAFD2E8AFB03ED800E9F726AA2C7376,Stream No(A) Is Not = Stream No(B),StreamNo=StreamNo,1,1,1,6,D7D41486D44896D32017AE359A727D6D,28C1369CB75B7F172FCC8658964FE416,70A6C7E81FB5F50000671917840E383E,,,"6""-SW-U110-5760-B2","4""-P-U110-3245-A1",PipeRun,PipeRun,64BAF0523BD0EBA2719E81173A0AA56D
780196A65DBA611B42776379FBA63A2F,The connect point is unattached.,,2,1,1,7,6158E2B61D526CDCEF4BE5A4E1BADB5C,F36A5859150BACBDEC0237425B2E883C,,,,,,PipingComp,,64BAF0523BD0EBA2719E81173A0AA56D
985D2F845154927AA758F3FE3DC647A1,Tag Sequence No(P) Is Not = Tag Sequence No(N),TagSequenceNo=TagSequenceNo,1,1,1,4,18A21E6DEAED6CF69C7A0F693E18F8F6,0D94CD1D36CF463E7D77784F10B94766,0E93D169163DBAB3E13D2E87B37BBAD1,,,"3""-CW-U120-3462-B2","6""-FG-U120-2404-B2",PipeRun,PipeRun,C00FC3A0FFB871F69522C7C9D3CA4128
3F8F606DD9D3F9C467B98C43EE8F03EE,Pressure(null) Is Not = Pressure(10),ProcessDesign.Max.Pressure=ProcessDesign.Max.Pressure,1,1,1,4,51629E19B54AE62FCF3CDDC55AE9712C,7A3CE4B7AF55FC2A8050AE21EAB1C2DA,D841B24C380454B7345805C4542A8391,,,N9,U110-V-3082,Nozzle,Vessel,64BAF0523BD0EBA2719E81173A0AA56D
D48505D44D4E8DD5CC390E9157225FF9,The connect point is unattached.,,2,1,1,5,0392DEA5879E192324B03DD24ABE0A4B,D7E70464323A4DC25ECFCABDA6AB5136,,,,,,PipingComp,,096059B5100DF4E1C33DE2437345E3F0
CA3735E30A8E0003109BD5E669692191,The connect point is unattached.,,2,1,1,5,847D084D485D5E3CE9902FBADAE8F101,019D0AC0AA812FE8AECE69415C277403,,,,,,PipingComp,,096059B5100DF4E1C33DE2437345E3F0
6FE4E1C65603860F57625392EE301C92,The connector endpoint is unattached,,5,1,1,7,C654EAD9FBA277BBD42EE858E7F60070,46A7C0954C2216EC69B28A8D102BFAC2,,,,"2""-P-U140-1144-B2",,PipeRun,,D9F0C3193820468A97BD76260565103A
3903AFF112AF61058710D6E7D12D87F5,The connect point is unattached.,,2,1,1,5,AD30B5093008D7E1C969D33AAA9529CF,1884D6953339AB201BB8A907DDF7DCA4,,,,,,PipingComp,,64BAF0523BD0EBA2719E81173A0AA56D
7E4E983FE80553933919C91E781D5781,Insul Purpose(A) Is Not = Insul Purpose(B),InsulPurpose=InsulPurpose,1,1,1,5,CDD400CD096C474D65570ECB7DF03B90,0EB270C63194223E45F88F8C4B185E82,7A7E852B951411A3F1833B6977290040,,,"3""-SW-U110-8954-C1","6""-P-U110-7715-C1",PipeRun,PipeRun,64BAF0523BD0EBA2719E81173A0AA56D
C5638CD65114921D4A2965CA5A7CC087,The connector endpoint is unattached,,5,1,1,6,F8CAE444C3FB934DB7214A7B88D9F3C6,3B93D8CE10FECBDCC2F652484DFFD222,,,,U160-SIG-4224,,SignalRun,,01D6B91D5D07C07D22E70FD0038D63D4
78A3D26E861C27D078086D29B1B34D80,The connector endpoint is unattached,,5,2,1,5,D72F391F0BC698D26CF8D8211F881843,3BF5D8CA559A98BA1F7A6502F8C0944A,,,,"8""-N2-U130-3943-C1",,PipeRun,,A6E500CA1BC9D6D1043E4F2EE6CC6F78
2A8F6EA7116D37EB149A4E1567E3C137,W B S N O(null) Is Not = W B S N O(1001),WBSNO=WBSNO,1,1,1,8,BC1EB0F397920DFACFB05C10740478BB,0B273782B1433B596553DA90903341CD,1E706A366D0CEADB34C73A91A4D58006,,,"4""-FG-U140-7441-A1",,PipeRun,PipingComp,D9F0C3193820468A97BD76260565103A
8FC874B747A09C47FE96F7F63C9546CC,Fluid Code(10) Is Not = Fluid Code(null),FluidCode=OperFluidCode,1,1,1,5,0392DEA5879E192324B03DD24ABE0A4B,D18AAAAA0DA32933BF688A623A44D31E,5B46B6654F69410CB1EC8EBEEF8D85F0,,,U100-PT-1520,"2""-CW-U100-9328-A1",Instrument,PipeRun,096059B5100DF4E1C33DE2437345E3F0
A79C38FBA1B272D8DDD3FC6399201A62,Temperature(10) Is Not = Temperature(null),ProcessDesign.Max.Temperature=ProcessDesign.Max.Temperature,1,1,1,5,0EA95E3C2BE73E517C3ECAE068D39A87,B36862CABB5D2B74EEBBD8A8BF1DE18E,BB41DD43CF41EEC0B74BD23293BDD739,,,U110-SIG-4091,"2""-SW-U110-1728-A1",SignalRun,PipeRun,64BAF0523BD0EBA2719E81173A0AA56D
7394297C6D8F7A94B189FF40EB89B820,Cannot evaluate consistency,,6,1,1,8,B65DFD027E5BBC6123D0C26C2334C0AA,E90D3FF64EDE7F61E237BA90E346B4AB,,,,,,PipingComp,,C00FC3A0FFB871F69522C7C9D3CA4128
2B4E40C012A3A907FE489695E8BC3C40,The connect point is unattached.,,2,1,1,5,2EF0E79D044D93A00CD0EF19C926D782,AE0F6FA87C6769C9372A4A50DCCC2A13,,,,,,PipingComp,,C00FC3A0FFB871F69522C7C9D3CA4128
4CA8FD7C8ED3160171AA6482BAC36964,Insul Purpose(10) Is Not = Insul Purpose(null),InsulPurpose=InsulPurpose,1,1,1,5,C393C5CDE02B4F8045042EE065265D02,C335465787E2DEC6F6E8F07A88467166,456F10FA4C18CDC9782875CB4FC3BA2E,,,"2""-FG-U120-3475-B2","8""-N2-U120-7686-C1",PipeRun,PipeRun,C00FC3A0FFB871F69522C7C9D3CA4128
EFBDBF15109268F01B46905F84CB6927,The connect point is unattached.,,2,1,1,4,9DEE39D15FEDC88A61A9009654CCBDEB,CDFEDC1E88DF19A2470F7464CD205568,,,,,,PipingComp,,64BAF0523BD0EBA2719E81173A0AA56D
CFE75BF927033E0C127B6A84773D1C29,Fluid Code(null) Is Not = Fluid Code(10),FluidCode=OperFluidCode,1,1,1,5,0EA95E3C2BE73E517C3ECAE068D39A87,06EBDA46C85490DE77A4D2E2ACE3FDBA,D4F7EB152A64A82FEF6BCBBE736E4548,OPC-8618,,,N16,,Nozzle,64BAF0523BD0EBA2719E81173A0AA56D
2CC06B0CAA299A1AF43DDDF516BC1025,W B S N O(10) Is Not = W B S N O(null),WBSNO=WBSNO,1,2,1,5,A9058D04C51DCEE9A160B1C6F5571F86,40663BBD910A6DFB41A6A1B02F1E26BD,FAF9D49D2B0D0F0E8ED186437B623A35,,,"8""-CW-U100-9608-A1","8""-N2-U100-1855-C1",PipeRun,PipeRun,096059B5100DF4E1C33DE2437345E3F0
468ED746B6604E1B4B45E7B204E1E43D,The connector endpoint is unattached,,5,1,1,5,FDDCAA6B1CDC8331F1083F5F610A82D9,9FD36806573ED0D59E13CBD42AA068D1,,,,"2""-N2-U100-5206-A1",,PipeRun,,096059B5100DF4E1C33DE2437345E3F0
F414F2D8FD7CDD6F74A9D78DF1830240,The connect point is unattached.,,2,1,1,5,09B849AEED982B62E9F3EE29EDEEC671,318F04EDB555BAB688D48B7C09CF8F07,,,,,,PipingComp,,096059B5100DF4E1C33DE2437345E3F0
E79010527403F3D66374E51CFD7856E6,Oper Fluid Code(A) Is Not = Oper Fluid Code(B),OperFluidCode=OperFluidCode,1,1,1,5,AED5A2B3BDE999F4FBD39B4768585C9B,36016F9DA47F87AD08D4ED0C61EA77BF,AB921AD6E1461A79C82FE3D1F905DB76,,,"3""-N2-U100-7526-A1",U100-FT-3613,PipeRun,Instrument,096059B5100DF4E1C33DE2437345E3F0
5ED47A49BFABB6FE6900D8D73530D744,Temperature(10) Is Not = Temperature(null),ProcessDesign.Min.Temperature=ProcessDesign.Min.Temperature,1,2,1,5,C488662F969F34058A82ECE077975BE5,A7BC56D70B1060684F8F6013D76E0E7C,8FBE1CB1D16D6744D4507D97DBC2C3CB,,,"6""-CW-U100-6484-C1",U100-FT-4423,PipeRun,Instrument,096059B5100DF4E1C33DE2437345E3F0
CC0AFBB3020859DE4601FA489315C0F4,Fluid System(null) Is Not = Fluid System(1001),FluidSystem=FluidSystem,1,1,1,5,398D2861A687D2248F8B7B269AB3F869,C2144C0689936F37F8BB91D120354FDE,DFC2C9E51FA6BC9A63C0699E1EB6E0BF,,,"2""-P-U100-3154-A1","8""-CW-U100-7810-B2",PipeRun,PipeRun,096059B5100DF4E1C33DE2437345E3F0
97E7543BEB6DBBC44A34FE14F4416E12,Pipe Line F R O M(null) Is Not = Pipe Line F R O M(10),PipeLineFROM=PipeLineFROM,1,1,1,5,C2DF5D56839629AFC8F152541A0C3236,46E6205A402925F0CB566483AD23E7AE,A2163E57311BA527B14076F18B6AFF45,,,"6""-P-U120-9901-C1","2""-N2-U120-9766-B2",PipeRun,PipeRun,C00FC3A0FFB871F69522C7C9D3CA4128
F492F686FE7ACA2A2DF4D984314CBF22,The connect point is unattached.,,2,1,1,5,01E6B904BDBA8DCE3D67DD9CBDB2626E,3861EF452A75E4178D0849DAE0089331,,,,,,PipingComp,,416E154110ACCEDA4EB45835BCDF4E10
675A21F11D9D6E68688C2B07CD831B4F,Pressure(null) Is Not = Pressure(10),ProcessDesign.Max.Pressure=ProcessDesign.Max.Pressure,1,1,1,5,398D2861A687D2248F8B7B269AB3F869,68121F3172864EAAC69BEDCBC5BCC9BB,F4C868CDF3CC7CB8573E698E01A9D2E5,,,"8""-SW-U100-5659-B2",,PipeRun,PipingComp,096059B5100DF4E1C33DE2437345E3F0
E7F1641459A01E954699A1729A87559A,The connect point is unattached.,,2,1,1,5,8B085CA066E537966E96C4FA8A111B2A,9886A1D122EF2512B0CC586591D5E4E7,,,,,,PipingComp,,64BAF0523BD0EBA2719E81173A0AA56D
89D5553A85FCF10D13D1672C0A3C1C52,Pressure(20) Is Not = Pressure(25),ProcessDesign.Max.Pressure=ProcessDesign.Max.Pressure,1,1,1,4,5D8816C45FE51E1C8DC6B905F719428B,6516EF15B2A6C8C0599C0B50BF0D78A7,916FAD994C0B72EB5B46D45B6B07E501,,,"2""-P-U120-9762-A1","2""-FG-U120-2110-A1",PipeRun,PipeRun,C00FC3A0FFB871F69522C7C9D3CA4128
A1FFDFFD227B228B6A3B7D334C4CEA0F,The connect point is unattached.,,2,1,1,4,0392DEA5879E192324B03DD24ABE0A4B,CD843A089A926D89FABCEB57AB39ADD0,,,,,,PipingComp,,096059B5100DF4E1C33DE2437345E3F0
26E63DCB699E8DECC6CE39FF24DEA320,Piping Materials Class(10) Is Not = Piping Materials Class(null),PipingMaterialsClass=PipingMaterialsClass,1,2,1,6,B4B5465F032446E39CAF2FC0618AB582,5D4CE19593159DCFD3DBE3695F43D9AB,AAFD18B0AD001F28DE10B9463D56A37A,,,,"6""-N2-U110-7219-B2",PipingComp,PipeRun,64BAF0523BD0EBA2719E81173A0AA56D
04D2B900AB1536B4765AAE21DF0CEE1C,The connector endpoint is unattached,,5,1,1,5,F26EA8DCAC4FF2ADCAF98D70A22BDE36,6F6AD1F130B8D06BEED2C48A856AA9A1,,,,"6""-SW-U100-6626-C1",,PipeRun,,096059B5100DF4E1C33DE2437345E3F0
A91BDD4E1BBFBF345A285C037DB891C0,Fluid System(10) Is Not = Fluid System(null),FluidSystem=FluidSystem,1,1,1,6,0DD2D6C442A8BB36EBC2C20897C58C6B,740420941AAB2C9119664A9AC73C7A78,B6B4A50ABF8800BCD85CE11CDB1C890E,,,"2""-N2-U100-7857-A1","8""-FG-U100-5236-A1",PipeRun,PipeRun,096059B5100DF4E1C33DE2437345E3F0
5FBCD24B9FD5A619E22FFECD78CF6A43,Tag Sequence No(P) Is Not = Tag Sequence No(N),TagSequenceNo=TagSequenceNo,1,1,1,5,FDE23B4165E28F0F5CCF76EA194FDFC1,E10E02A166353F45B78AE5DA1A720F94,B2A56B9D9CAC9D47EB2E7B9902A319CE,,,U120-TT-3116,"8""-CW-U120-1715-B2",Instrument,PipeRun,C00FC3A0FFB871F69522C7C9D3CA4128
850EA30539104216D247A094DCDBB191,The connect point is unattached.,,2,1,1,5,278193BC545CB1E30C860219320DC6B9,19AC4F148E367674FB751B67E80E02E0,,,,,,PipingComp,,01D6B91D5D07C07D22E70FD0038D63D4
082062BA4E9EE454B116CFBDA905EAD2,Temperature(P) Is Not = Temperature(N),ProcessDesign.Max.Temperature=ProcessDesign.Max.Temperature,1,1,1,4,19960560F2DA3F110D29206C24EC49F4,DF32587F6BB2487A293B7CFB74D3B8DB,09CFD876C6D045E8A72CD592CC41B8F9,,,"3""-SW-U110-7006-C1","8""-SW-U110-8356-B2",PipeRun,PipeRun,64BAF0523BD0EBA2719E81173A0AA56D
64D5339E98F9A8007630388DD6BDAE87,The connector endpoint is unattached,,5,2,1,5,A6B86F67E9684B1952772AB837017250,9145DF056511E5495DADC0AFFA9E0F1C,,,,"2""-N2-U110-5947-A1",,PipeRun,,64BAF0523BD0EBA2719E81173A0AA56D
58D70E7E75A8F3C9747C29EEECD9FCD0,Piping Materials Class(null) Is Not = Piping Materials Class(1001),PipingMaterialsClass=PipingMaterialsClass,1,1,1,5,6040BC346C6FDD3461209D95E733310F,7D8205FC95DC9ABB38C289CE7B126790,D5D6F498BE8C7FAF335793DCF893967D,,,"4""-P-U120-1807-A1","6""-FG-U120-4908-B2",PipeRun,PipeRun,C00FC3A0FFB871F69522C7C9D3CA4128
0CA6855B2F451EFE47C212CA6FCFD712,The connect point is unattached.,,2,1,1,5,05E86AF50F66717F55FA31AA8FF77031,C9DFEA375890BBF20009779D85587892,,,,,,PipingComp,,64BAF0523BD0EBA2719E81173A0AA56D
765709132F8F2A5D49739B4757CC8734,Supply By(null) Is Not = Supply By(1001),SupplyBy=SupplyBy,1,1,1,5,24EDF061651069DC69A1E7A74FA9680E,8788B35419F1BA7EE504707CF63F770D,EC6FAE898D88EE679062BEA3F0BDCA76,,,"2""-SW-U120-6579-B2",,PipeRun,PipingComp,C00FC3A0FFB871F69522C7C9D3CA4128
1ED53229A735910D0576439BB44E88AD,Fluid System(P) Is Not = Fluid System(N),FluidSystem=FluidSystem,1,1,1,5,6158E2B61D526CDCEF4BE5A4E1BADB5C,972AA8C1A09BB532449ABE9873BBE5DB,3918A72D80543E469B7BFC9163D2C235,,,"2""-P-U110-9593-B2","6""-P-U110-4315-C1",PipeRun,PipeRun,64BAF0523BD0EBA2719E81173A0AA56D
31C5BA181180012422783A9334D92D59,Pipe Line T O(null) Is Not = Pipe Line T O(1001),PipeLineTO=PipeLineTO,1,1,1,5,56ED0E2A32F2B6A131C77E86DE15A5CF,DC4CFB49BA839E29642E1F5DCFFAFEB8,704BC5F28BC7464BF352FAC86483799E,OPC-5177,,,,,PipingComp,64BAF0523BD0EBA2719E81173A0AA56D
B10FB6AC651A2444800FA3D789E9F63E,A G P_ Radiography(null) Is Not = A G P_ Radiography(1001),AGP_Radiography=AGP_Radiography,1,1,1,6,F8CAE444C3FB934DB7214A7B88D9F3C6,4AEDE3016108DDC886D454256BC0F5EC,6941C4714E432ABE15AD856524B67B94,,,"3""-FG-U160-1447-C1","2""-SW-U160-5026-B2",PipeRun,PipeRun,01D6B91D5D07C07D22E70FD0038D63D4
A22220DE9395AC9DD7E71934AE5B9890,Fluid Code(10) Is Not = Fluid Code(null),FluidCode=OperFluidCode,1,1,1,6,5A76E455880BFA67A447D0C1E2BABA28,B980348CA36FD1A7AC9DFAFC5B8995D4,00AE42B6E3C8D459DBEC33D034D25739,,,"6""-CW-U110-1648-A1",,PipeRun,PipingComp,64BAF0523BD0EBA2719E81173A0AA56D
EDDC2FC0F1F8BDE3F739F56670F20C0A,The connect point is unattached.,,2,1,1,4,D0C901DDF31E7BEF10FE194B6901709E,C98666362C1EADF9362D54CE1F60B197,,,,,,PipingComp,,096059B5100DF4E1C33DE2437345E3F0
059D159A81FC51315ED59D531AD45052,Piping Materials Class(null) Is Not = Piping Materials Class(10),PipingMaterialsClass=PipingMaterialsClass,1,1,1,7,6291B69CCDBF5D0F638861CC79DA3744,915D7FD3DD8EE053E0E772DF3D56F2B3,30786E5FF7583774A06A6C941D0C181B,,,"3""-FG-U100-7081-C1",U100-PT-3329,PipeRun,Instrument,096059B5100DF4E1C33DE2437345E3F0
1B74BE87891AF6368BDF926BDAEAAA52,Sour Service(P) Is Not = Sour Service(N),SourService=SourService,1,1,1,5,C75DC22605917A4D32B3DA9F3C48A796,DDC2AB357B68D91A9EBFDD26DA582823,BB00DD49059A276BB2CE28EFC3443B96,,,"6""-SW-U110-1103-A1","3""-P-U110-4976-B2",PipeRun,PipeRun,64BAF0523BD0EBA2719E81173A0AA56D
214CA914AB22DF77E9AA6BBE6E0D5DB0,The connect point is unattached.,,2,1,1,5,F56C6C5546336B45BF46D41F257BA3AF,9075BD7080EE11781F730FEB06B713D7,,,,,,PipingComp,,6D8BB49801DABF0F53249CDAD1D1A8C3
5B44C4F69088A84E59A1CBFD192830FD,Temperature(P) Is Not = Temperature(N),ProcessDesign.Max.Temperature=ProcessDesign.Max.Temperature,1,1,1,5,398D2861A687D2248F8B7B269AB3F869,D26D7D36458ACCBBCEE119CD56D3213A,B4E333E4F25B75D0C345620FDB470183,,,"4""-N2-U100-5599-A1","8""-CW-U100-6831-B2",PipeRun,PipeRun,096059B5100DF4E1C33DE2437345E3F0
399FE519BDF2D345C25F38D3EF3C4863,Inconsistent flow direction,InlineComp.FlowDirectionFlowDirection,3,1,1,5,E15256FAA45EC091B655987D74573B3E,3CFFEBB82000C7F79E12AD26FCAE318F,092AEF9A25EBAC3C87F9FA37ABAB5673,,,"3""-N2-U110-7530-C1","2""-N2-U110-7119-A1",PipeRun,PipeRun,64BAF0523BD0EBA2719E81173A0AA56D
3C0B91F762066D27B0CC9D374FAB2C33,Pressure(20) Is Not = Pressure(25),ProcessDesign.Max.Pressure=ProcessDesign.Max.Pressure,1,1,1,7,9980A0541A8FFBA17D024466F71C66B6,400939A7AA9855EE5A2EC6A49C730AE3,0BAEC22FBC6996F9EF4E5081E31CB15F,,,"8""-FG-U130-7780-A1",U130-TT-3658,PipeRun,Instrument,A6E500CA1BC9D6D1043E4F2EE6CC6F78
E5E156A666F83F3E3BEC9200A35B065F,Temperature(null) Is Not = Temperature(1001),ProcessDesign.Min.Temperature=ProcessDesign.Min.Temperature,1,1,1,5,F2C33F26034A081939818F17C4DB57E2,4ACBD48F80C2AE5D5C98C17F4FDC739F,8275FEB0E4C4C71799D9D44E5E554D34,,,U110-LT-7926,"3""-SW-U110-1838-A1",Instrument,PipeRun,64BAF0523BD0EBA2719E81173A0AA56D
7FB7C13DCA5DF40E6A1414C7CDC89E53,Fluid System(A) Is Not = Fluid System(B),FluidSystem=FluidSystem,1,1,1,7,F56C6C5546336B45BF46D41F257BA3AF,3ED5AE3FABB73EDFE327F81B08986A76,74D39C1AEC07BA9592028D58DD75E582,,,"8""-P-U190-1961-A1","6""-SW-U190-8040-A1",PipeRun,PipeRun,6D8BB49801DABF0F53249CDAD1D1A8C3
26ABF9A6539D020F6FB9E3C26EA431C3,Piping Materials Class(null) Is Not = Piping Materials Class(10),PipingMaterialsClass=PipingMaterialsClass,1,2,1,5,719EAA06B1374B09D338FE3656748482,6C0DCD33857FC6DA30B39E963D30874E,486D289A995834B55B9127376666257C,,,"2""-SW-U110-2989-C1","4""-FG-U110-8761-A1",PipeRun,PipeRun,64BAF0523BD0EBA2719E81173A0AA56D
24CAA5CE2ABCE0123ED33ADD955CD5D7,Piping Materials Class(A) Is Not = Piping Materials Class(B),PipingMaterialsClass=PipingMaterialsClass,1,1,1,4,F56C6C5546336B45BF46D41F257BA3AF,1E1204FCE1E06CFF3FB12BB4B824793D,339F76AB37605D6810171BD94C1095F4,,,"2""-N2-U190-1825-C1","3""-SW-U190-3989-A1",PipeRun,PipeRun,6D8BB49801DABF0F53249CDAD1D1A8C3
B6A031DCEA60E911AE87530934341B58,Tag Sequence No(A) Is Not = Tag Sequence No(B),TagSequenceNo=TagSequenceNo,1,1,1,5,EB84C3ED6C98463BEE12F30D0B9F43DF,47945831CD7BC9809A369EF1E0EC93FB,4FEC18D3403DFC2D6D48C5DEA876B513,,,"2""-N2-U100-1916-B2","8""-N2-U100-5361-A1",PipeRun,PipeRun,096059B5100DF4E1C33DE2437345E3F0
C5141AAC6A1C6DED55C5B4386134AB07,Pressure(10) Is Not = Pressure(null),ProcessDesign.Max.Pressure=ProcessDesign.Max.Pressure,1,1,1,5,AD20A92D054433ABB0EE40B5E810936C,303C3A8407E44DF57FD7EE97E935816C,992D84C109FF3E88473FFFD4D906499E,,,,"8""-SW-U100-4254-C1",PipingComp,PipeRun,096059B5100DF4E1C33DE2437345E3F0
53B8FD641B8C5010A241C9B7D135888B,Oper Fluid Code(A) Is Not = Oper Fluid Code(B),OperFluidCode=OperFluidCode,1,2,1,4,C2DF5D56839629AFC8F152541A0C3236,59C7FB5264D5AB9A18EAC6D2D06D4480,A548AEA30BC534E3549CCB05F771250F,,,"4""-SW-U120-1111-C1","8""-CW-U120-9345-B2",PipeRun,PipeRun,C00FC3A0FFB871F69522C7C9D3CA4128
D2CC5F2AE9429B9F3320815D46429C90,The connect point is unattached.,,2,1,1,5,AED5A2B3BDE999F4FBD39B4768585C9B,A143DC7E163DCEB50313A9018B240310,,,,,,PipingComp,,096059B5100DF4E1C33DE2437345E3F0
B8D5FDCA8D43E4FB289393D36DC9C0D7,Pipe Line T O(A) Is Not = Pipe Line T O(B),PipeLineTO=PipeLineTO,1,1,1,5,B28529F9BDDAE996DC661E392493AA84,718FF164C6347330BF0C5F3C8C9F8A7B,800A37A9A6804AE00B263B830C1FD743,,,"3""-N2-U100-8154-C1",N10,PipeRun,Nozzle,096059B5100DF4E1C33DE2437345E3F0
C2EF43146EC114DDD15F6BA82F6E37CD,Stress Analysis Reqmts(10) Is Not = Stress Analysis Reqmts(null),StressAnalysisReqmts=StressAnalysisReqmts,1,1,1,7,1A309918F041827BE1FA5F5984EC1520,D3C235DF513439332E8C35B26D3DBC16,75DD7107FC5B574AC32F1FC3746CF068,,,U120-SIG-3395,"8""-N2-U120-6189-B2",SignalRun,PipeRun,C00FC3A0FFB871F69522C7C9D3CA4128
7D413A393B358BBB4303757DB48CB226,Tag Sequence No(A) Is Not = Tag Sequence No(B),TagSequenceNo=TagSequenceNo,1,1,1,5,0392DEA5879E192324B03DD24ABE0A4B,FADAEBA46C472B37980978B2ECDC7110,5C2A2EC561C51118D9C2C60CFBE7A58A,,,"3""-P-U100-7464-B2","6""-FG-U100-8129-A1",PipeRun,PipeRun,096059B5100DF4E1C33DE2437345E3F0
77D0D4732671539555F7C41EF0548B4D,The connect point is unattached.,,2,1,1,4,84881B6622C0E556382A2344B0D1A60A,F8BF36EF584C1BDC58AC43DF3FEDDC0E,,,,,,PipingComp,,C00FC3A0FFB871F69522C7C9D3CA4128
6224FDF8B6F9EA64118D8BB12BB3201E,The connect point is unattached.,,2,1,1,5,278193BC545CB1E30C860219320DC6B9,A7C0109BC0F71A07004B731EE1060FD2,,,,,,PipingComp,,01D6B91D5D07C07D22E70FD0038D63D4
2D2CD9115A509A6FBD2E3B557F5D2297,Cannot evaluate consistency,,6,1,1,5,C488662F969F34058A82ECE077975BE5,7EB8F2A4654B1F74BDD03AAC78F90517,,,,,,PipingComp,,096059B5100DF4E1C33DE2437345E3F0
E195A31461B84C0089552E7435DC95C5,Nominal Diameter(20) Is Not = Nominal Diameter(25),NominalDiameter=NominalDiameter,1,1,1,5,18A21E6DEAED6CF69C7A0F693E18F8F6,A6ADF25AC63D4A332BE4C379F70616C3,6E75D5DAA77831B9B5907F95595F5E04,,,"6""-CW-U120-9187-C1","2""-N2-U120-9016-A1",PipeRun,PipeRun,C00FC3A0FFB871F69522C7C9D3CA4128
ED12D364A3EE13C47A7B7E71916EDFD3,Tag Sequence No(null) Is Not = Tag Sequence No(1001),TagSequenceNo=TagSequenceNo,1,1,1,5,31F2B23DC0CB8E544F3DB51681E47C4B,9EEE7D0835E4F5C4413FBDD8AAE0BF7E,71576D7C6FBC55F88AE82DD35F0602FB,,,"6""-FG-U110-2767-C1","3""-N2-U110-7352-B2",PipeRun,PipeRun,64BAF0523BD0EBA2719E81173A0AA56D
ABE3BB4D33612977241C547697A5FF2B,Tag Sequence No(10) Is Not = Tag Sequence No(null),TagSequenceNo=TagSequenceNo,1,1,1,5,31F2B23DC0CB8E544F3DB51681E47C4B,438F0D6ED74DCBBAE5392F46601BA57B,B604F25E83D60896EE2FB8C3FE866927,,,U110-PT-3210,N7,Instrument,Nozzle,64BAF0523BD0EBA2719E81173A0AA56D
70082887F79ECAD86391CD91712FA5EE,Tag Sequence No(A) Is Not = Tag Sequence No(B),TagSequenceNo=TagSequenceNo,1,1,1,5,A25DF03839C936FE596C93845E564096,E897896E196DA31F3D8F6DBA25235916,40DA39523499DF6106AD53934F84219C,,,"2""-N2-U100-1386-A1","2""-N2-U100-5954-A1",PipeRun,PipeRun,096059B5100DF4E1C33DE2437345E3F0
B627C83224C246EA09956808651B5F6A,Pipe Line T O(A) Is Not = Pipe Line T O(B),PipeLineTO=PipeLineTO,1,1,1,6,1A309918F041827BE1FA5F5984EC1520,EA12ED48D3C09D11A717D9A3EE854122,C795312070D5BFBF8B8588A494F71845,,,"3""-P-U120-7016-A1","3""-SW-U120-9523-B2",PipeRun,PipeRun,C00FC3A0FFB871F69522C7C9D3CA4128
AEBC094C76CD0B9E317AF88310680F32,The connector endpoint is unattached,,5,2,1,4,F12F76029BAACE8FDD84CE7B4517354C,722F6EC32B03985132046AC70C0AD851,,,,U100-SIG-7340,,SignalRun,,096059B5100DF4E1C33DE2437345E3F0
7DBCCDD442EDF8D18C11E542A756F76D,The connector endpoint is unattached,,5,1,1,5,D2F690F8C13FCF77F18A314BA9286079,53766BF0EE8ED8C96C8C9561ABC194B1,,,,"6""-FG-U160-9659-C1",,PipeRun,,01D6B91D5D07C07D22E70FD0038D63D4
0C5C3CC9CC54583213A49048C0ED81A5,The connect point is unattached.,,2,1,1,5,289E25E4233EED9A2913FDF22C37FABF,D4266EF3970145114759AF4939E79623,,,,,,PipingComp,,C00FC3A0FFB871F69522C7C9D3CA4128
9B066C192481F9002668A06A7E4FC798,The connector endpoint is unattached,,5,2,1,5,FC14EF1DD2710425786CCE66BFF4081A,18E0A858C864E6A70AE2D498AAD11F09,,,,U120-SIG-8668,,SignalRun,,C00FC3A0FFB871F69522C7C9D3CA4128
AB1A3400A6325CA6D4C0E298A6B95173,Nominal Diameter(20) Is Not = Nominal Diameter(25),PipingPoint1.NominalDiameter=NominalDiameter,1,1,1,5,601351B316B14DC2F37D75025FEF4ADC,F8F4F1A5C47383FAF289E4047D8C2206,04482F701F4BA6D7D34610F2F1B396FA,,,U110-SIG-4271,"3""-P-U110-3533-C1",SignalRun,PipeRun,64BAF0523BD0EBA2719E81173A0AA56D
A607B813D08209630366C40A111CBE14,Nominal Diameter(10) Is Not = Nominal Diameter(null),NominalDiameter=NominalDiameter,1,1,1,5,A9058D04C51DCEE9A160B1C6F5571F86,08C5DE6500876BBF5C69AC07FB1A5C4D,4544590A2F0923D370FD1D47C04C32C2,,,"6""-CW-U100-7134-B2","2""-CW-U100-2016-C1",PipeRun,PipeRun,096059B5100DF4E1C33DE2437345E3F0
D5ABCB7C98A9132B654E51DB07A9F24F,Stream No(10) Is Not = Stream No(null),StreamNo=StreamNo,1,1,1,5,A6B86F67E9684B1952772AB837017250,647B2EFB9A709CA081D83CC6681B0D5B,BEE5B96CD603CC3C256AA91B10D6C350,,,"4""-SW-U110-7566-B2","6""-N2-U110-6874-C1",PipeRun,PipeRun,64BAF0523BD0EBA2719E81173A0AA56D
EE7AF7DDE004FC6FB2600F5F4716FB68,Oper Fluid Code(null) Is Not = Oper Fluid Code(10),OperFluidCode=OperFluidCode,1,1,1,5,6B3A0DA91E99604DA5AD2D88D84CC2A6,7A1E9970A748D3AF85BE0B984F10FFA8,71FE44439A029D5C5F9989505E6C589C,,,N6,"8""-P-U130-1675-B2",Nozzle,PipeRun,A6E500CA1BC9D6D1043E4F2EE6CC6F78
48C5BFBC2D35A3853FDD00BB9EFCADDC,Fluid System(10) Is Not = Fluid System(null),FluidSystem=FluidSystem,1,1,1,6,83E64D40A7A72B1B18B15C75E0806435,EB6D57FEBBA00DD9F1E1705FDE361A94,5902364D7F4A216C77DDB2B304B2DC68,,,"2""-P-U100-2403-C1",,PipeRun,PipingComp,096059B5100DF4E1C33DE2437345E3F0
33D002AF1A9BE3FB8A00B44353E9D19F,The connector endpoint is unattached,,5,1,1,5,B28529F9BDDAE996DC661E392493AA84,E18F95B678B579B4DB50069BADC100A0,,,,U100-SIG-7070,,SignalRun,,096059B5100DF4E1C33DE2437345E3F0
1B06823479729A259838AD671B982DA0,Temperature(20) Is Not = Temperature(25),ProcessDesign.Min.Temperature=ProcessDesign.Min.Temperature,1,1,1,5,802EAA99A3004FC950D9B1E348DBF83A,F52B207C34DCCAD1C0C924B2FA6F6A54,275BA47921701418640D60CBFBBD3E2E,,,"6""-FG-U120-1175-C1","6""-N2-U120-2828-B2",PipeRun,PipeRun,C00FC3A0FFB871F69522C7C9D3CA4128
B33708F372021634BBA93010D3A7E1E6,The connect point is unattached.,,2,1,1,8,6B3A0DA91E99604DA5AD2D88D84CC2A6,0C00097B54DE2D7E230379484FCEE76C,,,,,,PipingComp,,A6E500CA1BC9D6D1043E4F2EE6CC6F78
4180B99BB296A2FCB8B88E9F8D295A67,Oper Fluid Code(A) Is Not = Oper Fluid Code(B),OperFluidCode=OperFluidCode,1,1,1,5,FD17C4EE856A5A9FC879CF837029BC67,073734C1157039C2341E2E9F2DF9DDF8,C0BA9B33B9B9CBD2532603F023D37C55,,,"6""-N2-U110-5116-A1","3""-CW-U110-5186-A1",PipeRun,PipeRun,64BAF0523BD0EBA2719E81173A0AA56D
122B506BC3AC09A2F80A51C08B6C6515,Oper Fluid Code(null) Is Not = Oper Fluid Code(1001),OperFluidCode=OperFluidCode,1,1,1,6,601B1D430AA7723D7796BEA4B1BFD84E,E136ABA178E53AE7B20F59B331C729AC,49681A1024E87846B8C4480BA9A48EE0,,,"8""-N2-U110-9396-C1",N17,PipeRun,Nozzle,64BAF0523BD0EBA2719E81173A0AA56D
249773DCDA1A69BE6DFC9A0392FDD359,Insul Purpose(null) Is Not = Insul Purpose(10),InsulPurpose=InsulPurpose,1,1,1,4,B895CE1C3B8F71B260A922BB8629A63D,F16B5EC85808FDB381DE09B046C42E75,09C262F0910338BCC8F50D10F03E4286,,,"6""-SW-U190-8870-B2","6""-SW-U190-3518-A1",PipeRun,PipeRun,6D8BB49801DABF0F53249CDAD1D1A8C3
FAB13EEED8E74F40AF46D4B821B76367,The connect point is unattached.,,2,1,1,7,9137D87671A897C3C0184D412B13110E,CEEEE0ACE1D9BEF98DEB79A27DB15CA4,,,,,,PipingComp,,01DE7FEE8D4CBFB143281F4BD48C69EC
23F76B442D0E2341FE8DF19FAAA88223,Piping Materials Class(null) Is Not = Piping Materials Class(1001),PipingMaterialsClass=PipingMaterialsClass,1,1,1,8,8D9EA7A943C4B5E2EABAF8FD0FA8E4D0,CFF59E4FFDA043B83383364218D5A163,261FB12F75C265B06EFE18080D0D85B0,,,U100-PT-2996,"4""-SW-U100-4068-A1",Instrument,PipeRun,096059B5100DF4E1C33DE2437345E3F0
883F6D97A69626AD047D57D4B9D00E22,Pipe Line F R O M(null) Is Not = Pipe Line F R O M(10),PipeLineFROM=PipeLineFROM,1,1,1,8,F26EA8DCAC4FF2ADCAF98D70A22BDE36,8C42B4A61DDF6FC26E20D7BCB8DFA07A,68984A937B22B36599060361AB2FE1F6,,,U100-SIG-5301,"6""-CW-U100-7927-C1",SignalRun,PipeRun,096059B5100DF4E1C33DE2437345E3F0
31CF3E748A37DA5A4A619BFBCD127D62,Temperature(10) Is Not = Temperature(null),ProcessDesign.Max.Temperature=ProcessDesign.Max.Temperature,1,1,1,5,3772B49BB519765241F4612A98859AFD,878DDD837D187D1082773441F560A944,EA3ABE25E2D71EEF67351DCAF6A56DAB,,,"4""-N2-U110-8809-A1","6""-P-U110-7608-B2",PipeRun,PipeRun,64BAF0523BD0EBA2719E81173A0AA56D
5F9D90B521391DCF3C0979E3A2A75E83,The connector endpoint is unattached,,5,1,1,5,FC14EF1DD2710425786CCE66BFF4081A,3BA5A6EA0FAF0B19264BB8EADF52C746,,,,U120-SIG-4863,,SignalRun,,C00FC3A0FFB871F69522C7C9D3CA4128
5B247F7EE22D8941739351EC31089421,Nominal Diameter(A) Is Not = Nominal Diameter(B),NominalDiameter=PipingPoint1.NominalDiameter,1,1,1,5,FDE23B4165E28F0F5CCF76EA194FDFC1,6396EBC4791C878277594B366A7D6DDA,3A77B9286A175C408923F905779FF370,,,U120-SIG-6353,"8""-CW-U120-4821-A1",SignalRun,PipeRun,C00FC3A0FFB871F69522C7C9D3CA4128
0AC71CB08961E444DB2B85749AC7A701,Oper Fluid Code(P) Is Not = Oper Fluid Code(N),OperFluidCode=OperFluidCode,1,1,1,5,0FF93C9F25A86D9862D3AE3A051BECA4,443F9E5F5C87D0587394FF8305371B2A,621D3446509D4131CE83390784558B70,,,"4""-P-U110-7910-B2","3""-SW-U110-7390-A1",PipeRun,PipeRun,64BAF0523BD0EBA2719E81173A0AA56D
94216DDD86B670FDAB2E347A2E61AE5F,Cannot evaluate consistency,,6,1,1,5,9137D87671A897C3C0184D412B13110E,9148D21B9DB58BA7CDFCA5C11904F60C,,,,,,PipingComp,,01DE7FEE8D4CBFB143281F4BD48C69EC
D48179236443C98B56C3919E1302A321,Nominal Diameter(null) Is Not = Nominal Diameter(1001),NominalDiameter=PipingPoint1.NominalDiameter,1,1,1,5,3772B49BB519765241F4612A98859AFD,19EA2B24019BEF1BBDA6AD8068597C34,8623D7CC2867CDF0633883C73E83DC13,,,"2""-N2-U110-3890-A1","6""-SW-U110-5503-A1",PipeRun,PipeRun,64BAF0523BD0EBA2719E81173A0AA56D
D6A905B218A46464475694364FEF7345,The connect point is unattached.,,2,1,1,5,5A76E455880BFA67A447D0C1E2BABA28,680FA6CFADCC2CBF608E8C0D27C39A26,,OPC-7299,,,,,,64BAF0523BD0EBA2719E81173A0AA56D
00972B77799334A71441EFE0EC186A7D,The connect point is unattached.,,2,1,1,5,9DEE39D15FEDC88A61A9009654CCBDEB,A5C0C798DDCE3878FD7DAACA50A13C77,,,,,,PipingComp,,64BAF0523BD0EBA2719E81173A0AA56D
56A1BBD2BC6260F2F5E079C49E7504E8,Fluid Code(A) Is Not = Fluid Code(B),FluidCode=OperFluidCode,1,1,1,6,88CF47B80E7B23F78DB45AEAF7014E6D,DE51CB23BBF5617DF22DF8F6FDDFECC3,B0E7F52AE9D1ABD353B44585A72C633D,,,"2""-P-U100-8481-C1","8""-N2-U100-4989-A1",PipeRun,PipeRun,096059B5100DF4E1C33DE2437345E3F0
4DBBB16673AB5770435260CA7B514C89,Temperature(A) Is Not = Temperature(B),ProcessDesign.Max.Temperature=ProcessDesign.Max.Temperature,1,1,1,5,255FA027667D5CD05424BDA0F6F0F415,7AD0F1592B6307D2FEDCF4DB04A85828,DC9819D1C2885905CAF84802E271264F,,,"2""-FG-U130-6496-C1","6""-P-U130-9638-B2",PipeRun,PipeRun,A6E500CA1BC9D6D1043E4F2EE6CC6F78
AE482A8FC2C8DE62D99DD585F739D928,Pressure(null) Is Not = Pressure(1001),ProcessDesign.Max.Pressure=ProcessDesign.Max.Pressure,1,1,1,5,19960560F2DA3F110D29206C24EC49F4,AED3D80C8CB058F3BA0DC1C76F7BD8F2,48A57008BA22090940886CB7D5996602,,,,"2""-P-U110-3135-A1",PipingComp,PipeRun,64BAF0523BD0EBA2719E81173A0AA56D
5B48A7D848D1152FA009186D364869B2,Tag Sequence No(null) Is Not = Tag Sequence No(10),TagSequenceNo=TagSequenceNo,1,1,1,5,9DEE39D15FEDC88A61A9009654CCBDEB,1BAA82639D8F44BAD215826CAB5E5077,5D2EC90413FC04841B4C8BACA5DFB82F,,,"2""-SW-U110-9404-B2","6""-CW-U110-5975-C1",PipeRun,PipeRun,64BAF0523BD0EBA2719E81173A0AA56D
3D7E3C2F4E48CD80549390A0DB11884B,The connect point is unattached.,,2,1,1,5,306BDAD413B5B8D3A5D97A38517E5EDC,3A83426E5C18DF03C5466B0B33DDFD20,,,,,,PipingComp,,096059B5100DF4E1C33DE2437345E3F0
B31A9002F2F5A49270CC92B5FA9EBBAC,Temperature(P) Is Not = Temperature(N),ProcessDesign.Max.Temperature=ProcessDesign.Max.Temperature,1,1,1,4,32D5A7A0F8CB998262622F5EC3B3B801,7B181496DAFE55728786AE583DC20822,EF91051ED02EFADF7504816DFEDF854F,,,"8""-FG-U100-2483-C1","2""-N2-U100-4063-B2",PipeRun,PipeRun,096059B5100DF4E1C33DE2437345E3F0
ED92647627A790EA1BBDF2D4DFBDA33A,Pipe Line T O(A) Is Not = Pipe Line T O(B),PipeLineTO=PipeLineTO,1,2,1,5,C393C5CDE02B4F8045042EE065265D02,5F6F56E647F0EB73743391B427704ACD,1AE33E568FB2B7F6A74261969D3C409A,,,U120-FT-6589,"3""-N2-U120-6891-B2",Instrument,PipeRun,C00FC3A0FFB871F69522C7C9D3CA4128
CA5E2203F11D6A1354AB417868686946,Cannot evaluate consistency,,6,1,1,5,79F1A8C9EBEDDCDF31BB2517FD95FBB1,2F3DA4ED0D017B62EB434483A7B91860,,,,,,PipingComp,,096059B5100DF4E1C33DE2437345E3F0
12E060BD746030AE0A848CFE3253D551,The connect point is unattached.,,2,1,1,5,847D084D485D5E3CE9902FBADAE8F101,9382923538747703B993B62115E3E8C3,,,,,,PipingComp,,096059B5100DF4E1C33DE2437345E3F0
55E74AE6B842EDE4C027385421E21990,Tag Sequence No(A) Is Not = Tag Sequence No(B),TagSequenceNo=TagSequenceNo,1,2,1,5,C2DF5D56839629AFC8F152541A0C3236,FB7AB1DDBD383E02DEA719EE1C2BF11D,B81F8ECC843121E910C117A42B8701F6,,,"3""-CW-U120-5573-B2","8""-P-U120-6161-B2",PipeRun,PipeRun,C00FC3A0FFB871F69522C7C9D3CA4128
DEB661F85D09064AE389A32D41DF492A,Temperature(P) Is Not = Temperature(N),ProcessDesign.Min.Temperature=ProcessDesign.Min.Temperature,1,2,1,5,5BDD1E68CB7DF33559C65C4A568F3849,FA56F1B621163D8EC680806BB9DFB889,6FC6A6BE2CB3D769531577DE79B230FD,,,"6""-FG-U100-8972-A1",,PipeRun,PipingComp,096059B5100DF4E1C33DE2437345E3F0
FB6CFC0E0734B6FA83E49FBC7BACC8DF,The connect point is unattached.,,2,1,1,7,331E6C2270DCE687D4EA54A3CDA45B66,EE0407E0A0EFFB35FDEA3EAB988EA9E4,,,,,,PipingComp,,64BAF0523BD0EBA2719E81173A0AA56D
55E9C4F39FCA8F88FDA52BE85F2D9790,Pipe Line F R O M(P) Is Not = Pipe Line F R O M(N),PipeLineFROM=PipeLineFROM,1,1,1,6,601351B316B14DC2F37D75025FEF4ADC,956C6AD407C9B23274EAB4A30302CFC6,0761BCBFB0A00337377DA5EAB6039D7B,,,N17,"6""-N2-U110-3308-C1",Nozzle,PipeRun,64BAF0523BD0EBA2719E81173A0AA56D
8286199D17D4FF1D2AA94AE1A64F793B,Insul Purpose(null) Is Not = Insul Purpose(1001),InsulPurpose=InsulPurpose,1,1,1,5,D0C901DDF31E7BEF10FE194B6901709E,537A8F0B1D16C8BF8F0FC72D792E45BF,009DC96371B3DF73A661BEC3E13A75F0,,,"8""-N2-U100-5185-C1",N17,PipeRun,Nozzle,096059B5100DF4E1C33DE2437345E3F0
7EAD5083C0C9E8CF3EBAB7F187FA2F6F,Supply By(A) Is Not = Supply By(B),SupplyBy=SupplyBy,1,1,1,4,773270B8D0D799071653A7C5AD80D6C4,7477B69F2E23590A85C56DB07BAC069B,D8B7E02BD390A3E9AEFE96712F741CE7,,,"6""-FG-U100-7356-C1","3""-N2-U100-9444-C1",PipeRun,PipeRun,096059B5100DF4E1C33DE2437345E3F0
C55F315180C0CDCC27E0BB18EF5BAB1E,The connector endpoint is unattached,,5,1,1,4,9DEE39D15FEDC88A61A9009654CCBDEB,8D8F38088557CF05BA4EDBAF0013093A,,,,"3""-FG-U110-8759-A1",,PipeRun,,64BAF0523BD0EBA2719E81173A0AA56D
6B790385E7CF28D9C6FAD5F5EFAB743C,The connect point is unattached.,,2,1,1,5,3617836BAAC586013A6529A833CE90E4,9C094B79446411E0A34BBB3467F0DE12,,,,,,PipingComp,,C00FC3A0FFB871F69522C7C9D3CA4128
35F740773735BB7A1D4317E06333D216,The connect point is unattached.,,2,1,1,5,B28529F9BDDAE996DC661E392493AA84,27D147CB035F1E263350A5F105960E16,,OPC-9251,,,,,,096059B5100DF4E1C33DE2437345E3F0
A32B3099335EBD1CED50E2EA896BA34F,Pipe Line F R O M(20) Is Not = Pipe Line F R O M(25),PipeLineFROM=PipeLineFROM,1,1,1,5,0F189CC773B3B551169C36E904073502,4CFBEAE27C633097838A46DF7EF195E4,E75B8B5AA5ADE0F737EAA136068DB52E,,,"3""-N2-U110-1470-A1","2""-FG-U110-2196-C1",PipeRun,PipeRun,64BAF0523BD0EBA2719E81173A0AA56D
5B2AE984CA342463EBA0F40E1D317134,The connector endpoint is unattached,,5,1,1,5,A31D08ECA435F7F0C91AE9A1FB1D53A9,256534EE5947A3BE546717D860C0D3C6,,,,U100-SIG-3695,,SignalRun,,096059B5100DF4E1C33DE2437345E3F0
EB4080EE71560C69DEBD48ACE894D64E,Nominal Diameter(null) Is Not = Nominal Diameter(10),NominalDiameter=NominalDiameter,1,1,1,4,255FA027667D5CD05424BDA0F6F0F415,57373E415BB89059FB3E6EFD9C0E99A1,4FA6019D98AD8EC7C73178C6E7394645,,,"2""-SW-U130-1917-A1","4""-P-U130-9892-B2",PipeRun,PipeRun,A6E500CA1BC9D6D1043E4F2EE6CC6F78
46DFA62F72C55C85D9C96C23D691E52E,Temperature(20) Is Not = Temperature(25),ProcessOperating.Min.Temperature=ProcessOperating.Min.Temperature,1,1,1,5,F56C6C5546336B45BF46D41F257BA3AF,74A738F96A4B5972ACE4DC964279C93D,5001F22D5046604905840BA58467AF5F,,,"8""-N2-U190-5757-C1",,PipeRun,PipingComp,6D8BB49801DABF0F53249CDAD1D1A8C3
74A2BBA250D84FF2751D7EBB8FF6C22A,Supply By(null) Is Not = Supply By(1001),SupplyBy=SupplyBy,1,1,1,5,0EA95E3C2BE73E517C3ECAE068D39A87,17BFC32965AC5C230CF044EC19F11D33,982827EB12CC57246CC31DCCCAFDAE02,,,"3""-FG-U110-8659-A1","6""-CW-U110-3310-A1",PipeRun,PipeRun,64BAF0523BD0EBA2719E81173A0AA56D
B0EB07C36AAF75321A40278737D7EA20,Temperature(null) Is Not = Temperature(1001),ProcessDesign.Min.Temperature=ProcessDesign.Min.Temperature,1,1,1,4,C488662F969F34058A82ECE077975BE5,A8D55D70F979899D5359621DF03E6B18,E344BAB274A6E57511864281F13704F5,,,"2""-CW-U100-8285-C1","3""-FG-U100-7412-C1",PipeRun,PipeRun,096059B5100DF4E1C33DE2437345E3F0
930E02FAE97BE871848D01A6A0849190,The connector endpoint is unattached,,5,1,1,5,B895CE1C3B8F71B260A922BB8629A63D,7C19E347D38EC7CDE4D82EE8223B7416,,,,U190-SIG-1267,,SignalRun,,6D8BB49801DABF0F53249CDAD1D1A8C3
BD1EED004C730CAC36FACEC5B0093AFC,Nominal Diameter(null) Is Not = Nominal Diameter(1001),PipingPoint1.NominalDiameter=NominalDiameter,1,2,1,5,6291B69CCDBF5D0F638861CC79DA3744,F9D1E64E5810672A32572162CD488352,288ECA833587EC3BB2C6BAC434DEED6E,,,"4""-N2-U100-1852-B2","4""-SW-U100-8462-A1",PipeRun,PipeRun,096059B5100DF4E1C33DE2437345E3F0
D79EEE03B386AA18CF458F327FAE23AA,H Trace Medium(10) Is Not = H Trace Medium(null),HTraceMedium=HTraceMedium,1,1,1,5,FC14EF1DD2710425786CCE66BFF4081A,BACCD58FF031931DD5229B88F7F7D8C0,8EE000B254D2EF73A4D6B22EF4EBB2B1,,,"3""-P-U120-6603-C1",,PipeRun,PipingComp,C00FC3A0FFB871F69522C7C9D3CA4128
1BE1A01457B98F5CA85DD2FAD0A8AC57,Tag Sequence No(null) Is Not = Tag Sequence No(10),TagSequenceNo=TagSequenceNo,1,1,1,6,7A2DA80AC82E10C52551B5650E18A057,BF6019B51E72EAE5A7985E47DD9A2428,1C2206D0E91EEF49FEF1049F2AD32EBD,,,"4""-SW-U110-7737-C1","6""-FG-U110-1414-A1",PipeRun,PipeRun,64BAF0523BD0EBA2719E81173A0AA56D
864C59DB0EEA12CCCD7F49CCD022ADD8,Oper Fluid Code(P) Is Not = Oper Fluid Code(N),OperFluidCode=OperFluidCode,1,1,1,8,09B849AEED982B62E9F3EE29EDEEC671,C03B320127027405A199423B8B85A5DA,74290AEF0AB9BC4C4F22FEB85425AB58,,,"6""-SW-U100-5559-A1","4""-SW-U100-3168-A1",PipeRun,PipeRun,096059B5100DF4E1C33DE2437345E3F0
61037603A342DECC82699942639062B5,Insul Purpose(10) Is Not = Insul Purpose(null),InsulPurpose=InsulPurpose,1,1,1,5,C488662F969F34058A82ECE077975BE5,E67549D625730F8F4D7C71A93D90FDB7,80808C20A7C0B548D200047F0B7BC3D4,,,N8,"4""-SW-U100-7721-A1",Nozzle,PipeRun,096059B5100DF4E1C33DE2437345E3F0
672D14B83976AE8B9DBF489EE1A5E5DF,Temperature(A) Is Not = Temperature(B),ProcessDesign.Max.Temperature=ProcessDesign.Max.Temperature,1,2,1,6,FCBF8FEA7A21695AAEDD995555D7C788,A0A30C362BF4C4B1A4561E0662254E6F,6F42A74A2344AE1BEE9BED90A5415B24,,,"4""-N2-U110-9404-C1",N1,PipeRun,Nozzle,64BAF0523BD0EBA2719E81173A0AA56D
2A080A6B9DBCAEB0E661754C1AAB2F2C,Fluid System(null) Is Not = Fluid System(1001),FluidSystem=FluidSystem,1,1,1,5,6158E2B61D526CDCEF4BE5A4E1BADB5C,1EB9314370E7ECCB0ABBB5B91AA6CA01,BE02A9121B6C78485CF36D6FA1E84336,,,"2""-SW-U110-1979-B2","6""-FG-U110-2144-C1",PipeRun,PipeRun,64BAF0523BD0EBA2719E81173A0AA56D
330C5103411DCDA3A6A1DAF2134B0BD5,Nominal Diameter(P) Is Not = Nominal Diameter(N),NominalDiameter=PipingPoint1.NominalDiameter,1,2,1,4,5A76E455880BFA67A447D0C1E2BABA28,39F959A4B1FB298E226B69487B3D038C,77A2A9533DE782FAAD17BED27AB66DE3,,,"8""-CW-U110-5656-A1",N17,PipeRun,Nozzle,64BAF0523BD0EBA2719E81173A0AA56D
4524854F8373C289EE16001D4D632DA3,Tag Sequence No(null) Is Not = Tag Sequence No(10),TagSequenceNo=TagSequenceNo,1,1,1,5,F26EA8DCAC4FF2ADCAF98D70A22BDE36,0D40F838A6D141EFF2D7D4E0458D3B4B,8FC010D717A5E53129388778EDE7E474,,,"3""-N2-U100-4342-C1","4""-CW-U100-8752-A1",PipeRun,PipeRun,096059B5100DF4E1C33DE2437345E3F0
DC65E2087C79F3927CC956AD348033A1,Tag Sequence No(P) Is Not = Tag Sequence No(N),TagSequenceNo=TagSequenceNo,1,1,1,5,0392DEA5879E192324B03DD24ABE0A4B,579FA16FC591803AF14D4C1F84F68D26,1C04BBF5479FD5C78F59EE5100309431,,,"8""-SW-U100-3791-A1",,PipeRun,PipingComp,096059B5100DF4E1C33DE2437345E3F0
5939173B1657B3E1590E40286AA91A17,The connect point is unattached.,,2,2,1,7,FC14EF1DD2710425786CCE66BFF4081A,125010ABD80261914C142B75AFC533BA,,,,,,PipingComp,,C00FC3A0FFB871F69522C7C9D3CA4128
39081A3F767EFC1AF2E9DAD293C3B52E,The connect point is unattached.,,2,2,1,5,289E25E4233EED9A2913FDF22C37FABF,92E910D8A8EEA1730E256F1BB7D9AB9C,,,,,,PipingComp,,C00FC3A0FFB871F69522C7C9D3CA4128
7C75E951544D75ADC169020E06E61D57,Insul Purpose(null) Is Not = Insul Purpose(1001),InsulPurpose=InsulPurpose,1,1,1,5,D1D4A07CB2978F5446D09E8263F0A8F5,B55A8CC59DE29644B608084F0A68CE9D,53E93D4401D0FA5DD00363719B3C0EDA,,,,"4""-FG-U110-4407-A1",PipingComp,PipeRun,64BAF0523BD0EBA2719E81173A0AA56D
F394ADFF81EF1A8B3AB24326EB82625B,The connector endpoint is unattached,,5,2,1,4,66F48B4ADF18024CCCA1094DB63EB67C,66E680BF556C2ABDC59A81638D8D3188,,,,"3""-N2-U100-9646-A1",,PipeRun,,096059B5100DF4E1C33DE2437345E3F0
D082CFDC70F89137F89FDFD26AEC41CE,Insul Purpose(10) Is Not = Insul Purpose(null),InsulPurpose=InsulPurpose,1,1,1,8,B2E7EDD61174E8763991D6244E7B0DC9,7B87B3FD6E89A9AD5D76732A0DD37507,642D46BA3D33C68F21036FF8B999700F,,,U110-FT-3523,"4""-CW-U110-4864-C1",Instrument,PipeRun,64BAF0523BD0EBA2719E81173A0AA56D
48797811E68D73D7EACC2692D9F13DDB,Nominal Diameter(P) Is Not = Nominal Diameter(N),PipingPoint1.NominalDiameter=NominalDiameter,1,2,1,6,9DEE39D15FEDC88A61A9009654CCBDEB,165504528A9DD60DEB6CFDCB09F62772,24FA913955F59FC2D576E86CFFED8EF7,,,"3""-P-U110-9026-B2",U110-PT-7592,PipeRun,Instrument,64BAF0523BD0EBA2719E81173A0AA56D
5873348E3E3DD55D70698621B01159B2,Piping Materials Class(20) Is Not = Piping Materials Class(25),PipingMaterialsClass=PipingMaterialsClass,1,1,1,5,F7420B7B394FA160BA6FCD82B8DBE0A7,39F236BB6037D483BB9B24ADE132348B,5AE1705DF4705C4F1AAF1DDAE202681E,,,"3""-CW-U100-5960-C1","6""-P-U100-8633-C1",PipeRun,PipeRun,096059B5100DF4E1C33DE2437345E3F0
AB0F4D2A8380996F441E45A6B8B61C2A,The connector endpoint is unattached,,5,1,1,5,18A21E6DEAED6CF69C7A0F693E18F8F6,8679C982C04F7FC3CC56999970D9D9BE,,,,"2""-CW-U120-8392-A1",,PipeRun,,C00FC3A0FFB871F69522C7C9D3CA4128
00E732647DB5A3FB8F4A7DA62E4E5AFE,Tag Sequence No(20) Is Not = Tag Sequence No(25),TagSequenceNo=TagSequenceNo,1,2,1,6,B65DFD027E5BBC6123D0C26C2334C0AA,3D791594B3723F59CD16709A93660A9C,77B87491409BD250F8DF1B32F092A978,,,,"6""-N2-U120-8552-C1",PipingComp,PipeRun,C00FC3A0FFB871F69522C7C9D3CA4128
478CEB8B54376564363CAA6E3B569EE2,Piping Materials Class(P) Is Not = Piping Materials Class(N),PipingMaterialsClass=PipingMaterialsClass,1,1,1,5,6040BC346C6FDD3461209D95E733310F,9691BB81E8152A9213430977DF65B897,A423CAFD956B2F6540533F4F17656A85,,,"3""-SW-U120-6702-C1",U120-V-6907,PipeRun,Vessel,C00FC3A0FFB871F69522C7C9D3CA4128
2FD040174149C4B2D61239FB2D1E116B,Insul Purpose(A) Is Not = Insul Purpose(B),InsulPurpose=InsulPurpose,1,1,1,4,8D9EA7A943C4B5E2EABAF8FD0FA8E4D0,D22EACA49B4553096A5A8AE67EB4414C,BB45D1234E1EDD125CC050BDDD4007C1,,,N1,"6""-CW-U100-8641-A1",Nozzle,PipeRun,096059B5100DF4E1C33DE2437345E3F0
5CF76637B950273AC3EA957300B84703,Oper Fluid Code(20) Is Not = Oper Fluid Code(25),OperFluidCode=OperFluidCode,1,1,1,5,9137D87671A897C3C0184D412B13110E,53C32C9382086E56D53F0FF391107F8B,6581925F1A12D71F6734246497ADC602,,,N12,"3""-N2-U150-3219-C1",Nozzle,PipeRun,01DE7FEE8D4CBFB143281F4BD48C69EC
361A900BF6326A6A8E1D950EFC7FD39F,Nominal Diameter(10) Is Not = Nominal Diameter(null),PipingPoint1.NominalDiameter=NominalDiameter,1,1,1,8,FDDCAA6B1CDC8331F1083F5F610A82D9,FCBF3279197ED70EECCB9960C4DDD7EA,409F1AA539AB7B16BA2BACE63ADD89EC,,,"2""-SW-U100-5672-B2",N7,PipeRun,Nozzle,096059B5100DF4E1C33DE2437345E3F0
6931DA376A21289FEA92B0CFAA0A8244,Cannot evaluate consistency,,6,1,1,5,51629E19B54AE62FCF3CDDC55AE9712C,092AEEB7CD9B9E54E2AB24F47BFAC03B,,,,"3""-N2-U110-6587-A1",,PipeRun,,64BAF0523BD0EBA2719E81173A0AA56D
F4122CCCA6725148F9F3F45642432D71,Temperature(A) Is Not = Temperature(B),ProcessDesign.Max.Temperature=ProcessDesign.Max.Temperature,1,1,1,5,6040BC346C6FDD3461209D95E733310F,D658C07E0048551279525F88AA372D9D,0D372D36C728C56A7D9EED5B259015A9,,,"3""-P-U120-5820-A1","2""-FG-U120-9268-C1",PipeRun,PipeRun,C00FC3A0FFB871F69522C7C9D3CA4128
5E3E1A2F19DD5528EE405FEADE8BE667,The connect point is unattached.,,2,1,1,6,84881B6622C0E556382A2344B0D1A60A,3D7D73C6C37B9769B18C4B83EF18B804,,OPC-2513,,,,,,C00FC3A0FFB871F69522C7C9D3CA4128
C45232FD1AEC7B73B05DC54E576ACA91,The connect point is unattached.,,2,2,1,4,9137D87671A897C3C0184D412B13110E,690F610EAC480B1CFDD2F9A3479942D9,,,,,,PipingComp,,01DE7FEE8D4CBFB143281F4BD48C69EC
3891BAC776F525A0381E8DA2CD09FE96,Fluid Code(null) Is Not = Fluid Code(10),FluidCode=OperFluidCode,1,1,1,8,84881B6622C0E556382A2344B0D1A60A,614C8884B07958B5517C5AEEC0EBB92E,A0C5541A8EE1B8719F697B765F9FDEE3,,,"8""-CW-U120-1666-A1","2""-P-U120-1645-A1",PipeRun,PipeRun,C00FC3A0FFB871F69522C7C9D3CA4128
665F8193E3A6D1D3BA4A23842E79DDC0,Temperature(P) Is Not = Temperature(N),ProcessDesign.Max.Temperature=ProcessDesign.Max.Temperature,1,1,1,5,A6B86F67E9684B1952772AB837017250,9069D2EE6646B524C051F59552CB272E,A8973B348143CC5BC12B318D52B3019D,,,N19,"3""-N2-U110-5583-A1",Nozzle,PipeRun,64BAF0523BD0EBA2719E81173A0AA56D
E2382D2170EA2EB18B5CB00ACD3021BD,The connector endpoint is unattached,,5,1,1,5,6158E2B61D526CDCEF4BE5A4E1BADB5C,14E3C0A0B3ED84A9DE1126CE4722C2C0,,,,U110-SIG-9271,,SignalRun,,64BAF0523BD0EBA2719E81173A0AA56D
73E864B69CDE3BE4B2766804E27CEE55,Tag Sequence No(P) Is Not = Tag Sequence No(N),TagSequenceNo=TagSequenceNo,1,1,1,5,FCBF8FEA7A21695AAEDD995555D7C788,67E5309C115E799F7C33A8953D5F6AF4,8E2AF409FC7CCECD69E3FD2536A8F544,,,,"8""-CW-U110-9665-A1",PipingComp,PipeRun,64BAF0523BD0EBA2719E81173A0AA56D
9968044C288751399566E8AE2432683A,Inconsistent flow direction,InlineComp.FlowDirectionFlowDirection,3,1,1,5,FD17C4EE856A5A9FC879CF837029BC67,80F4F252034814783526B5A4E8B71955,FA2AB1998926257CD1A7995CD851A018,,,"4""-CW-U110-6450-C1",,PipeRun,PipingComp,64BAF0523BD0EBA2719E81173A0AA56D
D207BCE86891B9371F230A34AFA32495,Pressure(null) Is Not = Pressure(10),ProcessDesign.Max.Pressure=ProcessDesign.Max.Pressure,1,1,1,5,D0C901DDF31E7BEF10FE194B6901709E,690F6B9010381EC30EDB0418A3028920,463F303AEC416626ABDD5D33A3919C1B,,,"3""-N2-U100-2607-A1","3""-SW-U100-4712-A1",PipeRun,PipeRun,096059B5100DF4E1C33DE2437345E3F0
97E16C363A92E4822096F254F1AA5B02,The connect point is unattached.,,2,1,1,4,AED5A2B3BDE999F4FBD39B4768585C9B,28FF276F1797B83E08207B071912BA36,,,,,,PipingComp,,096059B5100DF4E1C33DE2437345E3F0
9BCCE00B5741C07384BE9BE005A4E14D,Piping Materials Class(10) Is Not = Piping Materials Class(null),PipingMaterialsClass=PipingMaterialsClass,1,1,1,5,F8CAE444C3FB934DB7214A7B88D9F3C6,7CB2ADBE4771DFBC9F5BFE662731A401,A4FE9BDB60A52922EFE58AD6982B15F0,,,,"3""-N2-U160-5417-B2",PipingComp,PipeRun,01D6B91D5D07C07D22E70FD0038D63D4
0A46E48384FB573C00B6DA42F027C4C9,Temperature(10) Is Not = Temperature(null),ProcessDesign.Min.Temperature=ProcessDesign.Min.Temperature,1,1,1,8,18A21E6DEAED6CF69C7A0F693E18F8F6,BEFE17CF0E8A669C77B6717369890F12,9A0A6024FF065B42EC3B130B521FB47C,,,"8""-N2-U120-9506-B2",U120-FT-5529,PipeRun,Instrument,C00FC3A0FFB871F69522C7C9D3CA4128
F96B0A6BA43F8E6DFC163D2CEB414173,Temperature(20) Is Not = Temperature(25),ProcessDesign.Max.Temperature=ProcessDesign.Max.Temperature,1,2,1,5,18A21E6DEAED6CF69C7A0F693E18F8F6,11617CA424F61C8452EE7252F0F50B81,E4E93C53209F88C148ED663EA2BAE5A5,,,"3""-FG-U120-4221-B2","4""-SW-U120-6713-C1",PipeRun,PipeRun,C00FC3A0FFB871F69522C7C9D3CA4128
5AE591B77EF6040DF4A8F817C899C04D,Nominal Diameter(10) Is Not = Nominal Diameter(null),PipingPoint1.NominalDiameter=NominalDiameter,1,1,1,5,B895CE1C3B8F71B260A922BB8629A63D,D2E93361355A37CF712FC9C13867D1E5,2A40FB3F4773DF873D392F12994FC1DB,,,"3""-FG-U190-8662-C1","8""-FG-U190-3006-B2",PipeRun,PipeRun,6D8BB49801DABF0F53249CDAD1D1A8C3
FD483B8007EC7F5B13EC2EBAE7126B0F,Piping Materials Class(20) Is Not = Piping Materials Class(25),PipingMaterialsClass=PipingMaterialsClass,1,1,1,5,FDE23B4165E28F0F5CCF76EA194FDFC1,79D82CF55ADF974F1A04263784F17213,0D4E76FCDDDA284043ECD5D40C51295D,,,,,PipingComp,PipingComp,C00FC3A0FFB871F69522C7C9D3CA4128
14C81CCB5C609182E46318D102332D64,Piping Materials Class(A) Is Not = Piping Materials Class(B),PipingMaterialsClass=PipingMaterialsClass,1,2,1,8,7E57DDE07CD80FA372A80C0659F4615D,F5EB7892F17D9EF9FE129AACE8B14DDC,5636AA9EE3EE1C96ED1275F1D2492551,,,"6""-P-U100-5197-B2","2""-FG-U100-7615-C1",PipeRun,PipeRun,096059B5100DF4E1C33DE2437345E3F0
492D71F0AA6C51E327698B22DC50E6CD,The connector endpoint is unattached,,5,1,1,5,33E233D68C42D2657953DB0EEF26D073,960902A2D81C683176D4BD4B34D17CAF,,,,U170-SIG-2384,,SignalRun,,FEBE2715D378C22F880205573EA4893C
DBBE10A4DB17523D51919DE6B26D0751,The connector endpoint is unattached,,5,1,1,5,5666596060ECE59F65B4EDF64AB413A3,C2F5B45736A512CB87637234C2285249,,,,U120-SIG-1622,,SignalRun,,C00FC3A0FFB871F69522C7C9D3CA4128
AA86BDD8DA34A907904511B2372DEFAD,Oper Fluid Code(10) Is Not = Oper Fluid Code(null),OperFluidCode=OperFluidCode,1,1,1,5,24EDF061651069DC69A1E7A74FA9680E,D66311796A965425A6C9E6BAB3E1E358,03248289FF68D0B424E745F7FC6F91B5,,,"6""-P-U120-9758-B2",,PipeRun,PipingComp,C00FC3A0FFB871F69522C7C9D3CA4128
BBF32124360C510B8039CA6CD808EA18,Piping Materials Class(null) Is Not = Piping Materials Class(10),PipingMaterialsClass=PipingMaterialsClass,1,1,1,4,3772B49BB519765241F4612A98859AFD,4AD3E8845BCB9EE08C642C65A4F49AB0,7CA37030E8DF4F89D0E6839F2275C86A,,,"3""-SW-U110-5956-B2",U110-P-4906,PipeRun,Mechanical,64BAF0523BD0EBA2719E81173A0AA56D
1AA1EC21F914CBEF0FC8CE39A98DDC95,The connector endpoint is unattached,,5,1,1,5,84881B6622C0E556382A2344B0D1A60A,470736D4E2BA18B29FC1D03EA206E8AD,,,,U120-SIG-7226,,SignalRun,,C00FC3A0FFB871F69522C7C9D3CA4128
FD1A704E41330581C671A773318A20F9,Nominal Diameter(null) Is Not = Nominal Diameter(10),NominalDiameter=PipingPoint1.NominalDiameter,1,1,1,4,216C0C87DC569318B5C4DD82C39DC932,07820C0D6A2C08C7DED0647FF79DC87D,E35EF1A0DF2F9EBBFED586E43AED5CBB,,,"3""-P-U110-4121-A1","4""-FG-U110-2971-A1",PipeRun,PipeRun,64BAF0523BD0EBA2719E81173A0AA56D
7D38CEEB3BD33C3724C54A119C1ED2E7,Temperature(null) Is Not = Temperature(10),ProcessDesign.Max.Temperature=ProcessDesign.Max.Temperature,1,1,1,5,B2E7EDD61174E8763991D6244E7B0DC9,65CC1D2BB313D62C872F94EC62BD60F7,EA8B4B2D591F62D3BDE901B7C807D862,,,U110-FT-4610,U110-LT-1903,Instrument,Instrument,64BAF0523BD0EBA2719E81173A0AA56D
5D646B558C28D94CB1B343AAF30A8DE7,The connector endpoint is unattached,,5,1,1,5,2BB50D1DBD2C9927FA72B10F09A4CEF2,2BDC40B4FE03AD2245460D707D473D38,,,,U110-SIG-7612,,SignalRun,,64BAF0523BD0EBA2719E81173A0AA56D
EDA30B9238B8D1F2A83BA583097C1DAC,The connect point is unattached.,,2,1,1,5,6151546FAEC5D02EC2BD91CBFCE85343,CD5DB755262E0F78A501F810C98ED0F3,,,,,,PipingComp,,096059B5100DF4E1C33DE2437345E3F0
27BA225BFCBDE22C0536426B7C3C0539,The connector endpoint is unattached,,5,1,1,5,7A2DA80AC82E10C52551B5650E18A057,DCEA5904E48C78AD287C2F90C48DCCFA,,,,"2""-FG-U110-1326-C1",,PipeRun,,64BAF0523BD0EBA2719E81173A0AA56D
D7949ABB29D5FDD4532501DFB668B7EC,Supply By(A) Is Not = Supply By(B),SupplyBy=SupplyBy,1,1,1,5,F2DE2AE17F901C2864FF84814A155A7C,743FFB1E6AFFF86B1BBE90368F3DB776,9DF7D6390E993EC94B58DC9B27FFF576,,,"8""-P-U110-9116-B2","3""-CW-U110-4718-C1",PipeRun,PipeRun,64BAF0523BD0EBA2719E81173A0AA56D
5A5DE7E7F2B5C1967AD2C6779D242D65,The connector endpoint is unattached,,5,2,1,5,6151546FAEC5D02EC2BD91CBFCE85343,4DBCFF63CBC168FC9C0935E938DC8A66,,,,"4""-SW-U100-7192-B2",,PipeRun,,096059B5100DF4E1C33DE2437345E3F0
0568F63EFFE4AA25BB9FAE4453532263,Temperature(20) Is Not = Temperature(25),ProcessDesign.Min.Temperature=ProcessDesign.Min.Temperature,1,1,1,7,91B3CEF29D8CA4ADC7CAEE80A0D21D62,1C31C53CA0A36E17D6C9CC8E5FFF6DB3,4311B025D8D11E49556CE5AD859ED230,,,"3""-CW-U140-5947-B2","4""-P-U140-3765-B2",PipeRun,PipeRun,D9F0C3193820468A97BD76260565103A
E8C2804CE43C079E7272F9BB658FC49F,Temperature(null) Is Not = Temperature(1001),ProcessDesign.Max.Temperature=ProcessDesign.Max.Temperature,1,2,1,5,5A76E455880BFA67A447D0C1E2BABA28,B4043B364F33D98B0BF08D5C7C479281,25F17444B62814D7D2F7F986CE377F4A,,,,N14,PipingComp,Nozzle,64BAF0523BD0EBA2719E81173A0AA56D
E5FD35928F32A8F76640F0AFC1F9CD9B,Tag Sequence No(A) Is Not = Tag Sequence No(B),TagSequenceNo=TagSequenceNo,1,1,1,5,C2DF5D56839629AFC8F152541A0C3236,7B738D4402600572474539CB194AB67C,D587836B27664D0AA4F204D821654CB0,,,"8""-P-U120-5174-A1",,PipeRun,PipingComp,C00FC3A0FFB871F69522C7C9D3CA4128
24236A0F96EE41B509E228B0B3984E6A,Fluid Code(20) Is Not = Fluid Code(25),FluidCode=OperFluidCode,1,1,1,5,B2B85521054FADE48E3FE7341D0D79BD,A972D43C49900B4D40E6A8BB31954ED6,72B784991B4D549481125F322F6AB86B,,,"6""-N2-U100-5438-C1","4""-CW-U100-4607-A1",PipeRun,PipeRun,096059B5100DF4E1C33DE2437345E3F0
49B0F3C23C1215F2C05B265B6BA3FA8B,The connector endpoint is unattached,,5,1,1,5,847D084D485D5E3CE9902FBADAE8F101,3A8A1F67F6F168EDF55981BFC9BA31BC,,,,U100-SIG-1287,,SignalRun,,096059B5100DF4E1C33DE2437345E3F0
5A98F92F2F46F5A626DA9E2B8774A31C,Temperature(null) Is Not = Temperature(10),ProcessDesign.Min.Temperature=ProcessDesign.Min.Temperature,1,1,1,6,B2E7EDD61174E8763991D6244E7B0DC9,9D50C52A1A9B59E8EC4D1FA2F1E6C20A,9C1454DB783472CDF391E0A3BBDDFEDC,,,"4""-N2-U110-8527-C1","2""-N2-U110-1731-C1",PipeRun,PipeRun,64BAF0523BD0EBA2719E81173A0AA56D
679D511CEA4F2C82AC6C6AA7ECD145EA,Tag Sequence No(A) Is Not = Tag Sequence No(B),TagSequenceNo=TagSequenceNo,1,1,1,6,0F189CC773B3B551169C36E904073502,E5E3F886DDA9FEFC3997A517B1E6C84C,71A4FE6DFCF2D3BD52D9C79FC363EB13,,,"2""-P-U110-2126-A1",,PipeRun,PipingComp,64BAF0523BD0EBA2719E81173A0AA56D
378861AB272CFA6A5E08656FBAF2DBEB,Tag Sequence No(null) Is Not = Tag Sequence No(10),TagSequenceNo=TagSequenceNo,1,1,1,4,8B085CA066E537966E96C4FA8A111B2A,A1B1E2507C2B19FF4D600A08C4E78172,9A5C20EF481E5CE5A9FF9327F345C3B5,,,U110-SIG-5532,"2""-P-U110-2543-A1",SignalRun,PipeRun,64BAF0523BD0EBA2719E81173A0AA56D
AE562E2A5532A86A9BBEE7538FF234F3,Tag Sequence No(null) Is Not = Tag Sequence No(10),TagSequenceNo=TagSequenceNo,1,1,1,5,79F1A8C9EBEDDCDF31BB2517FD95FBB1,4E6AC5112E9B019DEF560BC05509E672,6CCCCB8C309027FC95F86C8F30A8CE0B,,,"4""-CW-U100-3837-A1","4""-P-U100-7741-C1",PipeRun,PipeRun,096059B5100DF4E1C33DE2437345E3F0
FA52240E7F3E62743100E4B92A84599C,Fluid System(P) Is Not = Fluid System(N),FluidSystem=FluidSystem,1,1,1,5,9137D87671A897C3C0184D412B13110E,BE3732BE0F45C85AE330A54AEF15E068,124A37DC9B4D50D73E8210316F6BA5FC,,,"6""-CW-U150-3294-A1",N3,PipeRun,Nozzle,01DE7FEE8D4CBFB143281F4BD48C69EC
26224CFA930193B3579C68FE4A62A1F6,Tag Sequence No(A) Is Not = Tag Sequence No(B),TagSequenceNo=TagSequenceNo,1,1,1,5,91EEA5772E67B7E9C5C69716C5642BEA,EDA0634213BB1C6B807C40BAD9727B51,AED9F569EDA57CEF66E75818EF10896B,,,"3""-FG-U100-5568-B2","2""-P-U100-1607-B2",PipeRun,PipeRun,096059B5100DF4E1C33DE2437345E3F0
F4DF99789B29B3896899834C86768CB3,Temperature(A) Is Not = Temperature(B),ProcessDesign.Max.Temperature=ProcessDesign.Max.Temperature,1,1,1,8,F56C6C5546336B45BF46D41F257BA3AF,BC6C2ACF3DAB150C75E0C5293383D929,5593DC262A4C70D5C646F82CCA19D533,,,"4""-FG-U190-6106-C1","6""-N2-U190-5577-C1",PipeRun,PipeRun,6D8BB49801DABF0F53249CDAD1D1A8C3
F93059A38915A8E839250B0CF4F94D7E,Inconsistent flow direction,FlowDirectionInlineComp.FlowDirection,3,1,1,5,4D9F984D0ACCA97707860A010D4EB267,1FD4B5CBB8A90E84E74782A1FF69C638,B5F1F0AF520CD219A8CAE340ECA5C98E,,,"4""-FG-U100-3515-C1","8""-P-U100-7518-A1",PipeRun,PipeRun,096059B5100DF4E1C33DE2437345E3F0
3C7F8116AE6CD620FEEF885CA1E49E9D,The connect point is unattached.,,2,2,1,5,FC14EF1DD2710425786CCE66BFF4081A,F495B836D1A04DBC50FC1AF79BA71D2B,,,,,,PipingComp,,C00FC3A0FFB871F69522C7C9D3CA4128
FEC93B60F5E1310215FE0EAA9FB44DFE,The connect point is unattached.,,2,1,1,8,FDE23B4165E28F0F5CCF76EA194FDFC1,F5F3E3EDBF5CF41FC8C7602E359BB180,,,,,,PipingComp,,C00FC3A0FFB871F69522C7C9D3CA4128
7C41C5D446F5E79F989800BB73E1FFBA,Piping Materials Class(A) Is Not = Piping Materials Class(B),PipingMaterialsClass=PipingMaterialsClass,1,1,1,5,124933EFF594B5A4D6C95042F1723D85,C359DB8A7B7EAFE6B4570F7B8A3CF2F3,689D080E07E4CCDF86264F93F9E4C1BF,,,"2""-SW-U150-2833-B2","3""-SW-U150-4038-B2",PipeRun,PipeRun,01DE7FEE8D4CBFB143281F4BD48C69EC
3E2FB86507CEA98DAAB68FE71D1C1394,Fluid Code(null) Is Not = Fluid Code(1001),FluidCode=OperFluidCode,1,1,1,5,43CB2C01A0A70AE996698CC6C31ACF00,1A122FA4F7C11E6B8FCEC57A89B50B4D,6237AC79924038009E887B70C6E26CBD,,,"2""-FG-U100-1523-B2","8""-CW-U100-9082-B2",PipeRun,PipeRun,096059B5100DF4E1C33DE2437345E3F0
92FBFAE262F97BFCDB0DD541EC40E2D1,Tag Sequence No(A) Is Not = Tag Sequence No(B),TagSequenceNo=TagSequenceNo,1,1,1,5,0392DEA5879E192324B03DD24ABE0A4B,A7910C2B1A86E9BF70C54879D9A641BA,D8FAE3FB386ED1E7679BB660582BC24A,,,N2,"4""-FG-U100-5922-A1",Nozzle,PipeRun,096059B5100DF4E1C33DE2437345E3F0
281902F879177063FFF67E60B4CAB620,Piping Materials Class(P) Is Not = Piping Materials Class(N),PipingMaterialsClass=PipingMaterialsClass,1,1,1,8,6158E2B61D526CDCEF4BE5A4E1BADB5C,A6A7787068464496A16AD5375D66E53E,11F19991BCC7B008D34D74977B4A8F82,,,"3""-SW-U110-5060-C1","4""-P-U110-2950-C1",PipeRun,PipeRun,64BAF0523BD0EBA2719E81173A0AA56D
F046A24BEBBE1E001334C3F14E580F7E,Pressure(A) Is Not = Pressure(B),ProcessDesign.Max.Pressure=ProcessDesign.Max.Pressure,1,1,1,5,6158E2B61D526CDCEF4BE5A4E1BADB5C,DDA31F6FA7FE59F615A54B069CF1B22A,CB90CFAEBAD0EFF3E0883C9FC2DB7D9B,,,"3""-N2-U110-1151-C1","2""-SW-U110-2977-C1",PipeRun,PipeRun,64BAF0523BD0EBA2719E81173A0AA56D
4ECA0D557E1D2C34557BD11EDCE91406,W B S N O(null) Is Not = W B S N O(1001),WBSNO=WBSNO,1,1,1,5,88CF47B80E7B23F78DB45AEAF7014E6D,0A79B419B3DEE9F1862361BA6F54FFFE,635016C8C97CC88EE1293280BDF1BD85,,,"2""-SW-U100-6472-A1","6""-N2-U100-7085-C1",PipeRun,PipeRun,096059B5100DF4E1C33DE2437345E3F0
A17090A4AFE40D2FB51E957B9C847248,The connect point is unattached.,,2,1,1,4,FD17C4EE856A5A9FC879CF837029BC67,3EB97FDDC43A8195E3F6C4615C8718D6,,,,,,PipingComp,,64BAF0523BD0EBA2719E81173A0AA56D
8FAF8EA4E55C6FA9032ABEB17221D49F,W B S N O(A) Is Not = W B S N O(B),WBSNO=WBSNO,1,1,1,5,B28529F9BDDAE996DC661E392493AA84,D7953EBE89767E8526E2430088C74234,7A8D6FCDB811C25F54FF88EACE8A63A2,,,"6""-FG-U100-8900-A1",U100-TT-7881,PipeRun,Instrument,096059B5100DF4E1C33DE2437345E3F0
6E0F9493712CD3B337E2C54A2AD34CE3,Tag Sequence No(null) Is Not = Tag Sequence No(10),TagSequenceNo=TagSequenceNo,1,1,1,5,331E6C2270DCE687D4EA54A3CDA45B66,8671775801B90AF9B4CD1035C5DE7AC8,C5D1BABF212901CB22F84B0CE7D7C127,,,"3""-FG-U110-8388-B2","8""-CW-U110-6015-A1",PipeRun,PipeRun,64BAF0523BD0EBA2719E81173A0AA56D
F9C2B145D9960F7B19D1C1F3BFABBF2B,S P_ Commissioning System(null) Is Not = S P_ Commissioning System(1001),SP_CommissioningSystem=SP_CommissioningSystem,1,1,1,5,F56C6C5546336B45BF46D41F257BA3AF,18C65BAB3AE0CF087BC1420F98F76BD8,43FDADAB3074A672D8FA33DAD9E43178,,,"8""-N2-U190-2296-C1","3""-FG-U190-5661-C1",PipeRun,PipeRun,6D8BB49801DABF0F53249CDAD1D1A8C3
3C0EFB6F6BD025D17C44BC920BD54DAE,Temperature(null) Is Not = Temperature(1001),ProcessDesign.Min.Temperature=ProcessDesign.Min.Temperature,1,1,1,4,3527AD6A10D975ABB83E11A13953CC6A,B6344376D858F5F7B7C74EB4DCD1FAFF,4D994E488199F53E3AB97569ACBC37EA,,,"3""-SW-U100-4867-B2","4""-CW-U100-7394-C1",PipeRun,PipeRun,096059B5100DF4E1C33DE2437345E3F0
3FD9AA48556E3021CE455181F70C7B6E,Cannot evaluate consistency,,6,1,1,6,C67509544B54D5060A7EAE7CBB1667B1,5735BDAA7933CCBD8E3B8E3BAFD2812C,,,,"2""-SW-U110-6028-B2",,PipeRun,,64BAF0523BD0EBA2719E81173A0AA56D
AC8ADAFCF9630468502BC8C85B6254F2,The connect point is unattached.,,2,1,1,5,D0C901DDF31E7BEF10FE194B6901709E,97EB286AD007FC64C823D75DA7F4A9CC,,,,,,PipingComp,,096059B5100DF4E1C33DE2437345E3F0
E4B57FC416E0669559C5AB0EC1A77B1D,The connect point is unattached.,,2,2,1,5,F12F76029BAACE8FDD84CE7B4517354C,355F3EE381224701EA7E63A113E28570,,,,,,PipingComp,,096059B5100DF4E1C33DE2437345E3F0
A96B39B4D82ABC2D7F6970C4D917CFAA,Cannot evaluate consistency,,6,1,1,5,0F189CC773B3B551169C36E904073502,9C983671EE060B223E7373F58059CB73,,,,"3""-SW-U110-8353-B2",,PipeRun,,64BAF0523BD0EBA2719E81173A0AA56D
C46B24682E6E472AF40438D386AC428E,The connector endpoint is unattached,,5,1,1,7,91EEA5772E67B7E9C5C69716C5642BEA,4516C3DF03CC85564977332AC11E3E09,,,,"4""-FG-U100-6184-C1",,PipeRun,,096059B5100DF4E1C33DE2437345E3F0
B1EA0705CD8288795606477D865DE782,Pipe Line F R O M(20) Is Not = Pipe Line F R O M(25),PipeLineFROM=PipeLineFROM,1,2,1,6,33639FDC98AAF751C52F0A1670FC755E,0E2B5DF7C650FE5835900C3D7979278D,B3DE739994B3D70187C00E6DB32B653F,,,"8""-CW-U120-4803-C1","3""-N2-U120-2019-C1",PipeRun,PipeRun,C00FC3A0FFB871F69522C7C9D3CA4128
F21E3A8104FB35937D671D9E1FF33EF5,Nominal Diameter(null) Is Not = Nominal Diameter(1001),NominalDiameter=PipingPoint1.NominalDiameter,1,1,1,5,A9058D04C51DCEE9A160B1C6F5571F86,68D03D85A140E2FCC51C017C890F3DF0,BD8E287FED32B0909F9F28272E8749D4,,,"3""-P-U100-9210-C1","3""-FG-U100-5309-C1",PipeRun,PipeRun,096059B5100DF4E1C33DE2437345E3F0
F1551A0367D08F86FCDBAD3044BF1272,Cannot evaluate consistency,,6,1,1,4,C393C5CDE02B4F8045042EE065265D02,96264CD51099BF30B74F19A1EA729B3C,,,,"3""-P-U120-4261-C1",,PipeRun,,C00FC3A0FFB871F69522C7C9D3CA4128
D8E49AA5688DC9A7EA765FB04887F952,The connect point is unattached.,,2,1,1,5,0DD2D6C442A8BB36EBC2C20897C58C6B,EA2BECA9C346DA801FCAFB843912AF4C,,,,,,PipingComp,,096059B5100DF4E1C33DE2437345E3F0
507CA3EBEF69CB62645B65B86FD8D3FB,Cannot evaluate consistency,,6,1,1,5,9980A0541A8FFBA17D024466F71C66B6,E079DA8B905637D410EF77EEFEED5FDD,,,,,,PipingComp,,A6E500CA1BC9D6D1043E4F2EE6CC6F78
C8A3C6CF1292DB9ABB246D35EA387E73,The connector endpoint is unattached,,5,1,1,6,6291B69CCDBF5D0F638861CC79DA3744,580E0672982FD077FF23FB58FDDB73C7,,,,U100-SIG-1243,,SignalRun,,096059B5100DF4E1C33DE2437345E3F0
7863AC549A97D7A7C55AF6E2A2DC7C42,Fluid Code(10) Is Not = Fluid Code(null),FluidCode=OperFluidCode,1,1,1,5,C393C5CDE02B4F8045042EE065265D02,D9BDD4CA3D33526F114ABB9224892839,251CB3B5C511198D78A27A9F859D967C,,,N9,"8""-CW-U120-7285-A1",Nozzle,PipeRun,C00FC3A0FFB871F69522C7C9D3CA4128
25B11E796E5C38AB36103F3B1D48A14B,Oper Fluid Code(P) Is Not = Oper Fluid Code(N),OperFluidCode=OperFluidCode,1,1,1,5,3530C7D7C93B98CF4F3E307F3A02F38C,CC3711DE38197FAF9931E4E3E6F99E8B,1E5953D1A645C4D0103E143C8D8D47A7,,,"2""-N2-U100-9629-A1","8""-CW-U100-6373-B2",PipeRun,PipeRun,096059B5100DF4E1C33DE2437345E3F0
72D122F6B9879E8210CEF91C9D538079,Nominal Diameter(P) Is Not = Nominal Diameter(N),NominalDiameter=NominalDiameter,1,1,1,6,C2DF5D56839629AFC8F152541A0C3236,A1B95204A5E50F514CC211027A14BC7B,A40A1C16DB5AFB7801060135792CEBF5,,,"2""-FG-U120-2420-A1","3""-FG-U120-6356-C1",PipeRun,PipeRun,C00FC3A0FFB871F69522C7C9D3CA4128
DE0119FE7076E178269A9D8BAEEAAE26,Cannot evaluate consistency,,6,1,1,5,601B1D430AA7723D7796BEA4B1BFD84E,0DD3E537F88AF5A3B3923DCB1B523F24,,,,,,PipingComp,,64BAF0523BD0EBA2719E81173A0AA56D
51ADF51E3B208BCCEADA98041C7D8D3E,Fluid System(P) Is Not = Fluid System(N),FluidSystem=FluidSystem,1,1,1,5,2EF0E79D044D93A00CD0EF19C926D782,E6CAE175756F07AC8C58A301E82AA0E6,8E0722F2E516B79F8397BD0D48FA9411,,,"3""-FG-U120-4980-C1",,PipeRun,PipingComp,C00FC3A0FFB871F69522C7C9D3CA4128
63B9A89AB252D41F4E2BF6BCBB920F93,Fluid System(P) Is Not = Fluid System(N),FluidSystem=FluidSystem,1,2,1,5,F080BF4D39D055F1BF81027E490635FB,2B365462F0ACEE70AFCF93B8E51EEDB2,AF09C418E7CBF9B7CB5375F5786BB131,,,"3""-P-U110-3037-B2","8""-P-U110-5320-B2",PipeRun,PipeRun,64BAF0523BD0EBA2719E81173A0AA56D
825C6A04E5AA94158F5743B6998AC223,The connector endpoint is unattached,,5,2,1,6,3A476B6438F1402ED1D87A6E25E76E99,32BFD174F91547A23D106B67EAD3C45A,,,,"3""-CW-U150-1168-B2",,PipeRun,,01DE7FEE8D4CBFB143281F4BD48C69EC
ECE824155941691EA8B42D82AD1476A6,The connector endpoint is unattached,,5,1,1,7,5666596060ECE59F65B4EDF64AB413A3,D6C4A8C39DDEEC5A8F085BA4879E065E,,,,U120-SIG-9335,,SignalRun,,C00FC3A0FFB871F69522C7C9D3CA4128
4C9D00D05CDCC362930B3E444B763947,Temperature(null) Is Not = Temperature(10),ProcessOperating.Min.Temperature=ProcessOperating.Min.Temperature,1,1,1,5,802EAA99A3004FC950D9B1E348DBF83A,1C1D1411EC6F60633507CB8A2BA80CD8,450D4CE14FA038373093BF14806CD36C,,,"4""-N2-U120-3192-C1","6""-N2-U120-4167-A1",PipeRun,PipeRun,C00FC3A0FFB871F69522C7C9D3CA4128
59B9758E6709E33672B88DF52E054CA1,Temperature(20) Is Not = Temperature(25),ProcessDesign.Min.Temperature=ProcessDesign.Min.Temperature,1,1,1,5,982890CC69579D259766E1C1BD00C4BA,64204191FC7491A98F92B5C1A543BAD4,676A7F067C8B9B0D1F1F64BDCB9CE8A3,,,"3""-FG-U100-8038-C1","3""-FG-U100-4709-C1",PipeRun,PipeRun,096059B5100DF4E1C33DE2437345E3F0
B991D953CA7AE7EB1BBA33C350276DFC,Tag Sequence No(10) Is Not = Tag Sequence No(null),TagSequenceNo=TagSequenceNo,1,1,1,5,6151546FAEC5D02EC2BD91CBFCE85343,5438182DBB49D5CC9B722E2B71C4FD4A,CC6C6697DB490B4A30FFE1888997EC20,,,U100-SIG-3926,,SignalRun,PipingComp,096059B5100DF4E1C33DE2437345E3F0
8A768EBA26D0F27325FCFEC369C9D74A,Tag Sequence No(A) Is Not = Tag Sequence No(B),TagSequenceNo=TagSequenceNo,1,1,1,5,982890CC69579D259766E1C1BD00C4BA,8FEEF11AC0536D31E99408A3A2D9DD8E,4D0196AD528A0055151E21A38C354CD5,,,"2""-N2-U100-2975-A1",,PipeRun,PipingComp,096059B5100DF4E1C33DE2437345E3F0
9B78926CDBBCFACF067C93AE13A585E9,The connect point is unattached.,,2,2,1,5,D72F391F0BC698D26CF8D8211F881843,4ABB2FEA9BB53A8C14A8D61EBFFE6FC0,,,,,,PipingComp,,A6E500CA1BC9D6D1043E4F2EE6CC6F78
3E0E9EE28D8EFBB78539C0EC652A2BE2,Tag Sequence No(10) Is Not = Tag Sequence No(null),TagSequenceNo=TagSequenceNo,1,1,1,5,DCDA1BE450F5E80C3409718F053DD006,D0359707505FE91FBA89DC0FACD9921A,54B96C8AB7D57D610F4731747E5C32EF,,,"3""-SW-U100-2527-A1","2""-CW-U100-8973-A1",PipeRun,PipeRun,096059B5100DF4E1C33DE2437345E3F0
4BAB55582CC09172BD3451E7026D84DD,Tag Sequence No(20) Is Not = Tag Sequence No(25),TagSequenceNo=TagSequenceNo,1,1,1,5,AD20A92D054433ABB0EE40B5E810936C,B68653A4BCCB025A64AA5571945E9057,4C1BD6C5AF3C117BFF4289189D58B0E6,,,,"3""-SW-U100-6007-A1",PipingComp,PipeRun,096059B5100DF4E1C33DE2437345E3F0
29F5908CD41D874E588ACDF2BA65E727,The connect point is unattached.,,2,2,1,5,32D5A7A0F8CB998262622F5EC3B3B801,3CADD65179257D7C1285BB6C6666A600,,,,,,PipingComp,,096059B5100DF4E1C33DE2437345E3F0
328F9B32174026CF3E917B2BEB80DDBC,H Trace Medium(P) Is Not = H Trace Medium(N),HTraceMedium=HTraceMedium,1,1,1,5,C654EAD9FBA277BBD42EE858E7F60070,908224F9865E17EA5553862EB52F24B9,CE27352770CFC2342282B4546477EC85,,,"3""-FG-U140-9504-A1","3""-P-U140-8275-A1",PipeRun,PipeRun,D9F0C3193820468A97BD76260565103A
5924326D5FB617890BC702C9A45B6CBB,The connect point is unattached.,,2,1,1,5,9137D87671A897C3C0184D412B13110E,3A714C63D51D41228775662304580608,,,,,,PipingComp,,01DE7FEE8D4CBFB143281F4BD48C69EC
DABD4589AD30DA631B2BD4E930277586,A G P_ Radiography(A) Is Not = A G P_ Radiography(B),AGP_Radiography=AGP_Radiography,1,2,1,5,19960560F2DA3F110D29206C24EC49F4,87EA366A89641EC40FAC8BA063E96624,814B58DAA0668111EC45137DB13A83E3,,,"8""-P-U110-3444-C1",U110-PT-9885,PipeRun,Instrument,64BAF0523BD0EBA2719E81173A0AA56D
C42D193AF2DD3760F40A9726A8ECA084,The connector endpoint is unattached,,5,1,1,5,DECE41AFF321975732B0ECB8FD1DA38D,0BD616BCB646D297A4C7807BD08C4B4B,,,,U140-SIG-8156,,SignalRun,,D9F0C3193820468A97BD76260565103A
CC411FF563E7D9ADB338BEC7FB43A7E2,Piping Materials Class(20) Is Not = Piping Materials Class(25),PipingMaterialsClass=PipingMaterialsClass,1,1,1,5,A25DF03839C936FE596C93845E564096,74768033ECB2FCEEC6AE36EB5C252D30,378DB678EC764DDE0AD9E8206390A50D,,,U100-TT-2420,N4,Instrument,Nozzle,096059B5100DF4E1C33DE2437345E3F0
A4F04188B1F7EBE3B7F1DDA9713F3D71,Nominal Diameter(P) Is Not = Nominal Diameter(N),PipingPoint1.NominalDiameter=NominalDiameter,1,1,1,5,C17051500E11127721BC90AA1D5E74AA,FDBE40963C4C158B2D8D2F1AFE0A6CA9,27BC06E909FD5E773DDB6AE54204F7A7,,,U150-TT-7435,"6""-CW-U150-4382-C1",Instrument,PipeRun,01DE7FEE8D4CBFB143281F4BD48C69EC
5496BCC1200A86A0165A6696E0C7CFF1,Pressure(null) Is Not = Pressure(10),ProcessDesign.Max.Pressure=ProcessDesign.Max.Pressure,1,1,1,5,F26EA8DCAC4FF2ADCAF98D70A22BDE36,9C31B2CDF32B036F218FB6C17189E0E4,DC52E25D8A10C1FBD84BF656E32F0EE5,,,"2""-FG-U100-4414-A1",N12,PipeRun,Nozzle,096059B5100DF4E1C33DE2437345E3F0
62F9B5462AD3FA377DF8FF9ECC24CD3A,Insul Purpose(10) Is Not = Insul Purpose(null),InsulPurpose=InsulPurpose,1,1,1,5,2EF0E79D044D93A00CD0EF19C926D782,BC06DF0257764ECFCA6B8213B6198C3F,EEC3A7BB2283C5887329EAD33780EE6B,,,"2""-P-U120-1157-C1","6""-N2-U120-2119-C1",PipeRun,PipeRun,C00FC3A0FFB871F69522C7C9D3CA4128
1CD603ACA12D7052141FA97E4EEDF61A,The connect point is unattached.,,2,1,1,8,6158E2B61D526CDCEF4BE5A4E1BADB5C,FFC6467B66AD88CC7EA58083BF5C9F26,,,,,,PipingComp,,64BAF0523BD0EBA2719E81173A0AA56D
1743A25E96126C8D52A9E063599AD014,The connector endpoint is unattached,,5,1,1,5,F56C6C5546336B45BF46D41F257BA3AF,F43A665347A9CF2FC1B53CD463A1AE45,,,,"8""-P-U190-1563-B2",,PipeRun,,6D8BB49801DABF0F53249CDAD1D1A8C3
96F80F38129ECD3BC1A604A09C0099E8,Piping Materials Class(P) Is Not = Piping Materials Class(N),PipingMaterialsClass=PipingMaterialsClass,1,2,1,8,3527AD6A10D975ABB83E11A13953CC6A,F78CB50933BF6B2D1F254A9BE3F79520,195489854D611E071A44439A744CCB26,,,"4""-N2-U100-8323-B2","4""-FG-U100-6389-A1",PipeRun,PipeRun,096059B5100DF4E1C33DE2437345E3F0
6AA3BB9567E62CB802BBAAAC03F474C4,Temperature(A) Is Not = Temperature(B),ProcessDesign.Max.Temperature=ProcessDesign.Max.Temperature,1,1,1,5,9980A0541A8FFBA17D024466F71C66B6,FB0FEA1A8AA4E19FA9358584465C2638,3ABE025ABE62936CA1A9D5AD2E9D5F52,,,U130-SIG-5775,"4""-FG-U130-9451-C1",SignalRun,PipeRun,A6E500CA1BC9D6D1043E4F2EE6CC6F78
3305DD2AE15EBF533A85FC85CCF8137D,The connector endpoint is unattached,,5,1,1,5,84881B6622C0E556382A2344B0D1A60A,B9E9189A20B735A4D05BD4B075B43274,,,,U120-SIG-1688,,SignalRun,,C00FC3A0FFB871F69522C7C9D3CA4128
15EEBD5EA43ABCFA948E5FD3015A85DE,Piping Materials Class(20) Is Not = Piping Materials Class(25),PipingMaterialsClass=PipingMaterialsClass,1,2,1,4,6C98AAC7903FD017DAC559B0E9B9CCE5,5B20468126363B1A149FF143C774D77D,5CB6930EF4045B5F005E5DE2AD39CDEC,,,U160-SIG-7925,"4""-FG-U160-2595-A1",SignalRun,PipeRun,01D6B91D5D07C07D22E70FD0038D63D4
B03DA0F43F9C8A91846EB12C7FBC950F,Stream No(P) Is Not = Stream No(N),StreamNo=StreamNo,1,1,1,6,5ACE2C5C7EC6D11D7B085151841A3EA9,12BDB9CD072F4045CBDE659D2CD852D6,5164E58E28BC36F606B216310BDD03F9,,,U100-PT-4511,"2""-CW-U100-6803-B2",Instrument,PipeRun,096059B5100DF4E1C33DE2437345E3F0
ACDE0329BA610C74D4835A863F542E24,The connect point is unattached.,,2,1,1,5,601B1D430AA7723D7796BEA4B1BFD84E,1AD4FA6E908F00211379D8C5A24F176D,,,,,,PipingComp,,64BAF0523BD0EBA2719E81173A0AA56D
AD1EEEB1DE26319DC5F090718ADDF914,The connect point is unattached.,,2,1,1,5,A25DF03839C936FE596C93845E564096,C0A51D3CB7350F68D036AF6C688CDFD5,,,,,,PipingComp,,096059B5100DF4E1C33DE2437345E3F0
D0B86132739217E3C10F712F3B980270,The connect point is unattached.,,2,1,1,5,4D9F984D0ACCA97707860A010D4EB267,58323306CF1870B4F467921FC686EE97,,,,,,PipingComp,,096059B5100DF4E1C33DE2437345E3F0
56B84DA267B659EB4262FC81FCFF9AE7,The connect point is unattached.,,2,1,1,5,AD30B5093008D7E1C969D33AAA9529CF,55E98C3969026BAAAE6C30C1CB4385E6,,,,,,PipingComp,,64BAF0523BD0EBA2719E81173A0AA56D
3ECDA3D0226FB105C22BEDF1C7D968C9,Fluid System(A) Is Not = Fluid System(B),FluidSystem=FluidSystem,1,1,1,5,4D9F984D0ACCA97707860A010D4EB267,8F5EC7FF1E4D1E621C9C05C2BFE48A95,28E2EF77D7C837A32BBDFB98F3D53FA0,,,U100-PT-9851,,Instrument,PipingComp,096059B5100DF4E1C33DE2437345E3F0
BF1DB3C8D0784810B3ADFD220B75A1A0,Cannot evaluate consistency,,6,1,1,4,1E496BD689A5F1E481C9FC401574DA2D,D812D05C908F812A374090D44DFD5805,,,,,,PipingComp,,A6E500CA1BC9D6D1043E4F2EE6CC6F78
BF33DDE99B0D431E0C8B720637DE2045,The connect point is unattached.,,2,1,1,6,6040BC346C6FDD3461209D95E733310F,A25C724E437B7805DD99190E4AC6AA70,,,,,,PipingComp,,C00FC3A0FFB871F69522C7C9D3CA4128
50E6509CB733DF219D4575FF00388407,Piping Materials Class(A) Is Not = Piping Materials Class(B),PipingMaterialsClass=PipingMaterialsClass,1,1,1,6,F080BF4D39D055F1BF81027E490635FB,FB2A02D5B28091B61E864FE09B3352B1,DF45FD0FB0482E9A4644F58754A17F91,,,"8""-CW-U110-4079-A1","4""-FG-U110-6462-B2",PipeRun,PipeRun,64BAF0523BD0EBA2719E81173A0AA56D
1CCB5642886C2ADC676EF0F8497EB77E,The connect point is unattached.,,2,1,1,5,0F189CC773B3B551169C36E904073502,C1471FF783DCE6552E45331A78284234,,,,,,PipingComp,,64BAF0523BD0EBA2719E81173A0AA56D
748480D1C46151D99C344B85B75E4790,Piping Materials Class(null) Is Not = Piping Materials Class(10),PipingMaterialsClass=PipingMaterialsClass,1,1,1,5,F12F76029BAACE8FDD84CE7B4517354C,E893D6F2A69A010D337F927DB28455C3,3D6849E5A7580046F0E09BD18DDF785C,,,"4""-N2-U100-6501-A1","2""-SW-U100-2399-B2",PipeRun,PipeRun,096059B5100DF4E1C33DE2437345E3F0
DDFCD7B25EA74B8C3AE0A2034D490879,Nominal Diameter(20) Is Not = Nominal Diameter(25),NominalDiameter=NominalDiameter,1,1,1,5,09B849AEED982B62E9F3EE29EDEEC671,A43BD79B5430F31AA58A576AFB08E63C,8AD2DF7AE317BFF0EA2156E9A5071747,,,"6""-P-U100-8169-A1","4""-SW-U100-4338-C1",PipeRun,PipeRun,096059B5100DF4E1C33DE2437345E3F0
CB9E1D06B25EEB83DD589EC0136D8AAB,Slope Rise(null) Is Not = Slope Rise(10),SlopeRise=SlopeRise,1,1,1,5,83E64D40A7A72B1B18B15C75E0806435,9D1CFE9661B2EAB912AB47573EE2F415,94668A73056B582861A31EE7FBE3F4B2,,,"2""-FG-U100-1822-A1","2""-FG-U100-4569-C1",PipeRun,PipeRun,096059B5100DF4E1C33DE2437345E3F0
AAA2A4B1D61105AB34771F1EAE9DEE8B,Nominal Diameter(null) Is Not = Nominal Diameter(1001),NominalDiameter=NominalDiameter,1,1,1,5,C654EAD9FBA277BBD42EE858E7F60070,F2E2D9C67FE4EAF567756EE880B5F8AB,44D96326362B99175C2B9822DF57356A,,,U140-LT-8476,"6""-P-U140-7418-A1",Instrument,PipeRun,D9F0C3193820468A97BD76260565103A
6552DF25633099CBE22846A5DFB1E704,Fluid Code(P) Is Not = Fluid Code(N),FluidCode=OperFluidCode,1,1,1,5,FDE23B4165E28F0F5CCF76EA194FDFC1,A7B1AD5D31CABFC99594245B90E359D1,E335C2F144DFD9D2FF04EB0F56BAD6BF,,,"2""-SW-U120-1631-A1","6""-P-U120-9362-B2",PipeRun,PipeRun,C00FC3A0FFB871F69522C7C9D3CA4128
5D41D634BE26405BE76573B05915AC46,The connector endpoint is unattached,,5,2,1,5,FC14EF1DD2710425786CCE66BFF4081A,58D350D65B359BF550FD43E164820D8A,,,,U120-SIG-2301,,SignalRun,,C00FC3A0FFB871F69522C7C9D3CA4128
042D0FEC689516938F6C8FB42ADFA1B7,Inconsistent flow direction,InlineComp.FlowDirectionFlowDirection,3,1,1,7,9DEE39D15FEDC88A61A9009654CCBDEB,B19B59C8383C4AEEB77DC7F53100462C,DC6381F825C8B2ED4976BD20B6160570,,,"8""-CW-U110-2558-B2","6""-N2-U110-5653-B2",PipeRun,PipeRun,64BAF0523BD0EBA2719E81173A0AA56D
AA386E2CF8DEF4BFBE081C886CE5BAE6,Insul Purpose(P) Is Not = Insul Purpose(N),InsulPurpose=InsulPurpose,1,1,1,5,D0C901DDF31E7BEF10FE194B6901709E,20D7FD4DC28C92EDBAC38D6BA61DBE59,D06EF510A4B93BC3B4D297D1C41D728C,,,"3""-SW-U100-2916-B2",,PipeRun,PipingComp,096059B5100DF4E1C33DE2437345E3F0
075390CC9B4A4AC02C1C551E1ED74D96,Stream No(10) Is Not = Stream No(null),StreamNo=StreamNo,1,1,1,5,C2DF5D56839629AFC8F152541A0C3236,D9210DCC40C98E98DBC3EE077868B87A,FBBA2C7ED51929DB2ED59B3498CA2C99,,,"3""-P-U120-4643-B2","2""-FG-U120-4193-A1",PipeRun,PipeRun,C00FC3A0FFB871F69522C7C9D3CA4128
605BBDE1A4819D0CFB1861EBE0A5B797,Insul Purpose(A) Is Not = Insul Purpose(B),InsulPurpose=InsulPurpose,1,1,1,8,DCDA1BE450F5E80C3409718F053DD006,0B6537AD4762BF5F5E3BF39F783B2E49,69E4BDF31FB86DC44DFEEC7D8A3DFFCD,,,"3""-N2-U100-7637-B2",N10,PipeRun,Nozzle,096059B5100DF4E1C33DE2437345E3F0
57AE990901AF3D9641C9374958B638CF,Tag Sequence No(20) Is Not = Tag Sequence No(25),TagSequenceNo=TagSequenceNo,1,1,1,5,DCDA1BE450F5E80C3409718F053DD006,AFABB139DFD0CB707FADDE2A338B11F2,6A493286AFF7F51117B7AF2C94D58095,,,N15,"6""-P-U100-6704-A1",Nozzle,PipeRun,096059B5100DF4E1C33DE2437345E3F0
DEE134C48607FEE04F1FCFBC38A0E3AE,Temperature(P) Is Not = Temperature(N),ProcessDesign.Min.Temperature=ProcessDesign.Min.Temperature,1,1,1,5,D72F391F0BC698D26CF8D8211F881843,DDC317EB30F1D7E0E2F4D0BEE0D192C0,451EC0CF2AC999CEB529F20627593B61,,,N6,"8""-N2-U130-8799-B2",Nozzle,PipeRun,A6E500CA1BC9D6D1043E4F2EE6CC6F78
BE27316D466A47B681A6D4AB66A04491,H Trace Medium(20) Is Not = H Trace Medium(25),HTraceMedium=HTraceMedium,1,1,1,5,A25DF03839C936FE596C93845E564096,65B95867B7E318229244772BADAD1895,010D5E065CAC2F9892231AA8A6387AB9,,,U100-SIG-6081,"2""-CW-U100-2212-C1",SignalRun,PipeRun,096059B5100DF4E1C33DE2437345E3F0
DFCF542B4763D08195846773995FF7E3,Nominal Diameter(null) Is Not = Nominal Diameter(10),PipingPoint1.NominalDiameter=NominalDiameter,1,1,1,4,9137D87671A897C3C0184D412B13110E,CADFF87A3C7BA48582FEF4B7A17EF910,111D53926CBF607F0A75B690B59C738D,,,"2""-P-U150-3565-C1","2""-SW-U150-8711-B2",PipeRun,PipeRun,01DE7FEE8D4CBFB143281F4BD48C69EC
04499FE1CF43EA09B049CAFC40DE8920,Nominal Diameter(A) Is Not = Nominal Diameter(B),NominalDiameter=NominalDiameter,1,1,1,5,66F48B4ADF18024CCCA1094DB63EB67C,E2A70C18FD15851D1FF307105EB9413F,D61AB00EF6A5C0E59B97881051A4D211,,,"6""-N2-U100-4670-B2",U100-P-6594,PipeRun,Mechanical,096059B5100DF4E1C33DE2437345E3F0
4879F7603E25317E73C338146717558A,Cannot evaluate consistency,,6,1,1,5,66F48B4ADF18024CCCA1094DB63EB67C,882BE22173A581A4ACBD33D255F921C4,,,,,,PipingComp,,096059B5100DF4E1C33DE2437345E3F0
AA64D4BCED974A2D8CAD936255267AB4,Tag Sequence No(null) Is Not = Tag Sequence No(1001),TagSequenceNo=TagSequenceNo,1,1,1,4,9DEE39D15FEDC88A61A9009654CCBDEB,880198950D177AF8783256A111AEA090,DB73058C72DD6828243B55FEFC73F557,,,,,PipingComp,PipingComp,64BAF0523BD0EBA2719E81173A0AA56D
B11B93A35ED1C473A480278376573E44,The connect point is unattached.,,2,2,1,5,6158E2B61D526CDCEF4BE5A4E1BADB5C,425675F1FE87A0647A47CA8C45C5650E,,,,,,PipingComp,,64BAF0523BD0EBA2719E81173A0AA56D
29C00567D947271B693BF989CE8C94F2,Supply By(20) Is Not = Supply By(25),SupplyBy=SupplyBy,1,1,1,7,91EEA5772E67B7E9C5C69716C5642BEA,F26D4C48FD3F53C0C2FC368087655CA1,DF1FD4000238B82A0DCB433273C07FE6,,,U100-FT-5154,N13,Instrument,Nozzle,096059B5100DF4E1C33DE2437345E3F0
2BF66B2DA475A77CA19E77046AC076EC,The connector endpoint is unattached,,5,1,1,5,0F189CC773B3B551169C36E904073502,7E335128E179906F511BEB1F0CB33375,,,,U110-SIG-6707,,SignalRun,,64BAF0523BD0EBA2719E81173A0AA56D
520D656FB74A8FA07C8CF5BC46CAD5B1,Temperature(null) Is Not = Temperature(1001),ProcessDesign.Max.Temperature=ProcessDesign.Max.Temperature,1,1,1,7,BC1EB0F397920DFACFB05C10740478BB,466663207C3792069CD319CA578B1710,2096DED8EE923BFB179631FB984B939A,,,,U140-FT-2566,PipingComp,Instrument,D9F0C3193820468A97BD76260565103A
3242982FDC678094084B4BFB634B49CA,Fluid System(A) Is Not = Fluid System(B),FluidSystem=FluidSystem,1,1,1,5,6040BC346C6FDD3461209D95E733310F,A353F7D7013433B7F2E545EE68FBA3B8,8F3ABC61E73D35E289BA87F994F79490,,,,N20,PipingComp,Nozzle,C00FC3A0FFB871F69522C7C9D3CA4128
ADE914962FB9175224CEEB8BEC71B630,Piping Materials Class(P) Is Not = Piping Materials Class(N),PipingMaterialsClass=PipingMaterialsClass,1,2,1,8,306BDAD413B5B8D3A5D97A38517E5EDC,5FB6FB11523BD42E58B86477751B2CC2,122253832468E2C56D66690C1EEBDD00,,,"8""-SW-U100-3747-C1","3""-CW-U100-5839-A1",PipeRun,PipeRun,096059B5100DF4E1C33DE2437345E3F0
B505A80609942EDEFA3670A646CBEE1D,The connector endpoint is unattached,,5,1,1,6,6291B69CCDBF5D0F638861CC79DA3744,BB48E205ACBE01621A9CD7819F1965DB,,,,U100-SIG-6050,,SignalRun,,096059B5100DF4E1C33DE2437345E3F0
74AF5F1BB0D96F0610928C9187857F75,Stream No(null) Is Not = Stream No(10),StreamNo=StreamNo,1,2,1,5,C0EAD0A4B486FE93E092B0A4C66FE67A,F2E60F473ED0A762D0C60FACDC2EF6C1,4619EA7F8B18A51E1CCE121217979325,,,"2""-FG-U120-5256-B2",U120-P-6418,PipeRun,Mechanical,C00FC3A0FFB871F69522C7C9D3CA4128
8DD7690D8ADC40661F60A01F4AEFFC9F,Nominal Diameter(null) Is Not = Nominal Diameter(10),PipingPoint1.NominalDiameter=NominalDiameter,1,1,1,5,FCBF8FEA7A21695AAEDD995555D7C788,5644F5A7E2BFEBAC75BD49C247AC5FD6,9A014706CE58F8DF6BEB08C62A194FF0,,,"6""-P-U110-2506-B2","3""-FG-U110-7206-B2",PipeRun,PipeRun,64BAF0523BD0EBA2719E81173A0AA56D
8042D2D436BF6AE63A3277048B5F3C2A,Piping Materials Class(20) Is Not = Piping Materials Class(25),PipingMaterialsClass=PipingMaterialsClass,1,1,1,5,802EAA99A3004FC950D9B1E348DBF83A,EB715298D7DBCA62797092E75D5C1087,6DFEBD53E9C9720F91ACD02AE0B3CBC2,,,U120-LT-4794,"4""-FG-U120-4482-B2",Instrument,PipeRun,C00FC3A0FFB871F69522C7C9D3CA4128
FB9E31D1D531B30FCB5CA9A086D2180D,Piping Materials Class(20) Is Not = Piping Materials Class(25),PipingMaterialsClass=PipingMaterialsClass,1,1,1,5,A25DF03839C936FE596C93845E564096,89E7E05CFAEAC5F355D021A10452B37E,91DC9EF383CC0AAF4F54E3673BC05B68,,,"4""-SW-U100-5772-C1","3""-CW-U100-1699-B2",PipeRun,PipeRun,096059B5100DF4E1C33DE2437345E3F0
A714614F54AD048FD0B04D1BB6FD4DBD,Supply By(10) Is Not = Supply By(null),SupplyBy=SupplyBy,1,1,1,5,E1DDA8ADB089448852586F3BD32EF577,BDA344749012DD2312E69426623942F4,46C8D4585AD08789C80784ECEBC2C112,,,"8""-SW-U170-8363-A1","3""-SW-U170-6036-C1",PipeRun,PipeRun,FEBE2715D378C22F880205573EA4893C
912989C1E7C5E4A2826AF5A5B90BA100,Insul Purpose(null) Is Not = Insul Purpose(10),InsulPurpose=InsulPurpose,1,1,1,5,EC292D560DA82ACD6C847FF28CA7BFD2,6E5B14F3D1CC6EF5B3A8D3278452E325,5C7F842D766277C002C15B0A815F833F,,,"4""-N2-U170-6171-B2","2""-SW-U170-6233-C1",PipeRun,PipeRun,FEBE2715D378C22F880205573EA4893C
4A29AAA8E1EE76B52EA20DCE1B2EEAE6,Oper Fluid Code(null) Is Not = Oper Fluid Code(10),OperFluidCode=OperFluidCode,1,1,1,5,6151546FAEC5D02EC2BD91CBFCE85343,DE88095D5105FA45FF58320CE86460A9,C92ACB1E050A99157E68C73D46F15021,,,"3""-N2-U100-8642-B2","6""-FG-U100-8041-A1",PipeRun,PipeRun,096059B5100DF4E1C33DE2437345E3F0
